Name,Age,Gender,Location,Daily_Usage_Hours,Sleep_Hours,Interllectual_Performance,Social_Interactions,Exercise_Hours,Anxiety_Level,Depression_Level,Self_Esteem,Screen_Time_Before_Bed,Phone_Checks_Per_Day,Apps_Used_Daily,Time_on_Social_Media,Time_on_Gaming,Time_on_Education,Phone_Usage_Purpose,Family_Communication,Weekend_Usage_Hours,Addiction_Level
Shannon Francis,13,Female,Hansonfort,4,6.1,78,5,0.1,10,3,8,1.4,86,19,3.6,1.7,1.2,Browsing,4,8.7,10
Scott Rodriguez,17,Female,Theodorefort,5.5,6.5,70,5,0,3,7,3,0.9,96,9,1.1,4,1.8,Browsing,2,5.3,10
Adrian Knox,13,Other,Lindseystad,5.8,5.5,93,8,0.8,2,3,10,0.5,137,8,0.3,1.5,0.4,Education,6,5.7,9.2
Brittany Hamilton,18,Female,West Anthony,3.1,3.9,78,8,1.6,9,10,3,1.4,128,7,3.1,1.6,0.8,Social Media,8,3,9.8
Steven Smith,14,Other,Port Lindsaystad,2.5,6.7,56,4,1.1,1,5,1,1,96,20,2.6,0.9,1.1,Gaming,10,3.7,8.6
Mary Adams,13,Female,East Angelachester,3.9,6.3,89,3,0.7,7,1,3,1.1,135,8,3.8,0,1.4,Social Media,7,6,8.8
Hailey Moses,16,Male,North Jeffrey,6.3,6.7,89,3,0.9,6,7,9,0.8,129,9,1.8,2.7,1,Education,7,7.8,10
Veronica Marshall,13,Other,Jenniferport,5.1,6.1,70,2,2.2,5,6,8,1,34,7,2.3,1.6,0.5,Browsing,9,8,8
Edward Avila,13,Male,Leebury,3,9.1,79,0,1.8,1,7,6,0.9,70,13,2.7,2.2,1.3,Education,10,9.1,7.3
James Carter,18,Other,Prestonview,3.9,5.8,89,8,1.1,9,1,9,0.9,121,13,2.7,0.4,1,Other,9,2.9,9.1
Bobby Sparks,18,Female,Cherylburgh,4.9,7,74,5,0.6,4,3,2,0.6,84,20,3.1,0.6,0.8,Other,6,3.5,10
Ruben Walters,14,Male,Lake Mary,1.6,5.9,70,10,1.5,10,8,8,0.9,147,18,1.9,2.7,1,Browsing,7,3.2,9.8
Sarah Nguyen,19,Female,South Heatherton,7.4,5.8,70,4,0.6,4,9,3,1.1,59,19,4.3,0.4,0.4,Gaming,8,9.1,10
Melanie Phillips,17,Female,Port Angelaburgh,8.7,5.5,95,6,1.9,2,8,2,0.7,76,8,4.2,1.3,1.5,Education,5,4.6,10
Edwin Lambert,15,Other,New Emilyberg,6.4,8.5,79,3,0,2,8,9,0.5,50,14,5,1.2,0,Social Media,5,5.6,10
Gregory Hughes,19,Other,Port Charles,4.4,6.6,97,6,1.6,8,10,4,1.2,134,17,2.2,1.5,1.8,Education,4,6.8,10
Matthew Webb,15,Female,Lake Chase,5.4,7.8,87,4,2.3,6,6,9,0.9,36,20,2.6,1.3,1.1,Gaming,9,1.4,10
John Cooper,15,Other,Paulstad,3,6.1,80,5,1.4,1,4,2,1.2,95,16,3,1.9,0.2,Other,7,7.5,10
Amy Greene,19,Female,Port Nicholasberg,7.9,8.5,96,6,0.1,5,2,4,1,58,9,2.2,1.9,1.3,Education,5,3.5,10
Kathryn Perez,18,Male,South Thomas,5.4,5.9,69,4,1.3,2,7,8,0.6,83,19,1.6,1,0.4,Browsing,7,6.1,10
Michael Williams,15,Female,Margaretmouth,3,5.1,83,4,1.1,1,9,4,1.5,58,6,1.7,1.7,2,Social Media,8,6.7,6.2
Patricia Johnson,16,Female,North Scott,2.7,6.3,92,3,1.4,2,9,3,1.7,112,17,2.1,2.6,0.9,Gaming,10,5.7,9.9
Jennifer Davis,14,Other,Port Angelabury,2.7,5.1,60,9,0,4,6,2,1.7,117,16,2.5,1.3,0.2,Education,5,4.8,9.5
Desiree Brady,19,Male,East Amanda,6.9,3.6,79,5,1,5,5,10,0.8,32,7,2,1.3,1.2,Education,7,6.6,10
Mark Crawford,19,Other,Port Alan,4.6,7.2,85,7,1.3,7,6,4,1.1,71,5,1.8,0.8,1.1,Social Media,8,6.2,6
Samantha Sanchez,16,Male,Port Bianca,5.5,5.9,78,5,1.2,1,7,3,0.7,44,14,0.9,1.3,1.3,Gaming,3,3.9,8.4
Kelly Giles,19,Male,West Kimberlyfurt,6.2,4.5,65,3,1.3,5,7,1,1.1,115,10,2.1,1.6,1,Social Media,7,6.6,10
Jeffrey Crawford,19,Male,Shawburgh,4.9,9.3,50,4,0,7,4,1,0.3,117,5,3.5,4,0.9,Education,3,7,10
Tammy Gallegos,17,Female,West Cynthia,6.6,8.1,77,7,1,6,1,3,1.5,147,14,2,1.7,1.6,Education,8,9.2,10
Jared Bridges,19,Other,Jessicaberg,8.6,5.2,63,0,1.1,6,4,8,1.3,72,15,0.2,1.8,0.7,Browsing,9,6.6,10
Bailey Flores,15,Other,Lake Martha,4.1,4.5,59,8,0.8,10,1,8,0.6,32,10,2.2,1,0.5,Education,9,9.3,7.7
Jennifer Hudson,19,Male,Vickifurt,4.2,6.9,86,8,1.7,5,1,9,1,100,15,2.6,2.2,0.9,Browsing,4,6.9,10
Kathleen Friedman,19,Male,Port Ryan,8,5.5,87,7,2.2,1,8,5,1,26,16,3.3,1.3,2.6,Gaming,6,5.2,10
Cynthia Fisher,16,Male,Lake Jamiebury,3.3,5.3,50,4,0,7,1,6,0.3,141,14,0.7,3.2,0,Gaming,5,5.1,10
Amy Carroll,16,Male,South Williamfort,4.7,6.6,59,6,1.5,10,4,7,0.6,123,18,1,1.1,1.2,Social Media,2,0.3,9.6
Monica Roberts,15,Male,West Kristinaview,3.9,6.3,64,9,1.3,6,7,8,0.9,135,11,1.2,1.5,1.5,Social Media,7,2.2,8.4
Laura Steele,13,Female,Burketown,4.4,6.8,62,8,1.4,2,1,10,1.7,66,7,0.9,0,0,Browsing,1,6.9,4.6
Lauren Matthews,13,Male,Christineton,8.3,6.2,65,9,1.3,5,6,8,1.3,144,5,2.3,0,1.5,Other,1,2.9,10
Marcus Stephens,16,Other,Schmitthaven,7.4,6.9,67,0,1.7,6,6,8,1.6,117,16,1.6,0.7,0.7,Social Media,8,4.6,10
Cameron Hansen,16,Female,North Christina,1.7,6.8,68,9,0.8,5,9,1,0.7,107,18,2.4,0.6,0,Education,6,6.2,7
Richard Choi,13,Other,Jasonmouth,6.2,8.3,77,1,0.4,7,2,4,1.1,141,5,3.8,1.4,0.9,Browsing,8,6.2,10
Nicholas Gomez,19,Other,Roberttown,5.2,7.2,96,5,0.1,4,10,3,0.7,119,16,3,1.7,0.6,Gaming,3,6.1,10
Jessica Smith,15,Other,Andreville,3.3,5.3,89,7,0,9,6,9,0.3,77,18,1.1,1,0,Gaming,9,10.4,7.9
Brittany Myers,13,Male,Nguyenfort,6.9,6.2,89,4,1.1,3,2,7,0.3,140,13,3,1.9,0.7,Gaming,9,4.1,10
Alicia White,13,Male,Millerton,6.6,5,88,8,2.1,10,7,10,2,56,20,2.1,1.4,0.4,Education,9,6.2,10
Brandi King,18,Female,Evanschester,1,6.2,60,5,1.4,6,3,10,0.4,25,16,3.1,0,2,Gaming,4,5.8,4.7
Kenneth Travis,17,Male,Castilloside,6.7,4.7,67,3,1.3,10,1,3,0.8,129,6,2.8,0.8,1.7,Gaming,7,9.9,10
James Sanchez,19,Other,Adamsside,7.1,7.1,67,2,0.4,1,1,4,2.6,119,16,2.8,2.4,0,Gaming,4,5.3,10
Tyrone Cabrera,18,Male,New Ericview,4.7,6.5,69,6,1.5,10,3,1,1.3,119,5,3.4,1,0,Gaming,10,4.7,9.2
Curtis Castro,14,Male,East Amber,8.1,7.2,91,6,1.4,8,7,8,0.3,120,13,1.4,2.2,1.9,Education,9,6,10
Steven Chavez,14,Male,Yuport,4.3,5.9,75,4,2.5,5,1,8,2.2,105,17,1.9,1.4,1.4,Other,1,3.1,10
Cody Young,17,Male,Savagetown,3.9,8.4,97,3,0.5,1,7,8,1.2,66,13,4.3,1.6,1,Education,6,4.9,9.5
Victoria Clark,13,Other,Collinston,9,7.3,79,6,1.1,1,1,7,0.8,127,17,3.1,1.5,0,Education,1,6.9,10
Peggy Bond,15,Other,East Laurieview,4.5,7.8,93,5,1,7,7,2,1.3,83,17,2.6,1.2,2.4,Education,8,6,9.5
Candace Anderson,14,Other,Kimberlyburgh,4.4,4.1,56,9,1.7,7,7,1,0.8,129,16,4.9,1.4,0.6,Other,10,6.1,10
Tammy Payne,19,Other,South Thomas,5.9,8.5,87,2,0,4,10,9,1.5,48,6,3,1.5,0.7,Social Media,2,6.5,8.3
Mrs. Lauren Ayala,17,Other,Port Dustin,3.3,6.1,78,2,3.6,2,9,9,1.2,141,17,1.9,1,0.2,Education,8,5.1,9.4
Edward Jackson,15,Female,Davidberg,2.9,5.5,71,1,1.1,9,2,1,0.9,117,10,2,1.6,1.3,Gaming,7,4.6,8.1
Kathleen Hoffman,17,Male,Walkerburgh,3.4,4.7,79,10,0.9,8,4,5,0.6,123,6,3,1.7,0.7,Other,5,7.6,9.4
Kelly Carrillo,17,Female,West Tracey,6.3,7.4,77,8,1.6,4,4,10,1.4,110,8,3.7,1.5,1.9,Gaming,1,3.1,10
Derek York,19,Male,Shafferville,3.7,7.9,89,9,0.7,8,7,7,0.3,92,7,0.9,2.1,0.9,Education,7,2,6
Ashley Velasquez,18,Male,Johnsonstad,4.7,6.9,77,7,0.9,6,10,1,1,105,12,0.7,1.3,0,Education,8,8.3,7.8
Sara Williams,17,Other,Traceymouth,6.7,7.9,54,8,1.3,7,10,7,0.2,84,9,2.2,1.3,1.4,Education,9,7.9,9.7
Linda Fletcher,18,Female,Lake Samanthabury,5.3,7.7,63,1,2.2,10,6,4,0.7,135,6,1.7,2.4,1.6,Other,9,5.7,9.4
Jaclyn Salazar,17,Male,Alejandraburgh,8.7,5.2,87,5,0,4,8,2,1.2,146,10,4,0.6,0.4,Gaming,6,5.9,10
Stephanie Fletcher,17,Other,Port Jonathanside,3.9,8,80,3,1.5,4,5,10,0.3,41,11,2.6,0,1.1,Social Media,2,5.7,5.5
Zachary Parks,16,Female,Bradyton,7.4,6.6,100,3,1.1,2,3,5,1.3,90,19,2.1,0.8,0.6,Other,9,9.3,10
Chelsey Dillon,18,Female,Franciston,6.8,10,98,7,1.7,7,8,3,1.7,72,16,2.4,1,2,Social Media,10,7.6,9.8
Elijah Lewis,18,Female,Candacemouth,7,8,70,5,1.9,8,5,7,0.7,133,9,1.6,0.6,0.4,Gaming,5,1.8,9.7
Joseph Franklin,16,Male,West Lisaview,5.8,7.2,88,5,1,9,9,2,0.7,30,15,2.6,0.7,0.5,Browsing,10,9.7,9.1
Christine Hansen,17,Other,Jamesbury,4.1,5.5,67,2,0.2,1,7,4,0.5,120,16,4.3,2.1,2,Browsing,8,11,10
Kristen Holmes,19,Other,Hickschester,4.9,4.4,86,5,1.8,7,6,7,0.9,90,15,2.5,1.2,0.5,Other,2,4.2,10
Michelle Ellis,18,Male,West Erikashire,4.4,6.6,95,3,1.1,8,1,3,0.6,91,15,2.2,1.6,0.8,Education,1,3.9,9.7
Dr. David Howard,19,Male,South Taylortown,6.3,3,58,8,1.1,5,2,8,0.6,48,6,3.9,1.1,0.1,Other,6,8.5,10
Michael Tucker,15,Male,New Gregstad,5.8,6.9,84,8,2.3,3,9,3,0.5,106,7,3.1,1.2,1.5,Social Media,6,5.5,10
Brenda Lee,13,Female,Morganshire,6.5,7.2,58,10,0.3,9,6,5,1.1,74,6,2.6,2,1.1,Gaming,9,8.7,10
Jennifer Levine,17,Female,West Michael,5.8,7,76,8,1.7,5,5,5,1.7,116,19,3,2.2,2.2,Education,9,3.3,10
Joshua Moore,19,Other,Gonzalezland,5.1,7,64,4,1.5,10,6,7,1.7,140,5,0.5,1.7,0.9,Gaming,2,7.7,7.6
Marcus Gibson,13,Other,East Thomas,5.2,6,87,0,0.8,1,5,8,1.6,79,11,4.2,0,1.2,Gaming,6,3.7,10
Mackenzie Wright,13,Male,Antoniohaven,4.8,8.6,78,8,0,3,3,10,1,51,9,3,2.4,1.6,Social Media,7,7.1,8.7
Christopher Smith,19,Male,Lake Susanport,4.3,4.3,91,6,0,9,8,5,0.9,98,7,2.2,0.6,0.3,Social Media,8,5.2,8.3
Andrew Kim,19,Female,North Cristina,7.6,6.4,88,4,0,6,4,8,1.8,77,15,4.6,0,0,Gaming,7,7.1,10
Rebecca Reynolds,17,Female,Lake Adrianberg,5.5,6.9,65,3,0.4,6,9,9,0.4,82,6,1.6,1.1,0.2,Browsing,4,6.2,7.6
Catherine Bradshaw,15,Other,Sarahfurt,4.8,6.3,76,8,1.6,2,6,7,1.1,136,11,4.8,1.3,1.2,Social Media,8,5.3,10
Tammy Carter,19,Other,Marktown,7.4,6.3,75,6,1.5,9,7,2,0.3,85,9,2.9,2.9,0,Social Media,1,7.6,10
Maria Ochoa,16,Male,South Tonyton,3.8,5.1,85,1,0,8,7,8,0.6,104,10,1.8,0.5,1.3,Social Media,9,9.3,7.6
James Herrera,13,Other,Lake Nancy,7.3,5.6,84,1,0.2,4,1,8,1.2,22,11,2.2,2,0.9,Other,1,4.1,10
Brian Coleman,19,Female,Kevinport,0.7,4.6,64,6,1.3,10,1,9,0.4,146,10,2.2,0.2,1.3,Other,3,5.3,5.7
Gregory Martinez,14,Male,South Adamside,3,6.6,82,0,0.8,1,3,3,0.6,84,6,3.7,2.3,1,Other,9,6.7,8.6
Richard Nichols,19,Other,East Andrewport,4,7.4,83,3,0.3,10,4,4,0.6,55,18,4.1,0.8,0,Gaming,3,7.4,9.9
Steven Tanner,16,Other,Craigstad,8.1,6.8,59,1,0,7,3,1,0.6,129,7,0.7,2.5,1.5,Other,1,5.1,10
Michael Farmer,17,Male,Guerrafort,5.2,6.6,56,10,0.9,6,8,4,0.5,98,16,2.4,1.4,1,Other,5,8.1,10
Keith Ward,18,Other,Parsonsfurt,1.7,6.2,52,8,1.3,2,2,7,1.3,76,17,1.1,1.9,0.7,Social Media,7,6.5,6.5
Aaron Parker,15,Male,Port Maryborough,6.8,7.4,100,9,1.1,6,7,7,1.9,123,11,4.2,1.6,0.7,Social Media,5,6.8,10
Wesley Miller,18,Female,Sherryton,6.4,10,89,0,1.2,9,9,8,0.5,128,9,4.1,3.2,1.4,Education,2,4.6,10
Tiffany Santiago,17,Male,Wilsonton,7.2,7.4,63,7,0.1,2,3,8,0.7,112,11,3.8,0.5,0.5,Social Media,4,2.3,10
Lindsey Sloan,18,Female,Lake Adamfort,3.3,5.7,93,5,1.7,9,6,7,0.1,72,17,3.6,1.2,0.3,Other,10,6.6,10
Kristin Martin,16,Male,East Patrickburgh,4.7,8.5,98,3,0.2,4,5,8,0.1,20,16,2.8,1.3,0.3,Social Media,8,6.2,8.2
Valerie Blevins,18,Female,East Lynn,2.8,7,93,5,0.8,4,5,2,1.5,42,6,2.8,1,0.6,Social Media,10,8.2,5.1
Morgan Mills,16,Female,East Derrick,6.2,8.7,53,1,0.1,7,6,10,0.5,24,12,1.6,2.5,1,Other,7,6.7,8.8
Christian Perkins,17,Male,East Wendymouth,6.7,8.5,91,4,1.4,8,7,2,0.2,49,9,2.1,3.5,1.5,Browsing,8,5.7,10
John Evans,14,Other,Port Pamelatown,2.2,5.1,69,7,1,6,3,8,1.3,24,16,2.6,2.2,1.1,Other,9,7.6,8.1
Ashley Chang,13,Female,Harrisbury,4.1,6.3,57,3,2,5,3,7,0.4,78,13,1.7,2.2,0.3,Gaming,3,5.8,9
Julia Ross,13,Male,Taraland,5.3,5.9,85,9,0.6,6,1,2,0.9,98,14,2.3,2.6,0.9,Education,8,8.9,10
Ashley Foster,18,Female,South Shelleyfort,4.7,3.4,71,1,1.8,7,4,7,1.5,87,9,0.1,0,0,Education,7,6.7,6.6
Katherine Hensley,19,Other,East Angelaland,4.5,7.4,67,9,1.1,10,1,2,0.8,68,11,2.6,1,0.9,Gaming,4,7.4,8
Christopher Watts,13,Male,South Josephstad,5.6,5.8,85,4,0.6,1,2,8,1.4,44,7,2.1,0,1.5,Gaming,7,6.6,7.1
Benjamin Bradley,15,Other,Rhondafurt,7.3,5,67,2,0.5,8,5,5,1.4,77,18,1.2,1.1,0.8,Gaming,4,8,10
Rebecca Edwards,18,Female,Jaredmouth,4.6,9.4,55,2,0.8,2,4,5,1.1,113,7,1.6,1.7,1.6,Education,4,8.6,6.9
Sarah Harrison,15,Other,North Cherylburgh,2,5.9,74,5,0.9,2,9,6,1.1,47,12,2,1.3,1.4,Other,1,4.4,5.7
Kimberly Hooper,14,Male,Bentleytown,1.6,6.1,70,7,0,9,5,1,1.6,42,5,4.8,0.8,1.5,Social Media,3,1.8,6
Melissa Becker DDS,18,Other,East Pamelaside,2,7.5,76,0,1.1,1,7,2,0.9,115,7,1.4,1.9,1.3,Gaming,10,5.6,5.2
John Griffin,16,Male,Loveberg,3,4.7,51,10,3,1,8,1,0.3,42,18,1.7,3.3,0,Education,3,6.7,10
James Alvarez,15,Female,Port Veronicamouth,6.9,3.9,73,9,2.2,1,6,4,0.8,58,16,3.3,2.8,1.8,Education,3,4.9,10
Brad Sanchez,16,Other,Port Samanthaberg,5.5,5.4,63,8,0,5,10,3,2,72,14,1.4,0,0.8,Other,1,8.3,8.4
Cory Santiago,15,Female,Robertshire,6.6,9.5,53,5,1,8,4,1,0.8,121,13,4.5,1.7,2.8,Gaming,6,6.4,10
Shelley Curtis,19,Other,South Brittanychester,8.3,5.7,58,9,1.6,3,1,3,0.1,21,9,1.7,0.8,1.2,Other,10,6.5,10
Cheryl Thomas,18,Other,East Chadhaven,3.6,3.1,56,0,2.4,5,9,4,0.9,80,16,3.2,0.3,1.5,Social Media,7,7.3,10
Meagan Banks,17,Male,Glennshire,5.4,3.1,88,0,0,7,10,10,0.7,29,11,2.9,0.3,0.5,Social Media,3,1.7,9.8
Dr. Elizabeth Porter,19,Other,Mirandaborough,2.1,7.3,71,7,0.5,4,1,4,1.7,54,9,2.5,1.5,1.6,Education,5,2.1,5.3
Monica Shelton,16,Male,Brownchester,7.8,7.4,81,0,1.9,5,6,10,1.1,135,14,3.6,1.1,1.3,Browsing,6,4.5,10
Heather Wilson,14,Male,Chelseafurt,4.3,3.9,64,2,2.9,10,10,6,0.6,119,9,1.1,1.4,1.8,Other,4,6.7,9
Angie White,18,Other,West Maryport,7.4,7.4,80,0,1.1,1,2,3,1.9,57,20,1.9,0.9,1.6,Gaming,10,4.6,10
Grace Mullen,18,Female,West Donna,6.4,7.9,72,4,2,5,6,4,0.7,23,13,0.7,2.4,0.7,Other,3,7.4,8.6
Megan Colon,13,Other,West Jeremy,2,8.4,78,10,1.6,5,1,10,0.4,140,17,2,0.8,2.4,Gaming,1,5.1,6.8
Christine Cunningham,15,Male,Lake Laurastad,2.6,6.8,65,0,1.3,6,5,2,1,26,6,1.8,2.8,1.1,Other,6,9.5,5.5
Sonya Armstrong,13,Other,North Brian,4.4,5,68,7,3.7,2,4,8,1.8,70,18,2.4,1.1,0.7,Browsing,2,5.1,10
Heather Johnson,16,Other,Masonbury,4.8,6.5,57,7,0.7,9,10,8,0.8,68,16,0.5,3.7,0,Education,3,7.9,10
Jennifer Chen,15,Other,Port Anthony,7.7,5.9,75,2,2.2,2,8,10,1,74,16,2.4,2.9,0.9,Browsing,2,4.2,10
Charles Williams,17,Other,Lisaport,4.2,5.6,88,10,0.5,9,6,2,1.1,58,19,3.3,0.4,0.2,Gaming,5,7.1,10
Denise Peters,17,Other,Jonathonfort,4.6,5.7,98,4,0.6,8,5,1,1.1,46,18,2.2,2.5,1.7,Browsing,3,7.4,10
Pamela Torres,19,Male,Swansonhaven,2.9,6.5,94,5,0,8,7,5,1.3,126,15,3.3,1.1,0,Gaming,4,3.4,9.6
Sandra Hanson,14,Female,East Calebburgh,6.8,5.5,55,1,0.6,9,10,10,1.1,129,10,3.2,2.6,0.7,Browsing,8,4.9,10
Donna Shaffer,18,Male,Hugheschester,4.7,5.9,61,10,0.1,10,4,2,2,95,12,3.3,2.4,0.6,Social Media,3,5.1,10
Erin Garcia,19,Female,Nicholsburgh,4.1,7.6,85,6,0.1,3,3,3,0.8,25,20,3,0.2,1.5,Other,3,7.7,8
Amy Smith,14,Female,Port Jordanmouth,0,6,75,0,0.8,5,7,4,1.2,111,7,3,1.6,0,Education,1,3.6,5.2
Megan Knight,15,Female,Kimberlychester,4.3,9.3,61,2,0,7,8,4,0.3,31,5,2.6,2.6,0.8,Other,5,6.4,6.5
Valerie Henderson,13,Male,Melissashire,3.3,8,60,7,0.4,6,6,2,1.6,70,20,3,1.5,0.8,Education,9,4.9,9.2
Austin Nelson,14,Female,Wagnermouth,8,5.8,79,7,1.1,1,1,4,0.7,130,17,1.8,2.4,1.4,Browsing,4,4.5,10
Michael Evans,17,Other,Marioville,5,5.1,90,3,1,6,8,9,0.7,68,18,2.6,2.4,1.3,Browsing,9,8.3,10
Diane Day,18,Other,Lake Rachel,2.5,4.8,51,10,1.3,6,10,1,0.5,83,6,2,0,3,Gaming,5,4.5,5
Brian Mcdonald,14,Female,Meghanfurt,4.8,4,81,0,1.6,9,5,4,1.4,124,18,2.8,2.2,1.4,Browsing,6,4.7,10
Eric Hunter,18,Other,New Julie,5,5.5,71,6,0.4,7,3,10,1,92,14,1.5,0.6,1.5,Browsing,7,9,9
Victoria Huff,16,Female,Donnaside,7.1,3,56,6,0,1,4,1,1.4,116,18,2.2,2.3,2.1,Other,5,4.1,10
Ana Le,18,Female,Cameronbury,7.9,6.5,55,4,0,8,9,5,2,97,11,1.8,0.8,0.3,Gaming,9,2.4,10
Daniel Robinson,14,Male,Parksfurt,7.4,6.4,81,9,0.4,4,10,4,1.4,116,6,1.2,0,1,Social Media,5,3.9,8.9
Justin Collins,15,Female,New Kellystad,2.5,5.4,66,0,0.6,9,8,4,0.6,85,14,1.9,1.2,1.7,Social Media,9,5,7.4
Paula Jones,19,Male,Blackburnhaven,6.4,7.8,62,3,0,6,3,7,0.6,41,11,2.6,3.6,2.2,Other,5,9.4,10
Kathryn Matthews,16,Other,Lake Luis,7,7.9,89,1,0.7,3,10,8,1,56,11,2.4,0.8,0,Other,9,3.2,9.6
Michelle Jones,13,Female,Matthewland,5.1,4.3,63,9,1.3,4,8,6,0,49,6,3,0.8,2.2,Browsing,1,7.9,8.9
Erica Brown,14,Male,Nancyfort,6.9,7.1,98,8,0.2,8,4,8,1.2,54,7,1.3,0.8,0.3,Gaming,10,6.9,7.9
Michelle Perez,13,Female,West Alanfort,4,6.2,59,7,0.2,10,10,1,0.7,114,13,2.7,2.5,0.8,Social Media,5,6.9,10
Steven Davis,16,Male,Sanchezport,6.6,9.4,82,3,1.1,7,4,7,0.3,83,20,0.7,1.8,0.5,Gaming,5,3.5,10
Lynn Smith,18,Male,North Saraburgh,5.7,6.2,77,3,1.6,4,1,8,2,115,12,2.3,1,1.9,Education,3,6.2,10
Maria Fuller DDS,13,Other,South Jamesborough,2.9,5.8,67,9,0,7,3,1,1.1,86,13,2.6,1.7,0.9,Education,8,7,8.6
Sheila Bennett,17,Female,Boothside,4.8,4.1,63,9,1.2,9,7,7,0.3,91,20,1.9,1.6,1.4,Gaming,4,8,10
Elizabeth Harding,16,Female,Wilsonside,7.3,6.3,77,6,0.5,3,5,6,0.7,138,6,2.8,1.7,2.4,Browsing,4,8.6,10
Bradley Jones,13,Female,West Kathleen,4.9,5.6,98,8,0.4,4,2,3,0.5,121,10,4.1,0.7,1.3,Other,1,6.3,10
Juan Carpenter,19,Male,Flowersshire,6.7,5.9,79,7,0,2,9,7,0.2,130,17,2.2,2.1,0.2,Browsing,5,3.1,10
Michael Garcia,19,Other,Prestonfort,2.2,8.2,60,5,2,10,7,3,0.5,70,10,3.4,1.1,2.3,Gaming,2,9.7,6
Michael Parker,13,Male,New Christianfort,3.3,7.6,55,0,0,4,2,6,1.2,47,15,2.8,0,0.6,Browsing,1,7.2,6.2
Alan Torres,14,Other,Port Melvinshire,6.8,4.8,76,6,2.2,2,8,5,0.9,142,12,4,0,1.6,Other,5,7.9,10
Mary Roman,18,Other,Richardbury,5.2,6.6,93,4,0,8,10,4,1.1,36,18,2.5,1.9,1.6,Education,10,7.5,10
Joshua Moore,19,Male,Jamieville,6,3.1,78,1,1,4,4,2,0.6,130,6,2.7,1.8,1.6,Browsing,3,10,10
Douglas Mason,15,Other,New Darlene,5.9,5,74,1,1,9,8,3,0.8,94,6,4.6,2.7,1.2,Gaming,2,4,10
Donna Morgan,19,Female,Kellyton,3.7,4.6,72,0,0.6,4,10,7,1.2,146,18,2,2.2,1.8,Gaming,10,4.6,10
Russell Klein,17,Male,Port Waynehaven,8.4,7.7,57,3,1.4,6,8,5,0.5,49,14,1.3,1.5,1.4,Education,10,4.6,10
Alexander Bailey,15,Other,Jasminville,0.8,7.4,70,7,1.7,9,1,1,0.8,67,10,2.9,0.9,1.2,Browsing,6,8.9,4.2
Jordan Shelton,18,Other,Michelleside,7.2,3,84,4,1.8,3,8,5,0.9,83,8,2.9,2.6,1.6,Education,4,6.4,10
Robert Decker,13,Male,Adammouth,4.6,5.3,91,4,0.9,10,3,6,0.8,129,6,1.6,2.2,0.8,Social Media,6,3.4,9.5
Travis Ponce,19,Male,Port Natalie,2.4,6.8,63,8,0,9,8,7,0.8,50,16,2,1.3,0.9,Other,1,8,6.5
Jennifer Young,16,Female,East Christopher,4.3,6.6,94,9,1,2,10,4,0.8,47,17,1.6,1.4,0,Social Media,5,0.7,8.3
David Logan,14,Other,Duanebury,6.8,6.1,92,8,2,9,1,5,1,46,6,2.1,1.7,1.7,Other,5,2.9,9.7
Jonathan Roberts Jr.,13,Other,Lake Willieshire,6.3,5.4,100,8,2,5,5,3,1.8,30,12,1.6,1.4,1.8,Browsing,5,5.5,9.6
William Wolfe,13,Female,Joneschester,5.3,9.7,52,5,1,3,3,8,1.7,145,9,2.3,1.3,0,Education,6,7.3,8.8
Sharon Smith,17,Other,North Anne,4.4,5.7,99,2,1.2,1,4,10,0.9,58,9,2.5,1,0.6,Other,2,4.3,8
Brittany Kirk,16,Other,New Alicia,8.1,6.7,50,0,2,4,7,7,0.5,63,7,2.1,0,1.8,Other,7,7.2,9.5
Michael Harris,13,Other,Lake Lori,3.6,6,65,9,0.4,5,2,6,1.6,83,11,1.1,2.2,0.8,Education,4,4.5,7.8
Michael Rodriguez,17,Other,Johnsmouth,5,5.5,66,5,0.8,2,10,10,1.4,129,17,2.7,1.6,1.2,Social Media,1,7.1,10
Anthony Andrews,17,Other,Banksshire,4.1,7.2,57,10,0.9,3,10,1,1.4,145,10,1.5,1.7,0.7,Gaming,7,6.7,8.6
Dorothy Patel,19,Other,East Jakehaven,4.3,9.2,53,8,0.5,10,3,10,1.6,47,14,2.7,1.2,0,Social Media,2,5.6,7.3
Diana Hess,18,Male,Mccannshire,4.2,7.6,58,1,1.2,4,2,7,1.1,59,15,2.7,1.1,0.8,Education,9,4.3,8.4
Jeffrey Franklin,18,Male,Sharonside,6.4,4.4,60,5,0.5,7,1,3,0.6,42,10,2.4,1.2,0.4,Browsing,5,5.9,10
Christopher Juarez,16,Female,Peterfort,3.3,7.2,74,4,1.3,2,7,4,1,111,6,2.7,1.8,1.6,Other,6,4.3,7.6
Michael Crane,19,Female,Kerrchester,5.7,8,96,1,0.9,3,4,2,1.5,65,20,3.3,2.7,1.9,Gaming,3,7.8,10
Michelle Scott,16,Other,Taylorbury,5.7,6.2,97,4,1.4,7,2,4,0.8,134,14,2.3,1.5,0,Social Media,5,5.2,10
Brianna Clark,13,Other,Andrewview,1.8,4.1,98,2,1.3,9,6,9,0.5,49,6,2.6,1.9,0.8,Other,5,7.8,6.4
Michael Morris,17,Female,North Michaelland,0.2,5.4,60,5,1.5,6,3,2,2.4,102,17,1.7,1.2,0.1,Gaming,10,6.6,5.8
Alyssa Webb MD,16,Female,Jonesbury,2.7,6.9,55,9,0.7,6,8,6,2.1,139,13,1.6,2.9,0.9,Education,8,7.6,9.1
Holly Williams,17,Male,Lake Sabrinaburgh,4.3,6.7,93,6,0.4,7,9,6,0.8,33,13,2.5,0,1.8,Social Media,8,4,6.7
Audrey Hall,16,Other,Michaelside,4.5,6.5,85,6,0.8,10,8,10,0.5,22,18,4.3,2,1,Education,8,5.7,10
Barbara Hancock,18,Male,Martinport,4.6,5.6,91,6,1.6,3,7,9,0.7,128,14,2.9,0.9,1.6,Social Media,3,3,10
Luke Klein,16,Other,Parkerfurt,7.5,5.9,84,6,1.5,7,9,6,1.6,76,13,2.1,2.1,0.8,Browsing,8,11.5,10
Christopher Newman,16,Other,Brandonbury,5.3,6.1,98,2,1.7,9,4,2,1.1,51,7,3.2,0,0.9,Other,1,6.1,7.9
Eric Bryant,15,Other,Lake Crystalborough,4.9,4.8,73,3,1.8,5,3,2,1.1,105,14,1,0,1,Education,8,4.2,8.4
Kendra Everett,15,Male,Jacksonborough,5.4,6.9,57,10,0.6,9,3,9,1.2,45,5,0.2,1.2,1.2,Education,3,5.9,5.3
Jasmine Lin,14,Other,Ericamouth,0.5,6.2,57,7,1,6,6,1,0.9,73,7,4,2.3,1.2,Education,8,5.7,6.6
David Castaneda,17,Other,North Isaiahbury,7.6,6,100,3,1.4,4,4,6,1,105,9,3.9,0.3,1.3,Gaming,8,9.4,10
Teresa Nelson,19,Male,Hollyton,7.6,3,69,10,0.4,5,7,8,0.5,66,7,2.1,3.1,2,Social Media,5,5.8,10
Ronald Davis,19,Female,Kimberlybury,2.5,5.6,87,9,0.7,8,5,3,1.6,90,12,3.4,1.4,1.2,Browsing,2,6.9,8.7
Brandon Green,19,Female,Debrafurt,5.5,6.4,93,10,0.3,8,10,7,1.5,57,9,3,0.8,0.3,Education,4,9.9,9
Megan Bowman,16,Female,Lake Brian,2.7,4.6,51,6,0.6,4,7,8,1.3,100,12,3.8,1,2.6,Education,6,4.3,9.6
Melissa Castro,19,Male,West Samantha,7,5.4,96,0,0.5,5,9,9,1.2,100,18,2.8,1.8,0.4,Other,9,3.4,10
Alex Valdez,16,Female,South Stephaniebury,5.3,5,83,0,1,7,3,7,1,22,10,2.6,2.7,1.7,Education,9,1.7,10
Fernando Alexander,15,Female,West Melissabury,4.7,5.3,94,1,1.5,9,6,4,0.5,104,12,2.5,1.9,0.9,Social Media,4,4.5,10
Alexandra Lin,19,Other,New Kristen,5.4,4.9,68,10,1.2,1,2,6,0.6,127,12,3.4,1.1,2.4,Other,3,3.3,10
Amber Payne,17,Other,West Melissa,8.5,5.2,63,6,1,9,10,9,1.1,59,17,2.3,2.7,3,Social Media,9,9,10
Kimberly English,17,Other,East Deborahchester,6.2,4.4,56,4,0.9,1,5,6,1.5,46,14,2.2,1.2,0,Browsing,5,2.9,10
Sharon Schwartz,16,Female,Sabrinaton,2.7,5.1,82,9,0.4,3,5,6,0.5,67,17,3.5,0.9,1,Education,2,1.8,9.3
Jeffrey Mendoza,17,Male,Angelaside,3.5,5.1,77,6,1.7,1,1,2,1.2,91,9,2,0.9,1.1,Other,2,7.7,7.5
Devin Hansen,18,Female,North Catherine,3.5,7.2,94,0,0.5,1,6,7,2,84,11,2.7,2.9,0.8,Gaming,10,5.2,9.4
Brandy Miller,14,Male,Lake Raymond,6.6,5,84,4,1,2,6,8,0.4,63,16,1.7,0,1.1,Gaming,5,6.7,10
Adam Turner,16,Other,New Vincent,6.1,7.5,71,10,0.6,7,10,4,1.5,39,20,1.8,1.9,2.6,Education,9,5.8,10
Kathleen Price,17,Other,Emmamouth,3.3,5.6,59,6,0.6,7,4,10,1.2,140,5,2.6,1.7,0.2,Education,9,1.8,8.6
Bryan Horton,13,Male,New Teresa,6.3,7.2,81,7,0,3,4,3,1.9,77,15,2.5,0.4,1.8,Social Media,7,5,10
Tina White,14,Male,Cruzland,6.5,7.9,93,10,1.7,9,4,1,0.6,113,8,4.3,2.5,0.7,Browsing,10,7.1,10
Corey Howell,19,Other,West Colin,4.6,8.4,84,4,1.8,3,4,1,0.5,51,18,4.4,2.2,0.7,Other,9,6.8,10
Matthew Gutierrez,13,Other,Schultzfurt,1.6,6,75,9,1,8,4,4,0.3,62,17,1.7,1.2,0.9,Education,10,4.1,6.1
Jennifer Gomez,18,Male,Jonesside,8.1,7.7,71,5,0.1,9,3,5,1.4,143,6,2.8,0.7,0,Other,9,6.4,10
Amy Ponce,16,Female,East Williamborough,4.7,5.8,51,8,1.3,2,9,7,0.3,60,10,4.1,1.2,1.3,Browsing,6,5,10
Kimberly Mcdowell,15,Other,Elliottton,8.8,7.1,59,10,0.2,10,4,2,1.1,141,14,0.9,0.5,1.2,Browsing,8,5.5,10
Caitlin Cook,17,Female,Floresview,8.9,7,93,9,1.4,9,8,3,0,70,5,1.8,1.8,0.5,Browsing,9,4.4,10
Kyle Mercado,17,Male,Leonardfurt,3,3.5,83,1,1.9,1,4,3,0.6,35,17,2.3,3.3,1,Social Media,1,9.6,10
Daniel Carlson,13,Male,West Tammy,4.5,7.8,74,4,0.6,7,9,3,1.3,104,15,0.8,0,0.9,Browsing,4,4.1,6.5
Kathryn Cox,17,Female,Smithton,5.4,7.5,57,10,0,4,2,2,0.4,80,20,2.5,0.4,1.6,Other,1,5.1,10
Brandon Soto,15,Other,New Jaimemouth,6.3,3,74,10,0.7,6,2,4,0.7,95,8,2.5,0.9,0.2,Education,2,3.1,10
Scott Thompson,16,Female,Markport,5.9,5.8,71,2,2,6,7,1,1.5,76,18,1.4,1.6,2,Other,4,7.7,10
Michael Hopkins,18,Female,North Austin,10.6,9.1,93,8,2.8,10,6,8,1.4,36,7,3.7,1.2,2.5,Other,8,6.3,10
Wyatt Mills,15,Female,Campbellland,4.3,6.3,87,6,1.8,3,9,3,1.1,129,20,1.2,1.5,1.3,Gaming,7,6.1,10
Daniel King,16,Female,Lake Roger,7.9,6.5,61,9,2.1,1,3,7,1.1,49,5,2.6,1.5,2.3,Other,5,5.7,10
Abigail Mitchell,16,Male,Ortegafort,2.8,5.9,57,2,1,6,6,1,1,81,16,1.7,1.7,1,Browsing,2,8,8.1
Russell Pittman,13,Male,Lake Brent,3.8,6.7,60,4,2.8,4,4,3,1.1,24,19,1.3,1.8,0.4,Other,5,7.7,7.8
Stephanie Simpson,13,Other,Alyssaton,5.6,9.4,83,7,0.3,9,9,8,1.2,77,19,1.4,2.5,0.9,Browsing,8,4.3,10
Bianca Williams,19,Female,North Reginahaven,9.7,5.8,76,0,2.6,2,7,9,1.5,100,12,1.7,0.4,0.6,Gaming,7,7.6,10
Joshua Obrien,18,Male,Lawrencefort,4.3,8,74,9,1.4,8,3,4,1.3,22,16,2.6,2.4,1.9,Browsing,1,5.1,8.9
Justin Clark,16,Male,Port Royfurt,5,3.3,98,8,1.5,5,6,7,0,48,18,3,2.2,2.5,Social Media,7,5.2,10
Ryan Fletcher,17,Female,Ashleytown,4.8,10,57,0,0.4,10,4,7,0.2,92,7,2.1,1.3,0.5,Other,7,1.5,6.4
Matthew Floyd,13,Male,Katherineport,4.2,7,62,6,0.4,8,3,8,0.9,68,14,1.8,1.9,1.3,Other,6,4.3,8.6
Kelly Vasquez,16,Male,South Dawn,8.4,7.7,99,5,0.4,6,5,4,0.3,143,6,2.7,0.8,0.9,Gaming,1,8.1,10
Amanda Jacobs,19,Other,Lake Janetborough,6.2,7.9,79,5,2.6,1,4,2,0.7,71,17,0.9,0.6,0.2,Gaming,10,8.1,8.6
Angela Parrish,16,Female,East Kyle,4.8,5.4,82,2,1.3,5,8,2,0.9,39,14,1.4,1.6,0.5,Gaming,7,7.9,8.7
Lauren Flynn,17,Female,Port Marcus,8,7.7,75,1,1,4,6,4,0.2,107,11,2.7,1.3,1.6,Social Media,3,5.3,10
Tara Stevens,13,Female,West Carlos,6.7,3.5,74,10,0,2,7,3,0.6,70,11,0.4,1,0.2,Social Media,7,7.1,10
Joseph Sellers,19,Other,East Paula,7.2,4.4,52,5,0.1,6,2,9,0.5,50,13,1.5,0.3,0,Browsing,5,6.4,10
Daniel Mullen,17,Female,New Rebeccamouth,6,5.6,89,5,0.9,1,7,8,1.6,112,19,2.7,1.8,1.1,Social Media,7,4.7,10
Edward Bradley,17,Other,Port Lindseyberg,7.4,4.6,86,6,0,8,3,9,1.6,90,20,2.3,1.3,0,Social Media,2,7,10
James Mcconnell,15,Female,South Steven,7.5,8.5,82,7,1.2,3,9,8,2.2,45,15,2.2,0.7,1.1,Gaming,3,6.2,10
Emma Hendrix,16,Male,Aprilburgh,7,6.8,77,9,0,10,6,9,0.6,140,10,3.4,1.4,1.1,Social Media,6,5.1,10
Spencer Cook,15,Female,East Kelly,5.8,7.3,77,10,0.4,10,3,7,1.2,74,8,2,1.5,2.1,Education,8,5.9,8.7
Robert Ramirez,13,Female,Lake Brandonburgh,3.9,8,57,9,0.4,1,5,6,2.1,92,10,2.4,0,0.7,Other,1,7.3,6.1
Linda Cooley,17,Other,Lake Rebecca,5.3,6.2,91,6,1.3,6,10,7,0.8,143,16,1.7,0.2,0.7,Social Media,2,7.3,10
Anne Gonzales,14,Male,Lisaland,3,5.6,77,1,0.4,7,7,6,1.4,27,17,4,0.9,0.9,Education,1,5.3,9
Travis Ellis,18,Male,Lake Tonyfort,4.2,6.2,58,4,0.8,6,5,10,0.3,90,14,0.6,0.9,0.9,Browsing,2,7,7.2
Nicole Reynolds,17,Male,West Ryan,7.8,6.6,85,8,2.3,1,4,3,1.7,148,16,3.1,3,1.8,Other,2,6.9,10
Ivan Martinez,18,Other,Sophiachester,5,6.6,82,1,1.3,7,5,5,0.4,25,14,0.5,1,0,Other,1,4.8,6.5
Tara Carter,19,Male,West Michaelland,6.4,5.1,89,10,1,4,8,1,1.5,139,6,2.9,3.2,1,Gaming,5,5.3,10
Alicia Hill,16,Other,Lake Davidfort,4.7,3,83,10,0.9,8,2,9,1,102,5,2.1,1.2,1.4,Social Media,10,6.8,9.5
Victoria Morgan,18,Female,Lake Ashley,6.1,5.3,94,3,1.5,1,7,9,1.2,100,13,3.6,0.8,0.5,Education,6,7.8,10
Joseph Sweeney,13,Other,Reyeston,5,5.4,71,7,0,10,5,9,1.1,83,20,4.1,1.5,0.3,Social Media,2,4.6,10
Maria Mendez,14,Female,Shawnfurt,3.4,8.4,72,10,1.5,6,10,1,1,32,15,2.6,1.4,2.2,Education,10,2.8,6.8
Ruben Adams,18,Female,Brandyview,2,7.1,59,2,1.3,9,9,7,0.9,128,6,2.7,0.8,2,Other,7,9.7,5.7
Robert Morrow,19,Female,Garymouth,6.6,6.9,83,8,0,4,8,3,1.2,40,10,3.4,1.8,1.4,Browsing,8,1.6,10
Jeffrey Dunn,19,Male,Derrickmouth,2,7.9,99,5,1.7,10,8,2,1.4,103,8,3.2,0,2.1,Browsing,8,7.4,4.9
Shane Jefferson,15,Male,Wagnershire,3.5,6.5,100,9,2,8,4,5,0.9,150,12,0.2,2.3,1.6,Gaming,7,2.7,8.1
Christine Webb,14,Male,Rachelside,8,4.8,74,0,1.9,6,4,4,0.8,80,19,3.7,1.8,2.1,Gaming,6,1.5,10
Christopher Walker,14,Other,South Kimberly,7.5,6.2,65,5,0.9,1,9,5,0.5,77,20,1.8,0.6,0.2,Browsing,8,4.9,10
William Lee MD,19,Female,Martinshire,5,7.6,77,1,0.3,6,9,2,1.4,106,18,3.8,2.1,0.8,Other,8,4.2,10
Robin Smith,19,Female,Rebeccaborough,1.6,4.8,83,7,1.4,10,6,10,0.7,20,7,3.3,1.1,0.7,Browsing,8,6.1,5.4
Anthony Young,18,Male,Port Brandon,8.2,5.1,79,8,2.8,9,3,3,0.8,90,19,3.1,1.3,2.3,Other,7,6.3,10
Michael Williams,17,Male,East Kevinville,4,3.3,69,3,1.7,3,3,8,1,142,9,3,0.2,1.7,Gaming,6,10.8,10
Aaron Thomas,17,Female,Markfurt,3.5,10,50,5,0,7,10,7,1,50,11,1.9,0.8,0.6,Education,7,4.3,4.4
Michele Galvan,14,Male,North Robertstad,2.6,7,94,3,2.2,4,4,5,0.9,150,5,1.9,2.5,0.4,Gaming,10,8.3,7.5
Christina Wilson,13,Male,Laurietown,7.6,7.8,93,4,0,7,2,7,1.2,67,19,3.2,2.6,1.2,Other,2,6.8,10
Sandra Bolton,15,Male,West Michael,7.1,9.6,92,10,0.6,3,10,10,0.7,33,5,1,1.2,1.3,Social Media,6,6.6,6.2
Patrick Li,14,Female,North Richard,6.8,5.8,77,5,1.2,5,7,8,1.8,21,5,1.4,1.1,0,Social Media,2,9.7,7.8
Colleen Norris,15,Female,West Nathan,3.7,5.5,57,8,0,2,9,3,1,33,17,3,0.2,0.7,Gaming,7,3.6,8.2
Valerie Munoz,15,Male,Tiffanyton,5.2,5.2,68,9,1.3,5,1,3,0.7,20,13,2.4,1.4,0.5,Education,2,5.8,9.4
Steven Atkinson,14,Female,North Johnstad,6.2,6.2,80,3,0.9,4,9,10,0.2,35,10,2.4,1.4,1.1,Browsing,7,4.2,9.6
Marissa Smith,14,Male,Frankhaven,3.4,7.1,54,3,0.9,10,9,5,1.5,102,15,2.5,0.9,1.5,Gaming,10,8.2,8.3
Jeffrey Coleman,18,Male,Lake Richardside,3.2,5.4,78,3,1.4,4,10,9,0.4,145,17,2.4,1.1,0.5,Social Media,7,4.6,10
Courtney Mcclure,14,Male,Lake Stevenland,3.3,4.9,93,0,0.6,3,4,8,1.5,34,16,2,0,1.4,Gaming,1,2.4,6.7
John Fitzgerald,13,Other,Port Billyshire,4,4.4,58,10,1,9,6,1,0.8,92,14,2,2.8,1.2,Social Media,9,5.9,10
Matthew Schneider,18,Other,Lisamouth,4,8.8,71,8,0.7,10,5,4,1,120,16,1.7,3.7,0.9,Other,3,5.6,10
Bailey White,16,Other,Port Rebecca,4.3,7,55,4,2,6,1,7,0.8,142,13,2.3,1.5,0,Social Media,6,8.2,10
Neil Knight,16,Female,North Johnshire,3.8,6,76,6,0.9,6,2,8,0.8,123,14,3.3,1.6,0.9,Other,10,8.2,10
Rebecca Short,15,Male,Port Christina,2.6,6.7,59,1,1,2,8,1,1.5,50,19,1.2,2.7,2,Gaming,8,6.4,8
Mary Barrett,16,Female,Brockchester,6.3,5.9,88,1,0,9,10,9,0.5,141,11,3.5,1.1,0,Browsing,2,6.7,10
Nicholas Ford,19,Female,Port Jeanfurt,3.3,5,92,10,0,6,6,10,1.7,35,18,5,2.8,0.5,Gaming,6,7.1,10
Brandi Harrison,16,Female,West Elizabeth,5.9,5,88,10,0,1,3,5,0.8,112,15,1.8,1.8,2,Browsing,5,1.8,10
Taylor Sanchez,16,Other,Stephaniechester,2.9,3.3,56,2,1.1,2,7,2,1.5,89,11,2.5,0,0.6,Browsing,5,6.2,7.7
Robert Berry,18,Other,Melissatown,5.5,7.5,97,7,2.1,8,8,10,1.2,118,17,3.4,1.9,0.4,Gaming,8,6,10
Michele Romero,18,Female,East Steven,4.7,7.2,69,4,1.2,8,4,4,0.8,53,11,3,2.2,0.7,Browsing,1,6.2,9.6
Susan Hernandez,18,Female,East Juliaborough,8.6,8.1,72,7,0.6,5,2,3,1.5,101,19,2,2.1,2.1,Social Media,5,2.9,10
Diana Herrera,17,Female,West Tiffanystad,5,4.3,66,9,1,4,7,2,0.5,28,15,5,2.4,0.8,Browsing,7,6.9,10
Kimberly Adams,13,Female,Port Charles,7,5.7,57,3,0.9,2,4,10,1.1,57,12,4.8,1.2,1,Education,7,5.4,10
Steven Horne,16,Male,New Abigailborough,3.4,5.5,61,1,1,2,8,9,1.3,27,12,1.8,0.6,1.4,Other,10,5.5,6
Shawn Moreno,19,Male,Hugheshaven,2.7,7.3,82,8,1.5,10,1,2,1.3,131,10,2.2,0.9,1.7,Browsing,5,6.7,6.8
Claudia Kelly,17,Male,Contrerasburgh,4.6,8.9,93,6,1.3,5,7,7,1,44,8,1,0.8,0.3,Other,4,6.2,4.4
Jason Shaw,19,Female,South Nicole,4.2,7.5,87,5,0.3,9,1,8,0.9,75,8,1.5,3.8,1.6,Other,1,8.3,8.9
Pedro Diaz,17,Other,Wendymouth,4,7.1,98,6,1.9,6,1,8,0.3,79,16,1.8,3.4,1,Education,5,4.9,10
Xavier Ruiz,13,Female,Annafurt,5.3,4.4,68,10,0.2,2,7,6,0.4,136,9,2.7,1.9,1,Gaming,4,10.1,10
Mark Ellis,18,Other,Susanport,3.3,6.7,69,2,0.5,6,4,7,1.6,20,10,1,0,0.2,Education,8,5.4,3.3
Mrs. Jillian Pennington MD,17,Female,New Edwardfurt,3.4,6.2,79,10,1,10,5,2,0.9,109,11,4.3,2.3,2.3,Gaming,7,6.2,10
Joel Simmons,18,Female,Watersland,3.7,6.5,99,1,0.3,5,3,9,0.5,93,6,1,3.3,1.3,Other,3,2.8,7.8
Michelle Williams,18,Female,South Dana,5.2,6.3,76,10,0.8,10,10,5,1,125,20,3,0,0.7,Social Media,3,2.8,10
Bill Lopez,17,Female,Hortonmouth,8.2,7.6,62,10,1.5,2,6,2,0.8,61,10,2.2,0,1.2,Social Media,3,7.7,9.8
David Williams,13,Other,Daughertyshire,6.2,6.1,67,8,0.2,10,10,3,0.8,95,11,2.6,1.9,0.7,Social Media,3,4.2,10
Kimberly Vazquez,16,Female,Carlastad,7,7.4,93,7,2,7,4,8,1.3,94,19,3.1,1.6,1.3,Social Media,2,3.5,10
Kim Christian,13,Male,Millsbury,3.7,5.3,79,3,1.2,8,3,4,1.4,96,7,2.5,1.6,2.2,Browsing,7,5.3,8.5
Michelle Krueger,15,Other,Hernandezbury,8.2,5.1,76,4,1.1,6,1,4,0.9,29,12,2.3,1.4,1.5,Gaming,3,7.5,10
Jessica Herrera,15,Female,North Kellychester,7.5,8.4,95,10,0,8,4,5,1.9,56,7,1.8,2.3,1.2,Browsing,8,5,9.9
John Kim,16,Male,Lake Pamelaberg,2.5,6.7,81,1,1.6,7,1,8,0.6,85,6,1.2,2.1,0.7,Other,5,7.4,5.4
Marcus Walker,16,Other,Brendastad,6,6.7,80,7,1.1,7,1,10,1.7,133,7,2.9,2.2,0,Education,8,5.4,10
Rhonda Hurley,19,Female,Hartmouth,4.8,4.8,59,0,0.8,7,1,5,0.5,55,13,2,1.2,1.5,Other,7,3.3,9.3
Michele Green,16,Female,Williamsfurt,4.5,8.7,57,9,0.3,9,8,1,0.4,147,10,1,0.9,0.3,Other,5,2.8,7
Brandon Sanchez,18,Male,South Raymondmouth,6.2,6.9,67,2,0.3,8,9,2,1.1,122,16,2.3,1.4,1.9,Education,6,4.7,10
Latoya Thomas,18,Other,Angelaburgh,7.8,5.4,91,8,0.9,9,6,4,1,147,11,2.8,1.3,0.9,Browsing,10,2.4,10
Renee Lee,16,Male,West Jenniferfort,6.5,6,85,0,0.1,8,4,9,0.3,108,18,1.4,0.7,0,Gaming,6,5.3,10
Nicole Shaw,17,Other,Robertsside,4.1,10,56,2,0.5,6,2,1,0.8,128,6,1,1.6,0,Browsing,10,8.9,5.5
Kelly Kelly,15,Female,New Charles,4,6.5,87,8,0.2,2,10,9,1.7,59,6,4.1,0.4,0.3,Social Media,1,5.3,7.6
Timothy White,17,Other,Davidfort,3.8,7,96,4,1.4,5,7,7,0.4,128,17,2.4,0,0.4,Social Media,3,5,8.7
Robert Booth,13,Other,West Aaronchester,5.3,5.7,76,0,0.8,9,3,9,0.2,71,19,1.5,2,0.3,Education,9,6.8,10
Kevin Welch,18,Male,New Sherry,2.4,7.2,85,7,0,9,6,8,0.4,40,18,3.3,1.9,0,Gaming,4,4.4,8.4
Rachel Garrett,16,Male,West Vanessaport,3.3,5.7,83,10,0.8,7,5,8,1.6,120,7,2.8,2.9,2.2,Gaming,10,8.1,10
Jennifer Spencer,16,Other,East Claudiafort,6.8,8.5,69,3,0.6,1,3,3,1.7,50,7,3.7,3,0.3,Other,1,5.3,10
Ricardo Maynard,14,Male,Taraport,6.2,5.8,53,2,0,3,6,5,1.7,109,19,2.1,1.9,1.1,Other,5,4.3,10
Victoria Cisneros,14,Female,South Vincentshire,3.9,5.3,63,10,1.3,8,2,7,1.6,141,19,1.3,2.4,0.3,Other,8,3,10
Anthony Sutton,16,Female,Fosterberg,3.7,6.7,53,6,1.9,10,8,7,1.7,26,9,2.3,0,0,Education,7,8.2,5
Jonathan Nash,15,Male,Christinafurt,4.5,5.3,62,7,0,4,1,9,0.6,44,17,1.6,1.7,1,Gaming,7,7.7,9.4
Nicholas Pena,15,Female,Port Robinbury,7.3,4.4,62,0,0.3,10,7,9,1.6,62,14,4.4,2.5,1,Other,8,9.1,10
Thomas Huber,17,Male,New Williamchester,6.9,8.3,83,6,2.4,3,1,1,0.7,107,16,1.4,1.4,1.4,Education,1,8.6,10
Brandon Anthony,16,Male,New Joshua,6.9,8.1,76,10,1,1,5,2,0.4,67,20,0.9,1.8,0.5,Browsing,10,6.5,10
Daniel Reese,17,Other,Lake Danielleburgh,6.8,5.4,75,3,1,9,9,6,0.8,25,20,1.7,0.3,1.6,Other,10,4.1,10
Rose Gordon,17,Male,Port Shaunhaven,4.7,6.9,78,9,1.3,9,2,3,1.2,91,6,2.6,0.9,1.3,Education,8,4.6,7.8
Christina Williams,18,Female,West Tony,4.3,3.8,93,6,0.6,1,7,5,0.6,89,9,2,1,0.7,Social Media,5,4.7,9
Taylor Hernandez,15,Male,Port Andrea,2.2,3.8,94,6,1.2,8,9,6,1.4,100,16,3.5,3.3,1.2,Other,4,6.3,10
Benjamin Taylor,19,Female,East Michaelside,4.3,5.4,56,10,1.6,9,2,10,0.9,144,8,3.3,2,0.2,Education,4,7.7,10
Megan Burke,13,Male,Ryanview,4,6.7,89,9,0.6,5,8,7,1.6,26,20,2.9,1.1,1.4,Gaming,5,6,9.2
Robert Hays,14,Other,East Daniel,9.2,8.3,96,2,1.3,10,3,9,2,95,14,1.6,1,1.9,Education,4,4.2,10
Alexandra Brown,19,Male,Butlertown,6.7,5.8,95,6,0,4,8,10,0.9,53,11,2.4,1.4,1.7,Education,8,2.6,10
Chloe Moore,16,Other,New Ashley,5.3,8.5,99,5,0.5,5,3,9,0.7,85,15,2.6,0.7,1.1,Browsing,5,2,9
Christopher Hamilton,19,Female,North Cindyberg,2.9,8.1,82,0,1.2,1,2,7,1.4,129,5,2.1,2.3,0.8,Browsing,10,7,6.8
Robert Pham,19,Male,Port Lisaville,5.1,9.9,84,9,1.2,4,4,10,0.5,66,7,3,1.2,1.2,Other,7,6.9,7.1
William Watkins,15,Female,Williamsbury,3.2,8.8,79,6,0.8,6,6,10,1.3,75,12,2.1,1.7,1.4,Other,9,5.7,6.5
Vanessa Knapp,18,Male,Colemanville,6.1,7.4,73,6,0.1,2,7,7,1.5,59,5,2.6,2,1.1,Social Media,10,5.3,9.2
Edgar Smith,13,Other,Beverlyfort,3.4,5.4,92,4,2.2,6,1,7,0.7,25,16,2.3,0.8,1.1,Social Media,7,7.4,7.5
Christopher Blevins,13,Male,Port Amandastad,5.7,5.8,95,8,1.1,1,3,8,1.4,64,19,2.5,1.4,1.2,Education,6,9.7,10
Katherine Williams,15,Female,West Dakotaview,3.1,9.2,75,8,1.2,2,10,2,1.3,41,19,3.5,1.1,0.2,Social Media,8,7.5,7.7
Michelle Neal,17,Female,West Danielland,2.6,6.9,86,2,1.6,4,7,5,0.8,44,9,2.2,2.2,2.9,Other,10,5.1,6.2
Lisa Cardenas,13,Other,Jacksonmouth,4.3,6.4,73,10,1.7,5,7,3,0.7,73,9,1,1,1.2,Gaming,4,3.3,6.4
Tiffany Briggs,18,Other,North Jacob,6.7,6.6,95,0,1.2,8,2,6,0.7,93,15,3.8,0.3,1.7,Browsing,2,4.1,10
Christina Gallegos,17,Female,Port Dawn,8.6,6,56,0,2.1,7,10,9,1.3,114,17,2.1,0.1,0.9,Education,10,5.4,10
Lisa Adams,14,Female,North Danastad,3.2,7.3,74,1,0.2,6,8,7,1.4,106,11,1.8,0.3,1.4,Social Media,9,5.3,6
Aaron Anderson,19,Female,Troyburgh,7.1,8.7,100,1,0.7,8,7,5,1,82,14,2.9,1.6,1.1,Education,7,5.8,10
Martin Clark,14,Other,Howardbury,6.8,7.5,84,1,2.7,7,8,10,1.7,116,9,1.3,1.2,1.3,Education,4,7.7,9.7
Peter Nguyen,13,Other,North Michael,8.8,6.8,83,9,0.3,2,2,1,1.4,149,5,3,1,2,Social Media,10,6.3,10
Joshua Williams,16,Female,Omarborough,5,6.6,50,2,0.9,9,3,5,1.1,69,16,3.6,1.7,2.2,Other,7,4.8,10
Terri Walter,17,Male,Bowmanport,5.5,6.8,51,4,1.8,10,1,8,1.1,96,13,3.3,4,0,Other,9,6.5,10
Richard Wilson,18,Female,Markbury,4.6,6.6,99,3,1.7,5,4,7,0.9,43,5,3.2,0.5,2.5,Browsing,10,2.5,6.9
Amy Phillips,15,Male,North Harold,4.8,7.5,68,9,0,4,2,2,0.7,102,11,2.7,1.1,1.2,Browsing,1,5.9,9.1
Drew Mitchell,16,Female,Schneiderbury,4.3,7.1,63,3,1.5,6,5,10,0.9,65,5,0.6,3.1,0.8,Other,7,2.4,6.7
Shane Davis,15,Female,East Alicia,6.4,6.3,89,1,2.6,5,9,9,0.2,31,12,3.7,0.7,1.3,Other,7,4.4,10
Denise Lin MD,17,Male,South Juliaton,2.2,4.9,62,9,0.1,3,4,7,1.4,127,8,3.1,1.5,2.4,Browsing,4,6.1,8.5
Steven Andrade,14,Other,Robertburgh,6.9,7.4,50,5,0.9,5,3,4,0.7,58,20,0.9,1.3,1.2,Social Media,3,6.9,10
Angela Brown,19,Female,Barbarastad,3.8,6.5,91,4,1.6,7,2,8,1.9,134,11,4.3,1.2,1,Gaming,8,7.5,10
Daniel Sherman,18,Male,East Brian,4.1,7.5,93,9,0.9,3,5,6,0.4,25,9,2.7,1.6,1.4,Browsing,6,4.5,7
Makayla Smith,13,Other,Watkinsville,5.1,7.9,51,0,0.5,1,5,4,1.7,115,5,2.9,1.2,0.7,Other,5,7.9,8.5
Jeremy Carter,16,Female,Lake Marybury,1.8,6.7,73,10,1.6,1,9,5,0.7,143,8,4.6,1.8,0.7,Social Media,9,1.7,9.3
Jennifer Rangel,16,Male,Morrisonville,6.1,7.2,56,2,1.2,4,9,4,1.3,99,14,4.2,1.6,0.5,Social Media,2,6,10
Tina Thomas,16,Male,Thompsonport,4.8,7.7,64,9,0.4,2,9,7,1.7,23,8,2.4,1.2,1.2,Other,3,4.8,6.6
Mark Donovan,13,Female,South Keith,8.4,6.6,92,7,1.7,7,10,1,1.7,87,14,0.5,2.5,0.2,Social Media,3,8.4,10
Sarah Frye,13,Female,Port Jillianton,6.5,5.6,58,2,0,5,1,8,0.5,79,9,2.9,3.1,1.2,Social Media,5,6.8,10
Mr. Jaime Martinez,17,Other,Ryanhaven,3.7,6.8,64,2,1,5,4,7,1.9,123,10,2.8,2.4,0.6,Browsing,8,8.5,10
Kelly Briggs,18,Male,East Josephborough,8.9,3.9,91,5,0.7,9,3,4,0.9,33,13,2.7,1.4,3,Gaming,3,5,10
Mrs. Karen Allen,16,Male,Perezfurt,4.1,6.8,52,7,0,9,8,3,1.4,30,7,2.3,2.9,0.7,Other,5,10.3,7.9
Richard White,18,Other,Goodmanton,4.1,4.4,71,2,0,1,3,6,0.4,110,13,2.2,1.3,1.5,Education,7,6.7,10
Alex Schneider,19,Male,West Rachelshire,4,7.2,69,4,1.5,5,7,10,0.9,102,7,3,1.6,2,Other,6,6.3,8.4
Michael Bell,18,Other,Abigailberg,6.8,8.8,56,10,0.9,9,10,7,1.2,132,19,2.5,0.2,1.9,Gaming,8,5.5,10
Angela Allen,15,Other,Lambury,3.1,7.3,77,3,0.3,4,4,2,0.8,128,7,2.7,1.8,0.8,Gaming,10,6.3,7.9
Mrs. Kristina Watson,15,Female,North Janetview,7.6,6.5,88,8,0.6,5,6,4,1.3,134,12,2.1,1.6,1.2,Education,4,12,10
Virginia Brown,19,Male,Smithhaven,5.5,5.2,78,5,1.8,1,3,4,1.1,136,11,2.3,1.4,0.5,Browsing,6,6.8,10
Morgan Williams,16,Other,South William,4.9,3.3,99,10,1,9,1,8,1,60,9,0,1.1,1.1,Other,8,10.6,7.4
Robert Gomez,17,Male,Lisaburgh,6.1,6.1,86,9,1.6,7,4,7,0.1,93,18,3.1,2,0.5,Social Media,4,5.9,10
Anthony Padilla,15,Other,South Cassandra,2.2,3,58,4,0,6,3,10,2,44,14,2.2,0.6,0.8,Education,4,4.1,7.2
Dr. John Sullivan,16,Other,Loriview,7.7,7.3,70,4,0.7,5,8,6,1.5,79,10,1.9,1.6,1.6,Other,4,6.4,10
Holly Adams,14,Male,Samuelfort,1.9,3.9,50,0,1,1,5,9,1.9,41,7,2.8,2.2,0.9,Social Media,6,5.5,7.2
Matthew Lee,14,Male,Castillofurt,5.6,4.1,80,3,1.5,9,9,9,1.7,42,19,2.6,3.6,0.9,Education,9,8.2,10
Karen Smith MD,17,Other,South Johnview,3,8.9,82,2,1.5,6,4,5,1.5,141,7,3.3,0.2,1.1,Social Media,6,6.5,6.3
Madison Jackson,18,Male,East Carlmouth,1.8,5.7,85,7,1,2,10,2,1.5,120,18,2.9,2.8,0,Gaming,7,7.7,10
Benjamin Vance,13,Male,North Gary,4.5,5.2,95,6,0.4,3,6,1,1.4,146,8,3.3,1.5,0.7,Gaming,3,2.5,10
Geoffrey Green,18,Other,New April,3.1,8.1,70,3,0,5,8,1,0.4,55,17,2.3,2.3,1.6,Education,5,5.7,8.1
Alex Cook,16,Male,Martinezberg,5.8,5.7,55,4,1.8,4,6,9,1.3,143,12,1.4,1.2,0.6,Browsing,6,8.5,10
Edward Kemp,15,Female,Johnsshire,7.6,6,63,8,1,9,1,6,0.9,27,19,3.3,4,1.5,Other,6,7.3,10
Erika Brown,15,Female,Lake Alyssabury,6.2,6.1,75,6,0.2,8,3,2,1.2,76,8,2.1,1,1.4,Social Media,6,6.5,9.4
Katherine Kelley,13,Male,Diazmouth,1.4,5.2,77,6,0,8,8,8,0.4,86,11,2.6,2.2,1.4,Gaming,8,4.9,7.5
Mr. Mark Higgins,18,Other,Peterchester,4.4,6.2,56,1,1,1,9,9,0.7,57,17,1.3,2.8,0.9,Social Media,6,1.9,9.9
Charles Lewis,17,Female,Cooktown,7.4,6.5,90,2,2.5,4,1,1,0.6,103,7,1.3,0.6,2,Other,5,3.3,9.5
Matthew Watkins,18,Female,Bryanville,6.5,3.4,84,2,1.2,7,6,10,0.5,26,10,1.8,1.8,0.8,Social Media,9,7.5,10
Michael Walters,17,Other,Mitchellhaven,3.9,4.4,65,10,1.1,3,6,2,0.5,51,16,3.7,1,1.5,Other,6,5.9,10
Luis Nelson,18,Other,Ambermouth,4,5.3,62,6,0.8,7,1,7,0.7,119,8,3.5,1.2,0.8,Social Media,4,4.9,10
David Smith,14,Female,Hallfurt,3.3,8.8,91,10,1.4,1,3,10,1.7,114,5,3.5,0.4,0.8,Gaming,1,8,6.1
Ian Lawson,18,Female,North Charlesmouth,6.5,6.9,53,2,0.9,3,7,5,0.9,64,15,1.8,0.9,1.7,Education,5,4.7,10
Dr. Jason Yates,16,Male,Buchananfort,5.4,3,91,2,2.4,6,4,9,0.4,24,6,4,0.5,1.3,Browsing,5,3.9,10
Melanie Bowman,19,Other,New Timothy,3.1,8,98,10,0.9,4,4,9,1.1,45,19,2.2,0.5,1.8,Education,9,4.5,6.5
Steve Graves,13,Other,Port Nicholasborough,4.4,7.3,77,9,0,10,5,4,0.8,72,9,2.2,1.2,0.5,Education,2,4.9,7.4
Tracy Lynn,15,Other,Marquezview,4.9,5.2,60,9,2,7,9,10,0.1,125,19,2,1.1,2.3,Education,4,7.6,10
Ray Henderson,19,Male,Port Kimberly,5.6,8,73,9,0.9,6,7,9,0.6,75,13,2.1,0.3,0.5,Gaming,1,6.8,8.1
Kurt Gallagher,17,Male,Kathleenbury,6.4,7.1,94,6,1.3,8,5,10,0.9,113,16,2,0.6,1.8,Other,3,3.8,10
Ian Riley,13,Other,Port Stephen,8.7,8.6,97,9,1,10,3,2,0.5,59,5,3.4,2.2,1.9,Social Media,2,9.7,10
Steven Hendricks,18,Male,Rasmussenport,6.7,3.9,90,6,0,10,1,3,1.4,31,14,2.1,1.6,0.3,Browsing,4,4.7,10
Eric Cunningham,14,Other,West Amyfort,8.7,6,87,9,1,1,8,8,0,137,5,1.6,1.3,1,Browsing,6,6,10
Kevin Jensen,14,Male,East Melinda,1.9,3.6,70,3,0.3,5,5,9,0.8,53,11,3.3,1.3,0.7,Browsing,4,1.7,8
Jared Collier,19,Other,Lake Jamestown,7.8,5.3,67,9,1.3,6,4,4,0.9,122,20,2.9,1,0,Education,8,7.3,10
Michelle Hicks,16,Female,Stewartport,3.7,5.9,83,6,1.4,3,1,5,1.2,83,11,1.5,0.9,0.9,Browsing,1,5.9,7
Mr. Brian Garcia,15,Other,Cynthiaville,8.4,5.2,95,2,0.4,9,6,6,0.6,108,14,2.6,2.9,0.1,Browsing,1,2.3,10
Monica Hill,16,Male,North Stevenshire,8.8,7.3,80,10,1,4,3,3,1.1,58,10,3.5,1.9,0.6,Other,3,4.7,10
Peggy Butler,17,Male,New Natalieside,6.2,6.2,64,8,2.5,10,3,3,1.9,41,13,3.4,1.9,1.6,Social Media,8,8.5,10
Ralph Allen,15,Other,New Jessica,3.8,3.9,73,2,1.8,5,1,8,0,85,6,1.5,1.9,1.3,Other,7,6.5,8.2
Robert Foster,15,Other,Smithburgh,6,7.4,57,5,1,9,8,3,0.9,113,18,2.5,0.4,0.6,Education,8,5,10
Sabrina Hicks,15,Other,West Justin,2.4,8.3,100,8,0,6,3,9,0.6,93,18,3.3,0.2,0.9,Social Media,7,3.3,7.2
Tony Smith,14,Female,North Alexis,5.7,5.5,77,6,1.1,10,1,9,1,114,10,3,1.4,2.2,Social Media,5,7.9,10
David Hays,17,Other,South Susan,6.3,6.5,94,8,1.7,7,9,10,0.5,85,5,1.9,0.2,0.8,Education,4,8.7,7.8
Debbie Thompson,17,Other,Martinezborough,6.3,5,74,10,0.1,8,8,9,0.4,24,9,1.8,0.7,0.6,Browsing,2,7.9,8.6
Beverly Carter MD,16,Male,Susanton,0,6.6,66,10,0.5,2,3,6,0.9,136,15,2.1,0.8,1.3,Browsing,4,2.6,5.3
Jeremy Hayes,13,Other,South Lisaborough,6.3,8.8,63,0,0.4,9,3,8,2.1,32,20,1.8,3,2.2,Social Media,3,8.4,10
Curtis Jones,19,Other,Shaneburgh,5.2,7.4,87,9,0.2,6,3,9,1.5,57,13,2.2,0.7,1.8,Browsing,9,6.9,8.1
Jill Wilson,13,Male,Stacychester,3.5,5,97,4,1.1,9,2,5,1.6,34,5,1.1,1.6,1.5,Browsing,8,6.9,5.4
John Elliott,15,Male,Jamesberg,4.5,8.2,57,1,1.7,8,4,7,2,32,18,4.2,2.4,1.8,Social Media,1,3.5,10
Angela Davis,14,Female,West Traceymouth,4.9,6.5,85,10,0,9,8,2,0.9,110,19,3.9,2.1,1.1,Gaming,2,5.4,10
Kevin Davis,13,Other,Juarezmouth,4,4.8,82,8,0,10,10,1,0.7,23,18,2.4,1,0.3,Other,7,6.4,9.1
Rachel Lopez,18,Male,South Davidstad,4.2,5.1,75,5,0.9,7,8,8,0.7,128,11,3,1.7,1.3,Gaming,10,8.1,10
Tyler Silva,14,Male,Robinsonfurt,6.2,6.7,57,1,0.6,5,9,1,1.6,71,19,2.2,0.8,1.6,Gaming,6,6.9,10
Stacey Walker,16,Male,Smithton,3.8,8.8,55,10,0.8,9,1,7,0.5,83,15,3.4,1.8,0,Social Media,5,7.5,9.3
Leslie Price,16,Other,Lake Manuel,4.1,3.6,77,9,2.3,9,2,3,0.8,140,14,2,2,0.5,Education,4,6.3,10
Manuel Moody,19,Other,South Christopher,4.3,6.4,75,10,2,6,2,8,1.6,73,7,0.4,1.5,1.4,Browsing,9,4.8,5.9
Parker Lopez,17,Male,Laurentown,4.7,8.3,97,6,0.2,3,8,6,1.3,119,9,3,0.6,1.1,Gaming,9,5.5,8.3
Catherine Collins,19,Male,North Carlosstad,4.5,5.3,82,9,0,3,3,2,0.7,37,18,0.8,1.7,1.9,Browsing,1,6.8,8.7
Danielle Bush,13,Male,North Christopher,3.5,5.5,58,6,1.5,5,5,9,1.5,70,8,1.7,1.2,0.4,Gaming,10,8.1,6.6
Ryan Haney,18,Other,Matthewmouth,4.1,5.7,79,1,0.6,5,9,3,1,108,19,1.2,0.4,1.3,Social Media,9,4.6,8.8
Natalie Wood,13,Female,Lopezchester,4.9,7.2,56,7,0.5,10,10,8,1.1,42,17,2.8,1.1,2.4,Social Media,1,6.7,9.4
Louis Rodgers,18,Male,East Matthew,7.3,5.4,87,2,2,7,6,7,1.5,134,7,1.9,0.3,1.8,Other,5,4.7,10
Taylor Martin,18,Other,Elizabethport,6.7,6.1,61,1,2,8,8,7,0.6,137,17,2.9,0.8,2.3,Browsing,1,6.1,10
Douglas Fisher,19,Female,Bonnieland,6.5,7.4,51,6,0.8,6,1,7,1.3,108,6,2,1.6,0.9,Other,6,2.9,9.8
Donald Sutton,16,Male,Meghanmouth,7.3,10,94,4,0.5,1,10,4,1.7,122,19,2.1,2.2,0,Browsing,2,7.1,10
Laura Smith,14,Other,New Adamchester,6.8,7.7,53,0,1.2,6,5,2,1.7,55,18,3.2,1.5,0.9,Other,8,7,10
Erika Hill,14,Other,Joannmouth,3.7,7.5,53,6,1.3,7,4,3,0.2,115,18,3.1,1.8,0.4,Other,2,4.5,10
Diane Walters,19,Other,West Rodneyfurt,5,6.9,50,0,0.4,9,9,2,0.7,108,19,1.8,2.3,0,Social Media,3,6.7,10
Madison Thomas,19,Male,Williamschester,6.8,9.4,67,6,0.8,8,1,2,1.3,57,20,1.1,1.1,1,Social Media,6,7.1,9.4
Lindsey Sheppard,19,Male,Brownstad,6.6,8.6,61,8,2,10,9,8,1.3,133,5,1.6,2.1,0.9,Other,7,7.8,9.7
David Williams,13,Male,Lake Amanda,3.8,5.2,75,5,0.9,1,2,7,0,123,18,4.5,0.4,1.6,Gaming,4,3.9,10
Phillip Campbell,19,Male,Martinezberg,3.9,8.4,61,8,1.1,5,7,1,0.4,76,5,1.1,0.6,1.7,Social Media,2,6.3,3.9
Sarah Smith,15,Male,Anthonyland,2.5,6.1,67,9,1.9,3,1,7,0.6,43,19,2.7,1.3,1.3,Education,8,7.9,8.1
Becky Perkins,17,Female,Davidshire,5.5,7.5,90,7,0.9,6,2,2,0.7,55,7,2.5,1,0.3,Other,9,4.4,7.8
Brenda Taylor,17,Other,West Deniseport,3.4,9,56,3,2.1,7,8,7,1,74,12,1.6,1.3,1,Other,5,5.7,5.7
Henry Wilkerson,17,Female,Gilbertburgh,5.9,7.7,81,6,1.6,1,10,3,0.5,136,6,1.3,1.6,0.7,Education,9,3.1,8.9
Dr. Hannah Johnson,15,Male,Lake Anne,6.7,5.1,75,3,0.8,6,7,1,0.5,59,8,3.1,1.5,0.5,Browsing,4,8.7,10
Melanie Villa,13,Male,Anthonyview,5.4,6.2,50,1,1.8,5,7,10,0.8,79,13,2.2,0.6,2.3,Other,8,5.1,9.3
Justin Edwards,18,Other,Cooktown,5.1,7.1,85,8,0.9,1,1,2,0,39,7,2.4,1.3,0.5,Browsing,5,2.2,7.4
Lawrence Miles,16,Other,Taylorview,4,7.1,96,8,1.6,7,2,3,0.3,32,15,3.4,0.4,1.6,Social Media,2,5.8,7.9
William Anderson,16,Male,Lauriestad,2.1,5.2,66,9,1.2,4,9,1,0.7,97,13,3.7,2.6,1,Social Media,2,10.6,10
Julie Watson,17,Other,Nathanielbury,8.6,6,53,6,1.7,2,4,9,0.7,128,15,1.2,1.7,2,Browsing,1,6.4,10
John Potts,17,Male,West Maria,6.2,6.5,58,6,0.9,5,3,3,0.7,109,18,3.2,2.3,2,Education,5,6.1,10
Alexa Simmons,13,Male,Davishaven,3.8,3.7,78,9,2,1,5,9,0.3,64,8,1.7,0.9,1.2,Education,6,9.6,7.4
Jennifer Anderson,14,Male,Ambermouth,7.4,4,96,5,1.5,1,4,2,1.2,146,14,3.2,1,1.3,Other,9,8.6,10
Amber Rodriguez,13,Female,Stephaniestad,5.4,4.3,93,2,1.2,8,10,4,1,38,20,3.5,3.4,0.9,Browsing,8,3.3,10
David Harvey,19,Male,Port Carrietown,5.2,8.6,76,1,1.8,10,3,6,1.1,33,8,2,1,1.6,Other,5,8.8,6.2
Kathleen Hansen,16,Female,East Reneestad,7.2,3.9,60,2,1.7,4,5,10,1.7,26,17,4.4,0.3,2,Education,1,4.8,10
Andrea James,16,Female,Lake Kevin,2.8,6.1,96,7,1.5,8,1,4,1.7,33,13,1.8,1.9,2.2,Education,7,8.1,6.7
Emily Moore,15,Female,Sandrahaven,7.8,7.9,79,4,2.2,2,5,9,1.3,30,15,1.7,0.2,0.5,Browsing,8,5.2,9.3
Logan Ortega,16,Male,Robertsfort,4.7,7.6,58,9,0.4,10,6,9,0.2,98,16,3.5,1.1,0.2,Education,1,9.6,10
Brian Sanchez,19,Male,Courtneyland,5.6,6.1,91,9,1.5,9,7,9,0.2,111,12,2.7,0.4,3,Other,7,2.9,10
Rebecca Williams,13,Male,Port Shawnland,3.8,7.1,99,7,1.1,3,7,10,0.8,26,20,4.1,1.8,0.1,Other,6,6.2,10
Lisa Baker,18,Female,North Brookebury,5,8.5,99,4,0,5,2,6,0,134,15,4.1,1.3,1.2,Education,1,6,10
Jessica Stevens,19,Other,East Bailey,5.2,8.7,51,1,1.5,3,10,8,0.9,81,18,2.6,0.1,0.3,Browsing,3,5.7,8.8
Christopher Juarez,17,Male,Butlerhaven,10.2,10,64,6,2,2,1,1,0.2,73,17,1.6,1,1.6,Social Media,10,5.3,10
Kathryn Bowman,13,Female,Jamieview,1.1,9,98,0,1.1,4,4,1,1.6,132,19,1.7,2.6,1.7,Education,6,5,7.3
Angela Morales,14,Other,South Louis,2.4,6,84,3,0,9,7,5,0.3,65,20,2.1,1.5,1.4,Gaming,8,4,8.3
Allison Lyons,17,Male,Reginafurt,5.5,7.4,93,7,1.3,9,5,5,1.5,81,6,3,1.5,0.6,Gaming,5,5.7,9.1
Tracy Werner,16,Male,East Michaelmouth,5,7.9,100,0,0.3,4,9,8,0.9,26,15,1.6,0,0.8,Social Media,4,8.4,6.2
Erica Lowery,15,Other,South Sarahville,2.2,7.2,79,0,1.5,8,1,3,0.1,56,9,2.5,0.7,0.7,Gaming,6,7,4.7
Troy Flores,16,Male,Lake Erikabury,5.2,7.6,76,9,0.8,9,1,6,1.3,147,14,3.2,0.9,1.4,Gaming,1,7.9,10
Kara Simmons,19,Other,East Lindsey,4.6,6.8,90,4,1.1,1,9,10,0.5,131,14,2.9,0,0,Other,4,3,9.5
Kelly Collier,17,Male,South Rachelfurt,7.6,6.6,76,4,0,7,3,9,1.3,79,12,1.5,2.9,2.1,Other,7,6.8,10
David Gonzalez,16,Other,East Erik,5,6.8,86,6,1.4,3,2,1,0.7,76,13,0.3,0,2.5,Browsing,5,8.2,6
Ronald Mueller,15,Female,Beckfort,4.9,4.7,66,8,1.5,7,4,1,0.9,92,20,1.3,1.1,0.4,Social Media,7,3.3,10
Douglas Powers,14,Other,Douglasfurt,7.1,7.9,84,10,0.5,5,6,6,1.1,110,6,0,3.2,0.5,Education,6,10.2,9.8
Vincent Fischer,17,Female,Thomasport,3.6,4.8,70,6,1.8,6,7,6,1.1,145,10,1.3,0.9,0.3,Other,8,5.3,8.3
David Steele,14,Other,Bestshire,6.4,6.4,77,8,1,2,7,2,0.8,148,10,2.3,1.9,0.5,Education,9,6.4,10
Vanessa Farrell,19,Other,Lake Brenda,4.4,8.7,88,1,0.3,10,4,1,1.1,150,20,3.2,0.1,0.8,Other,4,5.4,10
Benjamin Young,19,Other,Carolineborough,4.8,7.1,50,5,0.7,8,9,7,1.4,108,17,2,0.7,1.2,Education,2,6,9.5
Micheal Barnes,15,Male,Turnerfurt,10.2,4.7,83,0,1.3,2,8,4,1.1,53,16,2.7,2.2,1.3,Gaming,10,7.8,10
Johnny Vargas,15,Female,North Marisaside,5,7.7,70,6,2.6,3,3,7,1,110,20,2.7,0.9,0,Social Media,6,3.7,10
Annette Rodriguez,14,Male,North Taylor,6.8,6.2,87,7,0,1,4,10,0.6,72,5,1,1.1,0.4,Social Media,2,4.3,8.2
Joshua Butler,13,Male,South Taylor,4.1,5,58,5,2.3,10,7,10,0.9,80,20,2.6,1.3,1.4,Other,3,6.4,10
Mr. Paul Chen,15,Male,West Davidfort,7,4.3,53,0,1.6,9,6,5,1.4,133,13,1.7,2.2,0.7,Browsing,2,9.5,10
Leslie Salazar,15,Female,Lake Mariafurt,5.8,6.9,88,2,1.5,2,9,4,0.6,122,5,3,2.4,2,Other,7,6.6,10
Jamie Brown,14,Female,North Chase,4.2,3.6,60,6,0,5,5,9,0.9,137,15,1.7,2.3,1.4,Gaming,4,4.5,10
Andrew Hammond,13,Female,South Timothymouth,4,10,56,2,1.9,5,5,9,0.2,83,6,2.3,0.7,1.3,Other,5,5.5,4.9
Timothy Barber,13,Female,Stewartburgh,4.6,3.3,67,7,1.6,7,1,9,1.1,71,17,1.4,3.4,0.8,Browsing,5,5.9,10
Randall Foley,18,Other,Lake Jacobport,5.4,8.7,91,8,1.7,1,7,6,1.2,58,9,1.8,0.2,0.7,Education,10,5.7,6
Robert Wilcox,15,Male,West April,3.9,6.5,77,4,1.2,8,4,1,0.9,20,7,4,1.3,0,Gaming,9,6.6,7.8
Troy Rodriguez,17,Other,East Christine,4.3,3.8,50,10,0,8,9,6,0.4,73,7,3.4,1.1,0.4,Gaming,3,5.2,9.8
David Johnson,19,Male,East Marktown,3.6,7.2,92,3,1.8,1,5,9,1.5,36,9,3.3,0.1,1.1,Other,1,4.5,5.9
Elizabeth King,15,Male,Carolynland,2.8,8.9,91,5,2,3,3,10,0.7,51,15,4.1,0.3,0.7,Browsing,1,4,6.8
Joe Riley,17,Female,Port Cynthialand,4.3,7.4,91,6,0.7,2,4,1,0.8,24,20,2.9,1.6,2,Social Media,3,6.3,9.6
Christopher Padilla,19,Male,Leeside,8.6,6.6,78,10,0.9,2,8,6,1.1,108,16,2.1,2.2,0.7,Browsing,6,4.6,10
Sarah Butler,18,Male,Lake Stacey,6,4.4,77,8,0.6,7,4,3,0.9,110,12,1.3,0.1,0.8,Education,5,6.6,9.8
Christopher Meyer,14,Male,Port Charles,3,6.1,90,2,0.5,4,2,6,0.3,129,7,3.6,2,1.1,Browsing,5,7.5,9.5
Amber Schneider,17,Other,New Mary,2.7,6.6,82,10,2.7,1,2,7,0.2,94,11,2.4,2.4,0.3,Browsing,5,6.1,8.3
Charles Jackson,13,Other,Christopherberg,7.2,7.5,93,8,0.3,1,3,6,0.4,55,6,1.9,3.1,1.1,Education,5,1.2,10
Brandon Washington,13,Other,East Raymondhaven,3.3,5.2,96,2,1.1,7,3,10,1.3,21,12,1.3,1.3,0.3,Gaming,9,5.4,6.1
Kristin Lambert,15,Female,New Gilbertburgh,5.7,5.8,88,3,0.5,2,5,2,1,81,15,3.2,2.9,0.8,Gaming,10,8.6,10
Lance Ortega,16,Female,Hurstville,2.8,5.1,61,6,1.4,5,4,6,1.3,39,5,1.4,1.2,1.4,Social Media,6,4.6,4.6
Jacob Beard,13,Other,Janicestad,7.1,6.2,100,3,0.9,10,7,5,0.6,119,10,2.1,1.5,0.9,Social Media,7,6.5,10
Joseph Carpenter,13,Other,New Sandra,3.4,7.9,77,10,0,3,6,7,1.4,83,20,1.9,2,0.8,Education,6,2.8,9
Devin Richardson,15,Other,South Kristi,5.8,7.1,91,7,2.2,8,6,10,0.8,76,14,2.6,1.4,0.7,Education,5,4.8,10
James Hopkins,19,Female,Lake Lisaview,3.9,8.9,50,5,0.8,1,5,10,1,50,17,1.3,1,0.6,Social Media,1,6.9,6.2
Whitney Reyes MD,14,Male,Payneport,6.2,6.2,54,1,0.9,8,10,8,1,109,7,1.3,2.6,0,Other,7,6.3,10
Rhonda Craig,13,Female,Rodriguezfurt,0,6.7,66,8,1.9,2,6,5,0.7,122,7,3.6,1.7,1.3,Browsing,3,7.3,5.8
Katie Rodriguez,19,Other,New Kristenland,5.6,8.8,87,2,0.5,4,5,5,1.1,44,18,3.3,2.7,0.7,Gaming,6,8.3,10
Michael Duke,19,Female,Gordonton,2.5,6.6,53,8,1.4,4,10,8,0.6,71,9,2.6,0.6,0.9,Education,1,6.3,5.6
Dennis Anderson,17,Male,Andrewview,8.1,6.4,91,6,0.7,4,8,4,1.2,128,19,1.5,2,1.9,Other,2,5.2,10
Megan Sullivan,18,Male,Lake Sandraborough,3.8,7.2,88,7,1,3,2,9,1.4,65,12,0.7,1.8,0.9,Education,4,6.2,6.4
Michael Alvarez,14,Other,East Michaelchester,9.3,6.3,55,4,1.2,3,1,2,1.3,27,17,2.8,2.5,0,Social Media,8,6.6,10
Carrie Maynard,16,Female,East David,0.4,7.5,86,10,1.3,5,1,4,1.8,59,11,2.3,2.5,1,Social Media,10,9.3,4.8
April Wilkerson,19,Male,Perkinsfurt,3.6,8.3,61,8,0.5,4,8,8,1.3,40,9,3.3,2.2,1.7,Social Media,6,5.6,7.5
Emily Cooper,16,Female,South Garyport,4.1,6.4,76,4,1.7,2,3,2,1.1,123,20,2.7,2.7,1.1,Education,10,7.3,10
Courtney Bennett,17,Female,South Sara,2.3,7.2,71,8,1,8,9,10,0.6,131,15,3.7,1.2,1,Other,1,4.2,9.2
Justin Weiss,19,Male,New Shannonmouth,4.3,4.9,84,8,2.1,9,7,7,1.4,67,10,1.9,1,1.4,Education,9,7.1,8.1
Diane Riley,16,Female,North Grace,4.6,7.3,58,4,0.7,1,10,10,0.7,143,20,3.9,2.1,0.4,Social Media,7,8.6,10
Eric Brown,18,Male,New Thomasville,6.1,4.8,66,0,1.1,1,3,6,1.3,24,20,1.7,2.3,0,Gaming,2,8.1,10
Robin Wilson,17,Female,North Kevin,3.9,8,67,9,2.4,8,1,7,0.4,133,17,1.8,2.1,0.2,Gaming,6,5.8,9.9
Brooke Horn,17,Other,North Joseph,3.9,6.6,72,7,0.1,5,1,7,1,78,8,2.1,0.5,0,Other,9,6.1,6.4
Morgan Johnson,16,Male,Anthonybury,3.8,4.8,53,6,1.9,6,1,7,0.8,29,7,1.9,1.4,0,Browsing,5,4.7,6.7
Melissa Gordon,15,Male,Julieshire,2.2,5.1,65,5,2.3,5,4,2,0.8,148,12,2.5,1.2,1.1,Social Media,4,7.7,8.7
Heather Gonzalez DDS,17,Female,East Samuelland,3.2,3,76,7,1.4,10,4,10,1.7,39,17,2.8,1.7,0.2,Other,4,6.5,10
Matthew Dillon,13,Male,Omarview,6.1,8,50,5,0.8,7,2,2,1.1,22,14,1,1.6,1.4,Browsing,7,5.9,7.9
Megan Morales,13,Male,Ashleystad,7.6,7.2,86,3,1.8,10,3,9,1.4,117,10,1.9,1.7,0.7,Education,5,7.5,10
Lisa Gibson,17,Male,Lake Georgeton,4.5,7.3,91,5,0.8,8,1,8,1.3,135,13,2.7,2.4,1.4,Other,4,6.7,10
Melanie Hughes,18,Other,South Jillmouth,5.9,4.9,57,5,0.2,6,1,2,1.3,21,19,2,2.8,0.3,Gaming,9,7.9,10
Seth Martinez,15,Other,Drakeland,2.2,10,62,6,1.7,1,1,10,1.6,46,14,4.1,3.6,1.3,Education,5,5.2,8.6
Anne Chavez,15,Male,North Jeffreyhaven,5.3,5.7,56,3,0,7,5,6,0.6,104,9,2,1.3,1.5,Gaming,10,6.9,9.6
Patrick Jenkins,18,Other,Lake Rachael,3.4,5.6,93,2,1.7,9,3,7,1,56,15,3,2.1,1.2,Browsing,1,4.8,9.8
Michael Davis,14,Female,East Ronald,6.6,5.1,93,10,0.4,2,3,3,0.4,117,7,2.9,3,1.5,Social Media,10,6.5,10
Sharon Kelly,15,Other,North Michael,6,3,88,7,0.3,9,10,2,0.7,27,8,3,1.2,1.1,Browsing,8,4.7,10
Mr. Brian Huber,18,Male,New Robert,4.7,4.6,73,8,0.7,9,10,1,0.8,65,15,3.7,1,1.3,Social Media,4,7,10
Rachel Diaz,15,Male,Stephenview,5.7,5.4,93,8,0.9,9,10,6,0.9,71,12,2.9,0,0,Other,4,4.2,9.7
Willie Silva,19,Other,East Stephaniehaven,3.2,3.6,72,1,0,4,2,3,1.5,57,8,3.9,2.1,1,Gaming,1,6.2,10
Melissa Anderson,19,Other,Pierceburgh,2.4,5.6,80,7,1.9,8,7,4,1.9,102,11,3.1,1.7,1.1,Other,5,5.7,8.6
Jennifer Cantrell,13,Female,Wallaceville,4.2,6,87,3,1.2,5,7,3,0,22,7,2.8,1.1,1.5,Other,7,10.6,6.9
Daniel Stephenson,15,Other,Nicolefort,7.2,8.4,56,8,0.2,1,8,9,1.5,72,14,2.2,3,0.1,Other,8,6,10
Joyce Johnson,15,Male,East Earl,4.6,6.7,73,8,0.2,1,10,1,1.7,51,7,2.6,0,1,Browsing,4,11.8,6.3
Patrick Robinson,17,Male,Washingtonchester,1.1,7,58,9,1.1,4,5,3,0.8,135,10,2.4,3.3,2.1,Gaming,6,6.6,8
Debbie Alexander,17,Male,New Josephhaven,4.5,4.4,86,9,1.6,9,10,4,1.8,46,13,3.6,0.6,1.5,Other,1,7.7,10
Nathaniel Fleming,16,Other,Port Julieburgh,1.9,6.2,58,0,1.9,2,9,10,1.6,32,14,2.9,3.4,0,Education,7,3.6,8.5
Eddie Maynard,15,Male,West Tylerside,4.1,8.5,91,9,0.8,6,2,5,0,49,15,2.2,1.3,1.9,Social Media,9,4.7,7.3
Ashley Cowan,16,Other,New Barbara,7.3,8.1,58,9,0,9,9,4,0.9,39,18,3,0,1.9,Education,1,6.3,10
Marcus Meyer,17,Other,North Laura,9.1,4.7,59,3,1.7,1,10,6,0.9,135,19,2.2,2.8,0.6,Education,2,6.7,10
Kathryn Miller,15,Female,Danielville,4.8,7.8,62,10,2.4,7,6,6,0.6,52,12,2.3,2,1.5,Other,4,4.1,8.6
Rachel Mills,13,Other,Melissaside,5.9,7.5,98,5,1.7,1,4,2,1.8,108,18,1.1,0.3,0.3,Gaming,3,5.6,9.3
Maurice Jones,19,Female,Jeffreyburgh,4.1,4.2,83,2,0.2,9,7,3,0.7,101,6,2.3,0.6,0.1,Social Media,8,8.5,8.1
Jennifer Watson,18,Other,North Christie,1.5,8.6,60,8,1.5,3,8,8,1.8,119,15,4.3,3.2,2.2,Browsing,8,3.2,10
Barbara Joseph,19,Male,West Martin,5.4,4.7,91,2,1.9,4,10,1,1.1,126,13,5,1.4,2.6,Social Media,3,3.8,10
Derek Boyd,17,Male,East Valerieberg,2.3,7.1,64,5,0.7,4,5,8,1.5,140,18,2.7,0.4,0.6,Other,1,4.5,8.2
Terri Ruiz,19,Female,Bonillaborough,5,6.5,55,7,1.2,8,9,7,1.1,32,9,1.8,3.3,0,Gaming,3,6.4,9.3
Mr. Zachary Randall,17,Male,East Colleenburgh,4.2,7.9,67,3,0.7,9,7,1,0.8,56,19,2.4,1,0.7,Social Media,10,7.4,8.6
Mrs. Sarah Adams,15,Female,Donaldtown,0.2,5.4,78,4,1,9,8,4,1.5,102,14,1.6,0.3,0.4,Social Media,2,7.7,4.2
Olivia Walker,15,Male,Christinestad,8.6,7.4,68,1,1.3,5,5,9,0.5,31,5,3.9,2.7,1.5,Browsing,7,4.4,10
Maurice Burns,18,Female,East Elizabethtown,4.2,7,96,6,0.9,5,9,7,0.4,128,8,1.4,1,0.7,Social Media,9,8.1,7.3
Danny Griffin,19,Other,Jeffreytown,4.3,6,59,8,0,10,2,8,0.6,20,19,3.4,2.3,1.6,Gaming,3,6.5,10
Ivan Dillon,17,Female,Danieltown,5.4,5.1,75,10,0.3,2,2,7,1,66,19,2.6,0.8,1.6,Social Media,3,2.8,10
Charles Hendricks,13,Male,Danielfort,6.3,5.3,82,7,0.5,3,6,8,0.4,45,19,2.5,3,0.2,Browsing,1,3.7,10
Robert Bond,17,Male,Harttown,7.2,8.4,97,4,1.7,9,4,5,1.2,33,11,2.4,4,1.6,Other,5,4.8,10
Michelle Sweeney,13,Female,West Caitlynview,6.7,6.6,68,5,0.1,3,3,5,1.4,134,14,2.6,2,1.6,Other,8,4.8,10
Timothy Williams,16,Female,West Christina,7.3,7.1,84,1,0.5,4,2,10,1.5,92,13,2.9,2.3,1,Other,10,6,10
Karen Bailey,14,Female,West Karinafurt,5.2,5.3,80,9,0.8,10,2,8,1.1,80,14,4.4,3.2,1.8,Gaming,8,8.8,10
Maxwell Garza,18,Female,Port Jennifer,5.7,9.9,91,9,0.8,5,7,7,0.9,29,14,1.4,2.8,1.5,Education,3,9.2,8.3
Kenneth Gray,16,Other,North Johnny,4.6,8.8,96,1,1.5,3,8,9,1,25,14,1.3,2.3,1.2,Social Media,2,5,7.1
Grace Zimmerman,16,Male,East Larrychester,3,7.8,62,4,0,2,7,6,0.6,36,14,1.7,2,0.6,Browsing,8,10.6,6.3
Tara Berry,13,Female,New Ian,3.1,6.8,53,10,1.4,2,7,9,0.4,33,15,2.6,1.4,1.1,Other,9,6.8,7.4
Steven Gardner,13,Female,Port Kimberly,4.3,6.5,88,4,0.4,1,4,7,1.7,82,9,4.1,2,1.3,Other,7,2.8,10
Courtney Adams,18,Male,Manuelhaven,4.4,7,76,8,0.7,2,7,5,1.4,111,20,4.8,1.4,1,Other,8,5.7,10
Julia Rogers,16,Female,Desireeland,10.5,8,97,10,2.2,7,9,8,1,128,16,1.9,0,0.9,Social Media,10,3.7,10
Margaret Williams,16,Male,Michelleton,2.1,7.6,95,10,1.4,9,4,10,1.1,145,11,1,1.5,1,Education,4,0.9,5.9
Mariah Walsh,18,Other,East Matthew,5.4,4.2,80,10,0.7,10,5,6,1,129,20,3.9,1.4,0.3,Education,3,5.3,10
Eric Williams,13,Other,East Elizabeth,4.4,5.2,72,10,1.4,1,9,10,0,145,13,2.6,0.8,1.8,Other,2,3.3,10
Lauren Martinez,14,Male,Smithport,1.9,4.6,56,1,2.6,6,6,1,1,101,15,2.1,2.4,1.8,Browsing,6,7,9.1
Deborah Goodman,15,Other,Eatonton,6.4,5.8,86,9,0.4,5,6,1,0.7,101,14,2.7,1.3,1.7,Browsing,1,5.1,10
Joseph Arnold,16,Other,Ernestburgh,4.9,7.1,66,7,2.1,10,1,6,0.6,40,18,4.3,3.1,1.2,Browsing,4,5.2,10
Kristina Morgan,16,Female,Annstad,4.3,7.3,95,9,2.1,4,3,3,0.7,130,16,3.8,0.6,2.5,Browsing,7,6.2,10
Mckenzie Ball,17,Female,North Billyhaven,6.1,6.6,52,10,0.9,7,4,1,0.9,39,18,3.6,1.1,1,Education,2,4.1,10
Joseph Rodgers,19,Male,Lake Rachelville,3.9,7.7,58,9,0,4,7,7,0.9,51,16,2.7,1.4,0.8,Education,9,3.4,8.4
Dustin Wood,17,Male,Andrewside,6.2,8.3,59,2,1,3,1,9,0.8,123,16,2.7,2.1,0.8,Gaming,9,7.5,10
Katherine Estrada,19,Other,Mooreburgh,3.2,4.2,67,5,0.1,7,2,3,1.5,89,9,3.1,1.1,0.9,Other,9,0.7,8.9
Rachael Brown,16,Female,Port Tommyview,3.9,6.3,59,2,0.7,5,2,2,1.2,120,18,5,4,2.5,Education,10,4.3,10
Brian Alvarez,16,Female,Hartland,9.1,5.8,99,8,2.2,4,7,1,1.7,36,16,2.2,2.6,0,Social Media,9,7.6,10
Brittney Myers,17,Male,Nicolechester,2.8,6.4,68,10,0,1,7,5,1.3,108,17,1.9,0.9,0.6,Social Media,1,4.4,8
Kenneth Rios,18,Male,Sierraville,8,7.5,76,5,0,2,4,3,0.6,83,9,3.4,1.3,0.7,Social Media,8,5.9,10
Steven Hill,19,Other,Patrickberg,6.7,5.9,72,1,1.1,1,3,10,1.6,75,16,2.3,2.7,0.3,Education,5,9.3,10
Mitchell Kline,15,Other,Nicolehaven,5.7,6.7,74,5,1.1,1,6,10,1.7,54,5,2.1,3.9,1,Gaming,8,4.9,10
Shannon Ford,17,Male,Gonzalezport,7,7,98,3,1.8,5,1,5,0.4,119,15,2.3,1.8,1.9,Social Media,5,5.6,10
Charlotte Hudson,16,Other,Jamestown,7.4,5.4,80,10,0.6,3,9,2,0.8,148,19,4,0.6,0.5,Other,6,6.2,10
Teresa Thompson,16,Male,Robertville,6.8,4.6,87,3,0,2,4,6,1.1,55,6,4.9,2.2,0.8,Gaming,9,5.6,10
Linda Matthews,19,Female,Millerport,8.1,6.9,78,4,0,4,1,4,0.2,103,12,1.7,1.2,0.4,Other,2,6.8,10
Gregory Washington,15,Other,Hollymouth,4.7,6.8,86,8,1.1,4,2,4,0.4,105,5,1.8,0.9,0.7,Browsing,7,4.6,7.1
Matthew Miles,14,Male,West Andrewchester,7.5,7.8,71,9,0.2,9,7,1,1.3,22,8,1,0.1,1.5,Browsing,8,9,6.7
Judith Snyder,13,Male,Kimberlyfurt,3.7,5.8,67,8,1.5,8,1,5,1,60,20,2.7,1,1.5,Social Media,10,8.6,9.7
Scott Ramirez,14,Female,Williamsbury,5.3,3.4,83,1,0.6,3,6,4,1.9,144,12,2.2,1.6,1.1,Browsing,7,4.9,10
Alfred Crawford,17,Other,West Eric,5.2,7.8,75,8,4,5,9,4,1.4,134,15,1.5,1.8,0.2,Other,6,5.7,10
Jose Williams,16,Female,North David,2.4,4.2,53,10,1.1,4,7,4,0.8,108,10,1.9,1.6,1.1,Browsing,8,3.9,8
Jerry Acosta,18,Other,Allenborough,0.5,5.3,89,8,1.3,10,9,4,0.4,43,5,1.7,1,1.1,Social Media,1,5.3,2.4
Lori Henry,16,Male,East Janettown,7.6,7.9,87,4,0.2,9,3,4,0.6,146,14,2.8,1.1,1.9,Education,2,6.4,10
Darin Macias,14,Female,Swansonbury,7,7.1,52,2,0.8,9,4,5,1.3,148,6,3.4,0.1,1.2,Browsing,10,5.7,10
Dennis Mcneil,19,Female,Harrisport,3.6,7.8,59,9,0.3,1,7,1,1.7,85,16,4,1.2,0.7,Other,5,8.1,9.8
Susan Martinez,17,Other,Ronaldbury,6.2,6.3,67,8,1.7,9,6,9,1.6,47,20,0,1.1,0.5,Education,6,6.2,9.1
Christopher Jackson,16,Male,South Nicoleside,8.3,6.9,97,0,0.8,7,9,2,1.3,70,7,2.7,1.9,0.8,Gaming,4,3.7,10
Grant Salinas,15,Female,East Jonathon,6.6,5.9,65,2,1.1,2,7,4,0.9,113,16,2.4,2,0.7,Other,3,7,10
Megan Williams,13,Female,Lake Johnfort,6.7,5.2,75,6,2,8,4,7,0.1,122,16,2.6,1.7,0.5,Other,4,4.2,10
Margaret Martinez,14,Male,East Lisabury,4.7,7.9,82,8,0.7,4,6,7,1,39,15,3.2,2,1,Education,5,5.5,9.7
Monica Lara,16,Female,Jennybury,5.5,5.3,93,1,0.9,5,10,8,0.6,44,18,2,0.6,1.1,Browsing,10,5.9,9.9
Andrea Davis,19,Female,Port Eric,4.9,5.9,88,8,0.9,4,8,1,1.3,21,20,3.6,0.7,0.5,Education,9,4.6,10
Brian Garcia,15,Female,Port Jenna,6.7,6.5,56,2,0.8,3,7,8,1.1,72,5,2.8,1.2,0,Social Media,3,5.1,9.9
Mitchell York,18,Female,Audreyburgh,7.3,6.6,50,4,2.5,9,10,7,1,35,15,2.7,0.8,1,Education,4,4.5,10
Brandon Chandler,17,Other,New Michelleport,4.7,5,89,9,0.2,9,2,10,0.9,39,8,2.5,1.6,0.7,Browsing,2,5.7,8.7
Tyrone Perkins,14,Male,Bettyburgh,5.3,6.8,84,3,1,6,4,1,1.5,106,11,1.9,1.7,1.4,Social Media,5,6.2,9.8
David Frost,13,Other,West Josephborough,7.3,8.1,76,0,2.4,1,1,5,1.5,51,8,1.9,1.5,1.6,Social Media,2,4.9,9.3
Jessica Jones,15,Other,Smithberg,5.5,5.3,69,0,0,1,7,1,0,45,12,1.9,1.3,0.9,Social Media,9,6.6,9.4
John Garcia,14,Male,North Thomasview,2.6,7.2,73,3,0.6,8,9,1,0,107,9,4.6,1.5,1.4,Education,8,5.9,9
Louis Robinson,13,Male,North Jerry,2.4,7.1,52,1,2.3,5,4,7,0.5,81,18,2.4,0.7,0.7,Browsing,1,3.5,7.2
Makayla Parker,13,Male,North Christopher,4.3,5.8,100,10,0.4,2,1,9,0.9,126,15,3.4,1.3,1.2,Other,8,5,10
Brooke Gay,13,Female,South Richard,1.1,6.8,77,9,1.9,3,9,4,1.6,38,19,4.2,3.8,0,Education,2,3.7,10
Jason Whitaker,16,Female,Shawntown,5.7,8.6,55,0,0.3,5,6,5,1.3,121,6,2,2.1,1.7,Other,4,4.4,9.1
Mary Warner,14,Other,Huntland,6.9,7.9,52,4,3.3,10,2,5,0.9,92,10,3.3,1.8,0.9,Social Media,4,7.9,10
James Garcia,15,Other,North Sydney,2.9,5.9,92,4,1.2,5,9,6,0.8,45,6,2.1,0.1,1.3,Browsing,4,4.3,4.2
Patrick Flowers,15,Female,New Michael,4.6,7.4,60,2,0,3,9,4,0.3,150,6,3.6,2.5,1.9,Social Media,4,3.7,10
Stephanie Diaz,15,Other,Mariahport,5.3,5.9,96,2,0.9,8,3,8,0.9,51,15,4.4,1.3,0.2,Gaming,5,10.2,10
Megan Hill,14,Male,West Maryland,3.9,3.7,85,8,0.7,8,2,6,1.1,39,19,2.1,1.9,0.8,Browsing,2,6.2,10
James Sullivan,13,Male,West Austinchester,5.1,5.5,80,10,1.7,6,6,6,0.9,77,6,3.7,1.2,1,Browsing,2,4.8,10
Robert Estes,16,Female,Hahnborough,4,5.1,79,10,0.9,8,9,1,2,81,17,2.5,2,1,Gaming,2,6,10
Debbie Small,13,Female,East Brian,8.8,7.7,62,5,1.7,8,6,3,0.6,34,18,3.2,1.2,1.5,Gaming,6,5.6,10
Angela Chandler,14,Other,Port Emilyside,1,5.9,74,4,1.7,10,6,8,1.1,92,20,1.9,2.8,1.7,Social Media,2,5,8.6
Russell Booker,18,Female,West Jenniferchester,5.7,6.2,52,9,1.3,2,8,10,1.9,82,5,2.3,1.8,0.7,Gaming,9,4.1,9.3
Jeffery Thomas,18,Female,East Melissafurt,5.4,7,90,9,0.2,10,10,1,1.3,47,17,4.7,1,0.8,Gaming,6,9.5,10
Christopher Miller,13,Female,North Ruben,4.4,7.6,69,4,1.8,2,7,10,2.4,73,17,2.7,1.7,0,Browsing,2,3.3,9.9
Terry Walker,14,Male,New Michael,6.3,4.4,52,6,0.6,2,1,5,0.7,74,7,2.8,1,1.5,Browsing,2,6.9,10
Alex Martin,17,Female,Christopherton,7.8,4.6,56,0,1.5,6,10,9,0.6,126,6,0.9,2.1,0.9,Other,4,8.2,10
Caleb Garrett,18,Female,West Morgan,2.9,4.9,84,5,0.3,5,1,7,1.6,74,9,1.9,1.4,0.8,Other,3,8.8,7
Donald Horne,16,Female,Lake Jonathan,4.1,6.7,82,0,0.6,8,6,1,1.3,150,6,1.6,0.5,0.2,Social Media,6,3.4,7
Sandra Barton,17,Female,Port Lisamouth,5.5,5.5,62,8,0.8,9,4,7,0.7,67,18,3.8,2.9,0,Social Media,7,6.7,10
Daniel Jones,19,Male,Bateschester,8.5,6.7,69,1,1.7,5,2,6,1,47,10,1.7,1.7,0.9,Education,7,10.4,10
Margaret Garcia,17,Other,Edwardborough,3.3,8,69,4,1.2,9,9,1,0.6,112,6,0.8,2.1,0.9,Other,8,4.2,5.6
William Vaughn,14,Other,East Kevinland,3.9,5.8,95,6,1.7,1,6,8,0.4,83,19,2,1.2,0,Browsing,1,4.6,9.7
Maria Jackson,19,Other,South Jay,5.6,5.2,73,2,3,2,1,1,0.5,98,11,2.2,0.8,0.3,Other,1,7.8,10
Samuel Williams,14,Male,New Michaelhaven,0,7,89,7,1.7,1,4,10,1.5,60,7,2.7,0.3,0.9,Education,8,4.4,2.1
Laura Clements,13,Other,Port Andrew,4.4,5.4,69,9,0.9,2,8,1,1.2,142,18,3.4,1.6,1.1,Browsing,9,6.6,10
Daniel Schmitt,16,Male,Port Craigview,5.9,5,54,3,0.5,7,10,5,1,53,10,2.8,0.8,0,Education,9,6.1,10
Sandra Edwards,14,Female,South Daniel,3.5,8,63,9,1.3,6,7,8,0.7,35,13,2.4,0,0.5,Browsing,3,4.7,5.2
Shawn Underwood,13,Female,Lake Virginia,4.8,9.5,64,2,1.4,3,1,7,0.7,40,17,3.1,3.1,1.5,Education,5,6.6,10
Meredith Norris,14,Male,North Margaret,3.1,5.6,52,5,0.2,10,2,10,1.2,31,6,3.7,3.5,2.2,Education,9,4.2,9.3
Julia Harris,19,Other,North Anthony,3,6.1,77,8,0.4,9,5,7,0.6,141,13,1.9,2.6,0.6,Gaming,10,3.1,9.9
Samantha Russell,16,Other,New Tarashire,3.8,5.2,87,9,2.6,2,8,4,0.7,60,13,1,1.1,1.1,Education,6,8.7,7.1
Katherine Montgomery,17,Male,Masonburgh,4.9,7.7,87,7,0,5,5,6,1.4,86,11,1.3,2.8,1,Browsing,7,7.4,9.1
Edward Gilbert,17,Male,Diazberg,8.4,9.3,84,7,1,8,3,2,1.6,28,7,2,1.2,1,Social Media,8,5,8.9
Francisco Sanchez,14,Other,South Jenna,2.4,3.4,53,2,1.2,2,4,8,1.4,126,5,2.5,2,0.1,Browsing,1,6,8.7
Kelly Stanley,13,Female,Lake Joseph,4.6,8.7,98,7,1.2,4,6,1,1.4,122,10,3.8,1.9,0.2,Browsing,5,9.5,10
Lawrence Fuller,17,Male,East Willie,5.3,8.4,67,10,0.7,9,4,8,0.5,70,18,3.4,0.9,0.7,Education,10,4.9,10
Veronica Evans,15,Male,East Amberberg,5.6,5.3,73,5,0.6,5,4,9,2,100,9,2.7,0,1.1,Social Media,1,7.8,9.5
Joshua Young,13,Male,Bettyberg,5.7,5.6,67,9,0.5,10,8,2,0.8,126,9,2.7,0.6,0.3,Education,1,8.5,10
Christopher Garcia,16,Male,South Peter,2.5,10,60,5,1.4,7,10,9,0.6,133,17,2.9,1.5,0.1,Gaming,6,6.1,8
Charles Wolfe,19,Other,Malonetown,3.2,8.5,58,3,1.9,1,3,3,0.7,71,11,2.5,0,1.5,Browsing,6,5.3,5.1
Daniel Hines,17,Female,North James,6.6,5.5,68,2,2,4,2,9,1.4,138,19,3.6,0.5,2.1,Browsing,3,6.7,10
Joshua Howard,13,Other,Stephaniehaven,2.8,6,79,8,0.7,1,8,4,0.6,78,5,2.2,1.3,0.4,Gaming,4,6.7,5.9
Hector Mendez,15,Other,Camachoberg,4.6,5.1,51,2,1,8,7,6,1.3,89,17,2.8,0.8,2.1,Gaming,7,6.8,10
Zachary Perkins,18,Male,Marqueztown,6.4,7.3,84,3,0.2,10,6,1,0,52,12,1,2.4,0,Gaming,6,9.2,9.6
John Weber,13,Female,West Cliffordside,3.7,5.7,90,6,0.8,3,6,7,0.6,117,20,3.2,1.3,1.6,Other,10,5.5,10
Jacqueline Fisher,14,Other,Lake James,6,7.5,63,0,0.8,8,10,6,0.7,66,16,2.4,1.5,0.7,Other,5,3.8,10
Kristin Palmer,19,Male,Perrymouth,6.5,6.9,88,7,1.2,7,5,2,1.2,93,19,2.3,2.3,1.7,Gaming,3,6.1,10
Joel Roy,17,Male,Dawsonville,4.7,5.5,68,5,0.3,8,1,6,1.5,77,8,1.9,1.3,0,Social Media,1,5.5,8.3
Nathan Davis,17,Other,Georgemouth,4.4,7.8,55,9,1.5,5,3,9,1.1,131,15,0.3,1.5,1.4,Social Media,5,7.5,7.9
Marc Young,15,Male,Port Brandy,3.8,4.3,89,2,0,5,6,1,0.9,56,19,2.7,1.9,1.9,Other,1,5,10
Daniel Reyes,17,Other,North Kelly,9.3,6.9,88,2,0.7,6,2,3,1.2,106,9,2,0.3,0.9,Gaming,8,8.6,10
Ryan Gonzalez,14,Female,North Johnmouth,3.8,6.2,95,4,0.8,7,1,2,1.5,32,9,3.1,1.6,1.4,Gaming,5,2.1,7.8
Caroline Bowers,14,Male,South Kayla,4.8,6.4,77,5,0.2,7,3,2,1,62,18,2.9,1.1,0.1,Education,9,6.1,10
Shane Walker,18,Male,Cooperland,4.9,7,94,3,1.3,6,9,8,0.6,109,13,2.3,0,0,Gaming,6,5.4,8.5
Emily Montgomery,13,Other,Virginiaside,5.7,6,74,1,0.4,8,3,9,1,63,20,2.6,0,1.7,Browsing,8,3.3,10
Jody Quinn,16,Female,Jacobhaven,5.4,4.9,88,8,1.3,1,7,9,1.7,131,8,2.9,1.7,0.2,Gaming,2,5.4,10
William Johnson,14,Male,Ashleychester,6.6,8,81,8,1.4,6,4,1,0.7,87,17,3.8,2.6,1,Browsing,4,7.1,10
Samuel Fischer,17,Other,East Megan,6.5,6,64,10,0,4,5,1,1.1,50,6,3,1.6,0.2,Education,2,6.2,10
Dana Rodriguez,19,Female,North James,7,5.3,59,5,0.4,10,8,9,0.8,134,11,2.4,1.5,0.4,Other,10,3.5,10
Caitlyn Baker,17,Female,Lake Melissatown,4.1,6.8,62,10,1.5,3,8,10,1,127,15,4.2,1.5,0.3,Education,10,5.3,10
Krystal Gomez,19,Female,West Matthew,3.2,4.3,82,6,0.6,10,3,4,1,23,11,2.6,2.5,0.9,Education,9,6.9,8.8
Jennifer White,17,Other,West Davidchester,5,7.2,80,8,0.2,4,4,1,1.7,122,16,2,2.2,1.2,Social Media,7,7.4,10
Jessica Harris,18,Other,Lake Michaelport,4.3,4,95,6,1.3,8,6,8,0.5,24,13,3.5,2,0,Gaming,8,6.9,10
Nicholas Villa,17,Other,Haleyhaven,5.4,7.8,77,7,0,5,4,7,1.4,120,12,4.3,0,0.4,Gaming,10,3.1,10
Kurt Brown,13,Male,Russellton,3.7,4.2,85,7,1.7,7,2,10,2,132,6,1.4,1.1,0.1,Browsing,9,2,7.9
Steven Peterson,16,Other,Lake Amandahaven,5.2,6.1,93,6,0.6,8,8,5,0.9,93,11,4.2,2.4,0.3,Social Media,4,9.3,10
Erika Jones,13,Male,New Jessemouth,2.5,7.6,90,7,0.1,5,2,10,1,61,7,2.6,1.9,2.4,Browsing,3,2.1,5.8
Anthony Allen,18,Female,South Stephanieton,4,5.7,55,0,1.4,4,5,2,1.3,48,18,2.7,3,0.7,Other,8,8.3,10
Brittany Klein,18,Male,Lake Julianborough,7.6,7,61,7,2.7,10,3,7,1.6,121,5,3.1,1.7,1.9,Social Media,10,11.6,10
Daniel Burgess,17,Female,Port Brittanyville,4.9,4.7,79,8,1,3,4,2,1.3,122,12,2.3,1.2,0.6,Gaming,10,5,10
Paul Rodriguez,14,Male,Lake Holly,2.8,4.4,60,8,0,2,4,7,1.2,95,9,2.8,0.4,0.5,Gaming,10,8.1,7.5
Philip Patel,13,Female,North Christopher,0,4.5,63,5,0.4,5,10,9,0.8,141,18,3.3,0,1,Social Media,1,6.1,7.5
Ronald Simmons,16,Female,Port Theodore,2.9,6.7,64,8,0,5,7,9,1.5,115,14,3.4,1.2,0.4,Other,3,5.1,9.2
Gabriella Winters DDS,17,Other,West Phillipfort,4.1,7.1,80,3,0,10,8,6,0.7,121,17,1,0.4,1.1,Browsing,6,6.2,7.8
Dawn Solis,16,Male,West Beverlyton,8.3,5.7,98,8,0.9,3,9,10,1.4,83,7,4.5,0,0.8,Other,3,6.1,10
Theresa Russell,16,Female,East Tylermouth,0.6,5.7,72,7,0.5,7,2,7,1.8,26,7,4.4,2,1,Social Media,5,4.5,6.1
Steven Morgan,19,Female,Wellsland,5.6,4.7,98,10,0.9,5,5,4,0.8,108,16,4.2,3,0.4,Other,2,9.1,10
Joseph Reynolds,14,Other,South Carrie,6.5,5.6,83,0,1.5,10,4,3,1.5,64,11,2.2,2.7,1,Social Media,2,7.3,10
Jacqueline Holland,17,Male,South Michael,5.3,6.1,54,4,1.3,3,4,3,0.7,146,6,2.3,2.4,1.1,Browsing,9,8,10
Robert Lee,17,Male,Port Anthony,4,7.5,52,1,1.4,7,4,5,0.7,67,14,2.4,1.8,0.5,Education,8,6.9,8.6
Pamela Johnson,15,Male,Derrickville,11,7.7,59,2,0.4,7,7,2,2.1,81,10,1.6,1.6,1.4,Browsing,8,6.2,10
Lori Johnson,15,Other,Floresmouth,6.3,7.5,83,5,1.3,8,10,4,1.6,40,14,4.4,1.3,1.2,Education,2,5.7,10
Annette Thomas,14,Female,New Willie,0.3,5.8,64,7,0.4,4,9,2,0,43,18,2,1.1,0.7,Social Media,6,2.7,5
Steven Sanchez,16,Male,Marissaberg,4.8,4.7,61,3,0.6,10,1,1,1.7,26,12,1.4,2.5,0.9,Education,10,2.9,9.3
Nicole Martinez,19,Other,North Tony,4.4,9.1,100,6,0.5,6,2,6,1.4,109,11,4.1,0.7,0.8,Education,5,7.2,9
Lisa Patel,19,Male,Lake Crystal,6.3,4.3,57,3,1.3,8,7,8,0.5,53,15,2,2,1.1,Education,7,7.8,10
Bobby Mccarty,17,Male,Andreaville,6.4,7.3,66,1,2.2,8,7,8,0.5,144,11,1.9,0.4,1.9,Browsing,4,3.9,10
Cassandra Ortiz,18,Male,East Michael,4.7,6.4,88,0,1,6,8,6,1.3,99,13,2.8,1.3,1.6,Other,7,3.6,10
William Rich,17,Female,New Clinton,4.2,4.1,74,4,1.1,10,6,1,0.6,131,11,2.4,1.5,1.1,Browsing,6,12.4,10
Lisa Sweeney,14,Male,Staceyfort,5.9,6.3,89,0,0.7,3,6,9,1.3,54,19,3,2.3,1.4,Browsing,8,7.5,10
Scott Harris,19,Other,Jessicabury,8.1,8.2,86,0,1,3,6,2,1.1,73,19,1.8,2,0,Education,6,5.9,10
Heather Cunningham,19,Female,Priceville,6.4,5.2,97,7,1.9,5,2,2,1.2,55,13,1.6,0.8,1.1,Browsing,5,6.7,9.9
Kristen Sosa,18,Female,Port Marcus,5.1,4.2,82,8,0.2,1,7,8,1.3,127,20,2.2,2.2,1.5,Other,9,3.2,10
Matthew Livingston III,19,Other,Stephentown,5.3,10,60,6,2.2,6,1,7,1.4,93,17,2.3,0.4,0.5,Other,3,6.3,8.3
Mary Ruiz,15,Male,North Dwaynemouth,5.6,7.7,75,9,0,3,9,5,0.2,72,14,2,1.9,0.7,Browsing,3,3.1,9.9
Andrea Young,14,Male,Jamesstad,6.7,5.2,84,6,1.2,2,10,7,1.9,60,19,1.4,1.1,1.4,Browsing,1,3.6,10
Cindy Adams,17,Female,Shelleychester,3.8,7,96,6,1.1,4,5,10,1.6,122,8,2,0.1,0.7,Browsing,1,9.6,6.4
Mr. Angel Hansen,13,Other,Port Patriciahaven,3.5,6.6,88,9,1.5,8,6,4,0.5,130,20,3.9,2.9,1.3,Social Media,10,5.5,10
Michelle Jackson,18,Female,Adamsside,4.5,7.6,93,1,1.2,3,9,1,1.3,70,13,1.7,1.2,0.7,Social Media,4,5.4,7.6
Brandon Vargas,18,Female,New Jessica,7.8,7.8,69,2,0,4,8,8,1.5,68,17,0.4,3,1,Browsing,2,5.8,10
Elizabeth Torres,16,Male,Port Catherinetown,4.1,6.6,80,9,1.8,8,5,2,0.2,73,16,3.7,1.6,2.6,Education,9,4.9,10
Maria Ellis,16,Other,West Thomasberg,6.3,4.4,74,7,1.9,8,10,6,0.7,129,10,1.5,1.6,0.4,Browsing,10,6.7,10
Brett Bowman,17,Female,Alyssaton,5.4,6.1,69,9,1.4,4,7,1,0.9,132,11,3.8,1.2,0.7,Browsing,7,6.5,10
Jessica Soto,13,Other,Bowenmouth,2.4,5.6,79,10,1.5,5,2,3,0.4,34,12,1.4,3.8,1.1,Gaming,5,5.9,7.9
Kimberly Clements,16,Other,Howeside,0,7.6,71,6,0.8,6,8,6,1.7,98,5,2.2,0,1.3,Social Media,3,11.1,1.4
Matthew Smith,15,Male,Smithberg,0.3,6.5,56,2,2,1,1,1,1.3,135,16,1.1,0,1,Browsing,2,5,4.1
Jerry Taylor,15,Male,North Ericland,5.2,8.2,91,9,0.4,6,7,7,1,91,8,1.8,0,1,Other,6,6.1,6.3
Shelley Olson,16,Female,Port Steven,4.4,9.5,84,5,0.9,1,2,10,0.9,71,13,3.2,1.9,0,Education,4,7.9,8.8
Dennis Swanson,17,Other,South David,4.5,9.1,78,1,1.3,4,8,3,1.7,133,20,3.8,1.6,1.5,Browsing,9,4.3,10
Megan Dominguez,15,Other,South Jonathan,4.6,7.1,82,6,0,6,9,6,0.9,79,20,3.4,0.9,0,Other,6,8.3,10
Stephanie Diaz,17,Other,Millerhaven,6,6.1,71,8,1.9,9,10,6,0.6,99,17,4.7,0,0.7,Education,9,3.5,10
Anthony Wilson,15,Female,Torresport,5.8,9.9,50,7,2.2,5,7,6,1.2,137,12,3.1,1.1,1.3,Social Media,6,4.1,10
Michael Wheeler,13,Other,North Tara,5.3,8.7,85,2,1.6,5,4,4,1.2,58,11,0.7,0.3,0,Gaming,2,6.8,5.3
Mr. Jorge Patton,17,Other,Lake David,5.5,7.3,66,4,2.3,1,8,1,0.5,89,7,3.3,3.8,1.1,Education,10,7.7,10
Jennifer Wilson,14,Other,Hobbsland,4.9,5.7,95,7,0,8,2,2,0.8,88,17,3.5,3.1,0.7,Social Media,8,5.4,10
Robert Powell,13,Female,North Shawnberg,5.6,8.3,94,2,0,4,6,9,1,144,5,1.8,0.9,1.8,Social Media,9,5.7,8
Erica Allen,15,Female,Desireeville,4.7,5.2,58,10,0.5,2,10,5,0.6,65,17,2.2,0.7,1,Social Media,8,6.1,9.7
Melissa Horn,17,Female,Brendaport,3.4,6.8,87,2,1.1,9,1,4,0.5,80,11,2.2,1.2,1.7,Social Media,6,6.3,7.2
Shannon Evans,18,Female,Spencerland,3.9,5.8,73,9,1.5,3,4,3,1.5,103,11,1.6,0.7,0.3,Browsing,5,5,7.6
Lauren Rivera,13,Male,Kellyton,3.4,6,85,2,1.2,1,2,7,1,97,13,3.2,0,0.3,Education,6,5.2,8.1
Michelle Morgan,14,Other,Ronaldfurt,4.5,5.7,92,10,1.1,3,10,10,1.1,144,12,3.7,0.6,1.3,Education,2,7.2,10
Jason Brown,14,Female,Kennethfurt,7.3,7,87,5,0,2,2,8,0.5,35,8,1.9,3.3,3,Browsing,6,6.5,10
James Frazier,13,Male,Jenniferbury,7.5,5.2,68,6,0.8,7,6,7,0,84,11,2.1,2.7,0.1,Browsing,3,6.8,10
Matthew Gardner,19,Female,Clarkton,8.5,7.5,98,2,0.6,8,8,1,1.5,73,12,1,1,0.3,Other,4,5.5,10
Robert Ruiz,19,Female,Claireville,1.4,8.4,63,1,1.1,3,4,10,0.9,130,20,3.2,1.1,1.5,Browsing,4,5.5,8.1
Brandon Peters,17,Other,Lake Anthonyland,3,5.7,66,6,0.7,2,3,2,1.4,39,14,2.8,1.8,0.3,Education,2,6.5,8.3
Alyssa Davidson,14,Other,Bryanhaven,3.9,6.8,50,10,1.2,2,1,9,0.8,115,19,2.3,1.6,1.8,Education,10,3.5,10
Andrea Booth,15,Other,East Jamesbury,5.7,7.7,51,6,1.9,4,3,2,1.2,121,9,1.7,0.7,0.7,Social Media,6,2,8.5
Erika Miller PhD,17,Female,Lake Samantha,0.8,5.7,65,10,1.8,5,6,1,1.2,128,11,3.2,2.3,2.4,Gaming,3,7.2,8.2
Heather Castro,16,Male,Stewartchester,8.1,9.5,65,6,1.8,6,2,1,0.6,38,20,0,1.3,0.4,Browsing,5,2.8,9.4
Kirk Hart,18,Male,Ashleemouth,6.8,8.4,95,5,0.4,1,5,7,1,103,8,1.2,1.1,0.9,Gaming,2,12.6,8.6
David Fitzgerald,13,Female,West Jessica,4.6,6.8,93,9,1.7,9,2,5,1,150,16,3.7,0.6,0.7,Education,4,3.4,10
Abigail Arias,16,Other,Lake Lawrence,4.1,6.1,69,1,2.5,9,6,1,1.1,119,15,1.5,3.1,1.4,Social Media,5,6.3,10
Brandy Williams,13,Male,Stephanieburgh,7.7,7.5,58,0,1.4,9,10,6,1.2,41,9,3.6,1.2,1.7,Browsing,10,4.7,10
Laura Griffin,13,Female,Lake Stephanieport,3.9,6.3,98,4,1.5,8,3,7,1,84,9,1.5,0.8,1.1,Gaming,8,3.7,6.5
Marcus Bullock,13,Female,Port Allisonfort,3,4.2,67,0,0.8,7,8,2,0.2,42,19,1.1,2.6,1.4,Gaming,6,6.8,9.2
Laura Rice,18,Male,Woodshire,7.8,8.5,71,9,1.2,6,5,10,0.7,41,10,2.9,3.1,0.9,Education,2,7.4,10
Casey West,16,Male,Pageville,6.5,8,85,8,0.8,2,5,4,1,135,13,5,1.8,0.6,Browsing,2,7.5,10
Debbie Schmidt,17,Other,North Kevinshire,1.9,6.8,99,7,1.4,1,4,3,1.7,80,18,2.2,0.9,1.4,Browsing,4,6,6.8
Timothy Davis,14,Female,South Tracystad,4.6,5.2,88,9,0.6,8,10,1,0.7,129,15,1.1,2,0.4,Other,9,8.1,10
Christian Jimenez,13,Female,North Lisaton,7.5,5.7,70,8,0.9,4,10,5,1.4,52,13,1.4,1.4,1,Browsing,8,3.5,10
Amanda Baker,13,Male,Alvarezview,2.4,6.2,63,2,0.5,7,8,5,0.9,88,5,1.1,1.8,0.9,Social Media,1,4.5,5
Sue Harris,18,Female,Timothybury,7.2,9.7,74,0,0,4,1,4,1.3,140,14,2.5,0.7,0.9,Gaming,8,10.7,10
Mrs. Brittney Greene,16,Other,Ianborough,0,5.7,94,2,0.6,5,5,7,1.4,122,18,3.2,0.9,1.7,Education,6,5.7,7.3
Thomas Gaines,18,Other,Graceshire,1.8,6.6,75,8,0.4,2,3,4,0.9,67,16,1.6,1.2,0,Education,6,3.1,5.8
Jessica Kane,13,Female,New Stephanie,6.2,6.2,73,4,1.2,7,8,6,1.1,24,16,1.8,2.9,1.1,Browsing,5,9,10
Nathaniel Brown,14,Other,West Willie,2,7.3,58,8,1.8,3,9,1,2,92,6,1.4,1,0.5,Gaming,10,6.9,3.8
Jacob Mccullough,19,Other,Raymondside,3.1,6.8,84,3,1.4,5,5,10,1.4,85,7,2.2,2.3,2.1,Education,1,8.7,7.3
Miss Lisa Kennedy,19,Male,North Joseph,8.1,7.1,77,1,0.9,7,4,8,0.9,22,6,3.4,0.8,1.9,Gaming,4,5.6,10
Robert Holland,18,Other,East Kelly,3,7.3,92,3,1.1,9,8,6,0.4,72,13,3.5,0.5,1.6,Education,5,5,7.4
Raymond Callahan,17,Other,Butlerstad,3.8,6.4,78,1,0.7,6,6,8,1,25,7,2.8,2.5,1.6,Browsing,3,7,7.8
Eric Kline DDS,13,Other,West Peterfurt,3.9,8.4,98,7,1.1,9,2,5,1.2,82,8,4.1,2,1.6,Browsing,6,11,9
Jeffrey Walker,18,Other,Markmouth,5.1,4,98,1,0.9,10,1,7,0.6,138,20,1.9,3.2,1.1,Other,6,5.2,10
Kathryn Romero,17,Female,West Nancyfort,3.8,6.3,65,10,0.3,1,5,7,1.5,83,18,3.1,3.7,0.9,Browsing,2,5.9,10
Craig Morales,16,Female,Patriciatown,5.8,6.4,53,10,3.4,7,5,2,0.6,100,5,2.5,0.2,0.9,Browsing,6,6.9,8.3
Amy Woods,19,Male,South Katieshire,3.9,7.2,66,5,0,10,10,1,1,84,13,3.9,1.6,0,Social Media,5,4.7,10
Sheila Woodward,18,Male,Montoyaville,8.4,6,88,6,2.5,3,2,2,0.8,77,8,1,2.5,2.4,Social Media,4,4.4,10
Richard Dawson,16,Male,West Jody,4.8,7.7,50,8,0.9,2,4,8,0.9,102,8,2.2,0.6,1.7,Social Media,4,8.9,7.4
Rachel Richardson,18,Male,Wagnertown,3.4,7.3,82,4,0,6,9,2,0.6,51,12,2.1,0,0,Gaming,1,3,5.3
Ethan Marquez,19,Male,Port Zacharyborough,4.7,5.2,99,7,1.2,5,4,1,0.2,36,16,2.6,1.6,1.6,Gaming,2,0.7,10
Mary Booker,18,Male,North Josephmouth,6.8,7.9,97,7,2.2,3,10,9,0.4,126,11,2.2,2.6,0.8,Education,10,5.9,10
Michael Young,13,Other,Amychester,6.7,5.2,59,6,1,4,1,1,1.5,68,16,5,1.1,0.4,Social Media,5,2,10
Krystal Ellis,15,Female,New Denise,1.5,9,95,4,0,8,8,3,0.5,84,10,3.3,2.5,1.4,Gaming,1,4.6,6.5
Andrew Brown,13,Female,Nixonville,3.8,5.5,96,3,0.4,10,1,9,1.3,102,15,3.1,1.5,1.2,Social Media,5,6.8,10
Yvonne Davis,14,Female,Peterside,3.7,6.9,65,6,0.1,2,4,10,1,149,10,1.1,0.1,1,Social Media,6,6.1,6.4
Kyle Woodard,19,Female,Bakertown,1.5,6.3,87,1,0.9,6,1,10,1.4,45,8,3.1,2.8,0.7,Social Media,4,8.1,6.7
Christopher Chavez,15,Female,Davidhaven,6.6,7.6,61,5,1.5,6,2,2,0,28,20,3,1.8,1.2,Other,2,5.4,10
Lisa Snow,16,Other,South Lisaport,6.6,9.1,64,10,0.9,6,1,8,0.8,147,10,2.8,1,0.9,Social Media,7,7.8,10
Joshua Welch,13,Other,Port Jason,4.3,7.4,72,8,0.6,3,4,9,1.5,32,16,4.1,0.9,1,Other,3,8,9.4
Zachary Moore,16,Male,Lake Emilyhaven,7.8,5.5,96,8,1.6,8,1,6,1.1,74,18,2.7,3.2,0,Gaming,6,6.8,10
Lindsay Fry,18,Male,Sherryfort,7.1,6.8,86,10,1.7,4,7,8,0.9,45,5,4,0.1,1.3,Education,7,7.1,9.7
Savannah Gonzales,17,Other,Lake Jacqueline,5.3,4.5,96,8,1.5,5,5,3,2,108,18,2.3,1.2,1.3,Gaming,1,4.8,10
Linda Moore,16,Male,Lozanoport,5.9,7.9,77,9,1.1,1,10,8,1.5,132,10,1.7,0.6,0.4,Social Media,3,3.6,8.9
Joan Mooney,17,Male,South Travis,4.5,6,81,8,0.1,2,7,9,1.2,58,18,2.1,2.5,0.9,Education,2,4.8,10
Matthew Pena,17,Female,East Michaelville,5.6,9.7,95,4,0,8,5,4,1.3,128,5,0.2,1.9,0.3,Social Media,2,8.3,6.4
Donna Martinez,19,Male,Andrewsmouth,4.5,6.8,85,0,1.7,1,5,7,1.1,143,7,2.1,0.7,0.7,Other,4,6.3,8.2
Stacey Mercer MD,14,Female,Amyland,6.9,6.4,85,7,0.9,6,10,4,1.5,124,12,1.7,0.7,0.6,Gaming,6,6.6,10
Brendan Mcdaniel,13,Other,Georgeton,4.5,6.4,61,7,1.2,10,6,5,1.4,121,15,0.9,0.7,1.4,Education,7,6.5,8.3
Marcus Villanueva,13,Male,Marieberg,7.1,8.3,55,10,1.6,3,6,7,0.9,29,13,3.5,2.9,1.4,Social Media,1,9.2,10
Jesse Gonzalez,16,Other,South Brandonfurt,4.9,6.7,52,10,1.3,9,3,1,0.1,67,10,0.8,1.8,0.6,Gaming,8,6.1,7.5
Dr. Jordan Hamilton,14,Female,Williamsside,4.9,6.8,58,10,0,10,4,3,1.7,72,19,1.3,2.2,1.3,Gaming,2,10.6,10
Elizabeth Horn,19,Male,North Michaelton,4.8,9.1,75,2,1.4,2,7,7,0.4,103,16,1.6,2.4,1,Browsing,1,5.3,9.5
Ashley Ingram,19,Female,Sawyerchester,7.6,7.5,61,0,2.1,4,8,4,0.6,100,16,2.1,2.4,0.8,Other,7,5.6,10
Jason Mccann,17,Female,Cynthiastad,3.2,5.9,60,5,0.7,3,9,2,1.6,102,19,3,0.2,0,Other,5,4.8,9.3
Jennifer Cabrera,14,Other,New Hannahmouth,5.8,9.7,90,3,0.7,9,2,10,0.7,133,12,2.5,1.8,1,Browsing,8,5.6,10
Sean Dillon,19,Female,Santiagofort,4.3,6.6,68,3,1.4,5,7,7,0.8,150,6,2.4,1.4,0,Gaming,3,9.8,9
Dylan Brown,13,Male,Lake Sharon,6.5,4.5,90,8,2.6,4,5,6,1.5,82,19,2.8,2.5,1.3,Gaming,3,2,10
Amber Erickson,15,Female,Klineburgh,4.3,7.8,73,7,0,3,4,10,2,69,15,2.7,1.5,0.6,Education,1,7.5,9
Lisa Smith,19,Other,Carlsonview,3.5,5.6,86,3,1.6,1,7,3,0.5,65,8,0.5,1.2,0,Other,2,7.6,5.3
Miguel Williams,13,Male,East Brianstad,5.9,8.1,65,8,0.3,5,10,1,1.8,140,17,2.3,3.2,0.5,Education,1,7.5,10
Veronica Kramer,15,Male,Suzanneland,2.5,3.4,87,1,1.1,7,3,2,1.3,55,12,3.9,1.3,3,Gaming,8,7.9,9.5
Peter Villa,14,Female,Frankborough,5.5,5.7,92,7,0.6,10,10,5,1.2,91,12,2.3,0.9,1.4,Browsing,1,3.9,10
Elizabeth Myers,18,Other,South Nathan,4.2,6.3,51,1,1.2,1,1,4,0,27,8,1.9,1.5,0.4,Education,8,10.6,6.6
Adam Young,16,Male,Matthewstad,0,7.1,78,3,0.3,8,10,8,0.4,22,14,4,2.3,0.3,Education,1,7.3,6
Evan Henry,16,Female,Bradfordstad,8.3,3.3,54,4,0.3,1,1,3,0.2,75,8,2.1,2.2,1.1,Education,9,5.8,10
Lisa Ross,17,Other,North Jodi,6.1,7.6,75,8,1.7,5,1,9,0.4,69,18,2.3,0.5,1.4,Social Media,2,8.4,10
Wendy Huerta,14,Male,North Davidhaven,4.4,6,98,9,1.8,8,5,4,1,95,14,3.7,1.8,1.8,Other,3,6.8,10
Melissa Snyder,15,Male,Penaborough,2.2,5.5,72,4,1.4,5,1,1,1.1,131,5,1.9,1.5,1.7,Social Media,4,4.7,6.5
Pamela Collins,15,Female,South Christopherville,7,8.2,68,4,0.6,3,5,7,1.1,148,17,3.5,2.1,1.3,Gaming,1,5.4,10
Nicole Sanders,14,Male,West Johnhaven,3.8,6.8,78,7,1.4,2,9,2,1.2,43,7,2,2.3,0.7,Browsing,2,8,7
Michael Garcia,14,Male,Greenstad,5.7,6.2,99,3,0.5,6,10,1,1.2,36,6,3,1,0.7,Gaming,2,6.4,8.5
Debbie Floyd,15,Female,East Ashleyshire,9.1,6,56,7,0.1,10,1,1,0,120,9,1.5,2.3,1.5,Browsing,8,3.4,10
David Newton,19,Other,West Scott,2.8,7.1,64,1,0.1,4,2,4,0.8,109,12,3.1,1,1.6,Social Media,7,4.6,7.9
Dylan Spencer,18,Female,West Jared,2.2,6,83,2,1.4,8,1,6,0.5,92,16,1.1,2,1,Gaming,5,4.4,7.3
Jason Smith,18,Female,Wardmouth,7,5.1,96,5,1.8,2,8,4,0.8,142,7,3,2.3,0.8,Other,10,4.7,10
Kimberly Brown,16,Male,Robertside,4.8,8.6,59,5,0.7,5,6,1,0.6,93,9,1.6,3,1.7,Browsing,8,6.2,8.8
Jerome Grant,15,Male,Gallagherland,7.9,9.7,84,8,1.1,3,2,1,0.7,47,20,4.7,1,0.6,Gaming,6,6.8,10
Kevin Wagner MD,15,Female,New Stephaniemouth,3.9,7,90,2,1,6,5,7,0.5,143,16,2.4,0.3,0,Social Media,6,5.2,9.2
Dawn Henry,13,Male,Johnhaven,5.2,6.4,61,10,2.4,5,6,8,0.8,136,7,2.6,3.5,0.7,Education,1,5.7,10
Michael Strickland,15,Male,Jonesborough,5.9,7.4,84,8,0.6,10,2,1,1.5,49,12,2,1.7,0.2,Education,10,4.1,9.3
Randy Hunt,14,Male,Jennybury,2.1,4.6,57,1,1,3,6,7,1,86,13,2.3,2.1,0.8,Education,9,5.4,8.5
Michael Maldonado,18,Other,Lake Michael,4.3,7.8,78,8,1.6,6,1,10,0.9,42,19,2,0,0.8,Education,9,7.6,7
John Fletcher,16,Other,Jimenezside,5.6,6.9,96,8,0.5,10,1,1,1.2,87,17,3.7,0.3,0.8,Education,10,6.5,10
Joseph Taylor,18,Male,Lake Nicole,5,8.5,55,9,0.3,8,4,7,0.7,133,5,1.8,0.1,2.2,Social Media,7,6,6.3
Henry Acosta,19,Female,Greeneland,6,6.9,77,10,0.7,4,6,5,0.9,54,7,2.6,0.2,2.2,Gaming,5,8.2,7.8
David Cox,18,Female,Gonzalezton,3.3,8.7,72,9,1.4,10,4,5,0,144,9,1.7,0.6,0.7,Education,4,10.4,5.9
Daniel Rowland,19,Male,East Jonathan,4.2,8.3,81,7,1.6,9,10,8,0.4,96,20,1.9,3.8,0.3,Education,10,5.3,10
Samantha Castillo,17,Male,Douglasport,5,7.1,74,9,1.7,9,9,5,1,66,18,3.1,2.2,0.2,Browsing,9,9.3,10
Frank Davis,19,Female,West Kelly,7.3,4.9,73,6,0.8,10,9,8,1.2,33,15,2.5,0.6,0.6,Browsing,3,7,10
Bradley Brooks,17,Other,Port David,7,5,50,9,2.1,5,10,1,1.3,51,19,2.5,1.8,1.8,Other,10,7.9,10
Patricia Mcfarland,18,Male,Derekborough,3,3.1,66,7,0,3,6,9,1.4,33,20,3.4,1.6,1.2,Gaming,6,5.5,10
Rebekah Martinez,17,Other,South Maurice,6.1,4.6,85,4,1.4,5,2,7,0.1,39,5,2.6,0.4,1.2,Gaming,5,5.8,8.6
April Patton,18,Other,Port Michaelhaven,3.4,4.4,85,7,0.2,9,7,7,0,51,20,2.6,0,2,Other,6,4.7,8.8
Kathryn Anderson,15,Other,Port Katie,6.3,6.9,71,3,0.4,6,9,5,0.8,32,17,2.5,2.8,2.3,Gaming,6,4.2,10
Michael Campbell,18,Female,Hicksburgh,4.7,8.6,73,7,1.4,10,6,8,0.7,115,10,2.8,1.7,0.9,Other,6,7.3,9.2
Joseph Johnson,19,Other,Parkerburgh,6.1,5.3,75,6,0.4,7,8,5,1.8,58,12,5,0.2,0.9,Browsing,4,5.3,10
Ashley Mathews,17,Other,South Sandra,5.2,5.7,53,6,0.1,5,6,4,1.1,24,7,3.5,0.6,0.6,Gaming,2,4.8,8.3
Derek Moore,14,Female,Candicechester,4.4,3,94,3,0,2,1,2,0.2,142,8,3.4,1,1.3,Social Media,7,7.3,10
Jennifer Navarro,16,Other,West Gary,3.1,6.3,59,8,2.3,6,10,2,0.6,39,18,3.3,2.3,1.5,Other,2,3,9.9
Felicia Prince,15,Other,Zacharyland,6.1,5.8,99,7,1.7,8,7,7,0.2,66,19,4.2,0,1.3,Gaming,7,8.9,10
Tracey Green,16,Male,Ortizview,7.7,3.5,71,10,0,2,2,5,0.9,32,19,4.2,2.8,1.4,Gaming,5,5.6,10
Joel Patterson,18,Other,Jessicabury,8.1,7.8,84,8,1,2,5,7,0.9,53,10,2,0,0.5,Browsing,2,7,9.3
Ronald Robertson,15,Female,West Amber,5.3,8.8,99,9,0.7,4,9,3,1.3,119,11,0.7,2.9,1.8,Other,4,6.2,9.1
Nicholas Brown,13,Other,South Jose,4,6,51,2,1,4,6,3,0.3,113,20,3.7,1.9,0,Other,4,7.4,10
Jennifer Chavez,14,Female,Robertside,4.5,6.2,97,6,0.8,3,10,10,1,90,7,3.1,0.4,0,Browsing,8,8.9,8.1
Sheila Powell,15,Male,New Davidhaven,5.4,6.1,80,10,1.3,1,5,8,0.8,108,13,1.3,0.7,1.2,Gaming,6,1.4,9.1
Melissa Johnson,18,Female,North Austin,5,5,77,9,0.4,7,1,8,0.4,124,9,3,1.5,0.1,Education,9,7.5,10
Erin Green,16,Female,Jonesfurt,4.5,3.1,74,7,0.8,2,8,4,1.2,45,12,2.2,3,0.7,Social Media,7,5.4,10
Frederick Roberts,16,Other,Port Ronaldmouth,2.9,8,76,0,1.6,4,7,6,0.7,128,5,1.5,0.2,0.7,Other,4,3.6,4.2
Jeffrey Jordan,19,Male,South Michael,4.5,8.7,100,2,1.9,5,10,5,1,127,6,2.7,2.4,1,Browsing,2,5.5,9
Jeremy Stone,18,Female,East Tiffanyton,7.1,7.7,99,10,0.2,3,1,9,0.7,96,13,5,1.6,1,Gaming,7,6.7,10
Debbie Walters,18,Male,Thomasville,5.4,9.2,57,0,1.6,3,5,3,0.1,66,14,1.7,0.1,1.1,Gaming,6,8.9,6.7
Troy Stephens,13,Female,Port Joyborough,5.5,9.3,57,8,1.3,2,4,10,0.8,119,19,2.5,1,0.5,Gaming,6,5.1,10
Savannah Taylor,15,Male,South Colleenborough,1.9,6.3,61,1,2,7,3,5,1,26,20,1.6,1.7,1.9,Browsing,2,8,6.6
Mark Caldwell,18,Other,Joneschester,3.7,7.1,64,0,1.4,3,10,5,0.9,148,16,2.1,2.8,1.7,Browsing,7,6.2,10
Samuel Johnson,16,Female,New Gregory,6.7,4.6,85,7,1.2,8,7,1,2.1,115,5,2.2,1.7,0.9,Education,4,4.7,10
Kristen Moore,14,Other,East Alyssaside,4.5,5.6,95,3,0,1,6,4,1,27,18,2.6,1.8,0.8,Gaming,4,9.2,10
Donna Wood,18,Other,Stevenshire,7.8,8,61,1,0.5,1,3,2,1.1,89,18,2.9,0.5,0.8,Education,1,8.8,10
Michael Johnson,16,Male,New Lori,4.1,6.2,61,6,0.2,3,7,10,1.3,46,12,2.7,2.6,0.8,Social Media,1,4.4,9.6
Duane Rivers,16,Female,North Alexton,5,6.1,53,0,1.6,1,4,8,0.6,85,5,3.5,0.8,1.1,Education,9,6.6,9
Robin Dougherty,15,Other,South Jasmine,1.3,7.4,77,1,0,8,10,4,1.6,106,16,2.6,1.7,0.2,Other,2,5.9,7.2
Bridget Santos,18,Other,South Bobbyland,10.6,6.7,79,6,0.2,4,5,5,0.5,97,20,1,1.8,2.2,Education,1,7.4,10
Autumn Walters,14,Other,North Terry,4.7,5.6,65,10,2.2,8,4,5,1.5,125,13,3.3,0.4,0.1,Other,10,7.9,10
Shelley Bass,19,Other,Sherryburgh,7.1,3.8,91,7,1.4,7,4,10,1.3,67,5,2.7,1.2,1,Education,1,4.1,10
Joseph Avila,18,Other,Davidberg,7.3,3.5,83,9,0.7,5,8,6,1.1,20,19,2.7,0.9,1.6,Social Media,8,4.4,10
Evelyn Martin,16,Male,Deborahfort,6.6,7,60,0,0.5,5,2,9,1.1,66,13,2.6,1.1,0.1,Social Media,6,6.2,10
Cheryl Castillo,18,Other,Paigefort,4.1,5,54,1,0.2,7,9,9,0.7,31,11,3.1,0.9,0.7,Education,8,7.7,8.4
Erika Dean,16,Other,Margaretville,6.6,5.4,58,6,1.7,3,10,3,2.3,83,9,2.7,2.8,1.7,Browsing,6,6.2,10
John Sullivan,19,Female,Port Peterhaven,4.2,7.4,98,2,1.3,10,1,8,0.3,65,5,3.2,1.9,1,Education,7,14,7.9
Angela Johnson,13,Female,Holmesburgh,8.2,6.9,50,6,0.9,6,7,1,1.2,22,7,1.4,0.7,1.4,Browsing,3,3.1,8.7
Nancy Anderson,14,Female,Lake John,6.5,4.9,90,10,1.6,8,7,4,1.1,46,13,3,1.3,0,Social Media,9,8.7,10
Melissa Griffith,14,Male,Port Michaelfurt,4.3,8.4,61,10,0,2,1,8,1.1,147,9,1.9,1.1,0,Other,10,4.2,7.8
Whitney Montes,16,Male,West Taylor,4.7,4.9,90,1,1,3,3,5,1.8,101,12,2.1,1.6,1.2,Gaming,6,6.4,10
Scott Glass,16,Female,Morrowmouth,6.6,5.4,51,3,0.7,2,3,10,1.5,114,11,2.1,1.9,0.9,Education,9,4.1,10
Bruce Harmon,15,Male,East Wayneland,5.6,8,70,6,0.3,7,10,8,1.1,128,15,2,2.3,0.9,Social Media,3,7.2,10
Andrew Martin,19,Male,Phillipsfort,4.4,6.1,76,2,0.8,3,2,3,1.4,58,7,3.6,1,0.7,Social Media,8,6,8.5
Alejandro Jennings,19,Female,Kaylaport,3.1,5.7,53,10,0.4,3,7,5,0.5,46,16,3.2,2.1,0.5,Gaming,3,4.6,9.7
James Barrett,15,Female,Mooremouth,4.3,6.7,93,8,1.1,2,10,9,1.9,74,12,3.1,0.2,0.5,Browsing,3,2.9,8.1
Joshua Mendoza,13,Male,Parsonsshire,7.4,4.3,97,1,1.7,4,5,5,1.7,69,6,1.1,1.4,0.2,Education,5,2.3,10
Gabriela Waters,14,Female,Kristentown,6.2,5.2,65,9,1,8,3,6,1,104,8,1.7,2.6,0.9,Social Media,1,6.2,10
Tiffany Mcdonald,19,Male,Kingport,4.3,5.8,88,7,2.1,10,3,6,0.7,126,9,2.4,1.2,0.8,Browsing,3,6,9.3
Stephanie Weber,16,Other,Deborahstad,6.5,4.7,71,5,0,7,2,9,1,138,13,3.6,0.5,0.5,Education,10,5.2,10
Philip Romero,15,Male,Garciaview,3.4,8.9,86,9,1.4,7,8,6,2.4,43,13,2.5,2.2,1.2,Gaming,3,3.4,7.1
Eric Baldwin,16,Other,East Heidi,4.9,6.8,56,1,0.9,2,7,5,0.6,86,11,2.8,2,0.7,Social Media,5,8.7,10
Tina Fuller,18,Other,Heiditown,8.7,5.4,86,0,0.7,1,8,6,0.7,141,19,2.2,0.4,0,Education,4,5.2,10
Phillip Goodman,16,Female,South Joan,8.2,5.3,65,6,1.7,3,10,7,1.3,90,10,2.6,1.7,1.5,Browsing,2,4,10
John Allen,16,Female,Margaretburgh,5.7,6.5,69,10,0,3,10,3,0.7,57,9,3,0.6,0.8,Browsing,10,8,9
Jose Wagner,13,Other,Amandatown,6.6,4.6,80,9,0.8,3,4,3,0.8,144,6,1.4,2.3,0.8,Social Media,6,6.3,10
Franklin Russell,16,Male,Mathisport,4.9,4.6,59,0,2.5,10,5,5,1.1,94,16,3.4,0.7,1.3,Social Media,1,5.7,10
James West,16,Male,West Nicole,5.8,6.3,64,9,0.5,5,1,7,1.1,35,12,2.8,1.4,1.3,Gaming,7,7.3,10
Cynthia Burke,19,Male,Lake Holly,7.1,7,83,2,1.7,5,6,2,0.9,75,15,2.1,1.3,0.5,Education,9,8.3,10
Margaret Thompson,14,Female,West Dominichaven,6.3,7.6,58,2,0.5,1,6,6,1.3,34,5,1.4,1.8,1.9,Social Media,7,5.2,7.4
Tony Bowers,19,Female,Rebeccaville,5.1,5.8,71,1,1.4,5,2,3,0.8,133,15,3.3,0,1.2,Gaming,9,1,10
Chase Knapp,16,Other,Ashleyport,9,7.1,73,5,0.4,9,5,6,1.9,29,19,2.5,2.5,1.1,Social Media,7,5.7,10
Dr. Travis Estrada,14,Female,Michelleburgh,4.2,8.1,78,1,1.6,9,3,7,0.4,110,11,4.9,1.3,0.9,Gaming,1,2.2,10
Mrs. Andrea Figueroa,17,Other,Jefferymouth,2.9,6.2,50,1,0.6,2,8,9,1.5,56,5,3,1.1,0.8,Education,6,5.2,6
Michael May,15,Female,Jaredtown,3.1,4.6,90,9,0.9,5,3,5,1.5,85,6,1.8,3.1,1.4,Social Media,8,3.2,8.6
Timothy Taylor,15,Female,Thomasmouth,5.5,6.5,67,10,0.9,10,2,4,1.8,120,14,2.8,1.1,1.8,Browsing,7,3.9,10
Shawn Finley,19,Female,Lake Kelly,6.4,5,74,1,2.3,1,4,5,0.9,66,16,1.9,2.6,0.7,Browsing,4,7.6,10
Kenneth Carlson,15,Female,Madisonstad,6,7.7,97,6,1.8,2,10,6,0.8,144,13,2.3,2.4,0.7,Other,3,6.2,10
Holly Massey,14,Other,Port Benjamin,4.4,7,91,6,1.4,4,7,5,0.3,104,11,4.2,1.5,0.8,Social Media,6,5,10
Mrs. Alisha Moore MD,14,Male,Marshalltown,9.3,6.8,94,0,0,5,2,1,1.2,97,12,3.1,0.1,1.2,Other,1,5.7,10
Daniel Walton,13,Female,Emilyborough,3.8,8,70,2,1.8,4,1,1,1.6,70,20,4.2,0.9,1.2,Browsing,5,8,10
Marisa Bryant,17,Female,Sharpport,8.5,5,61,10,0,10,5,1,0.4,76,18,3.2,1.6,0.8,Gaming,5,4,10
Zachary Russell,14,Other,Port Carolineborough,2.7,5.7,76,5,1,1,8,6,1.1,60,14,0.9,0.6,0.9,Browsing,9,6.1,5.4
Deborah Mendez,19,Male,West Charles,5.7,4.8,64,1,1,9,10,8,2,106,13,4.5,1.5,0,Education,5,8.6,10
Michael Richard,19,Other,New Robin,5.3,6.9,51,0,0,9,9,4,1.4,143,10,2.1,1.6,1.5,Gaming,4,3.5,10
Kayla Jenkins,19,Female,Andrewtown,7.9,5.1,91,2,0.1,6,5,4,0.7,116,13,3.1,0.4,1.8,Browsing,10,3.5,10
Mark Thomas,19,Other,Lake Nicolefurt,7.4,7.6,58,5,0.3,9,7,6,1,129,8,4.3,0.1,1.1,Social Media,4,4.2,10
Nina Humphrey,13,Male,New Carlabury,8.4,7.7,100,1,1.9,8,3,10,1.6,47,14,3.4,1.5,2.2,Gaming,1,4,10
Alicia Ayala,16,Other,Conradland,2.8,6.9,77,2,1.9,8,7,4,1.8,93,5,1.8,3.5,0.5,Other,2,7.8,7.5
Kevin Page,19,Female,Brownport,6.8,8.6,73,6,0,6,5,6,0.9,66,20,2.3,1.4,1,Education,2,5.5,10
Edward Palmer,14,Other,Port Stephen,5.1,3.4,96,3,0.9,2,3,3,1.3,104,13,2.9,0.3,1.3,Browsing,10,3.3,10
Walter Howell,16,Male,Shannonport,5.8,5.3,99,6,0.8,2,4,5,0.4,41,18,2.3,1.6,1.5,Gaming,10,4.1,10
Timothy Adams,13,Other,New Larry,6.1,7.2,72,8,0.3,6,2,9,0.9,140,8,1.4,1.8,0.3,Browsing,3,4.7,10
Devon Coffey,15,Other,Mcculloughville,2.7,4.5,100,10,1.2,2,10,1,1.1,116,12,3.2,0.2,0.2,Social Media,4,1.9,8.6
Richard Smith,18,Female,Michaelchester,7.4,5.4,83,7,1,8,8,7,1.4,75,17,1.6,1.2,2.1,Social Media,4,6.5,10
Karen Lynch,16,Female,Jacobville,0.9,6.3,85,3,2.5,6,7,8,0.6,36,8,2.5,0.5,1.9,Education,5,3.3,3.1
Jeffrey Davis,16,Other,South Marie,3.5,6.6,74,6,2,10,7,1,1.1,126,10,2.2,0.9,0,Other,1,5.1,7.8
Reginald Calhoun,13,Male,West Cody,0.9,3.8,79,0,2.4,8,7,1,0.8,72,18,1.6,4,0.5,Browsing,1,6.6,9.6
Anthony Smith,16,Female,South Dalehaven,6.1,4.5,83,4,1,10,10,7,1.4,41,20,2.2,1,2.1,Browsing,7,5.5,10
Anthony Allen,15,Other,Port Austin,3.4,9.2,81,8,0.8,2,6,6,1,112,14,3.6,1.6,1.6,Gaming,2,6,9
Michael Wilkerson,15,Male,New David,3.9,9.1,100,8,1,9,1,3,1.1,116,8,3,1.2,1.9,Other,8,8.9,7.5
Jackson Martinez,15,Other,Walshbury,5,8.7,84,0,1.4,10,3,9,1.6,117,14,2.5,0.9,0,Other,3,6.4,9.2
Amy Fox,15,Male,New Shirleybury,7.8,6.8,98,2,1.4,10,9,3,0.8,39,18,1.1,0.8,1.8,Gaming,8,6,10
Mr. Mitchell Smith,18,Female,New Phillipland,1.3,7.7,79,7,1.2,5,6,1,1.3,104,10,2.4,2.7,1.7,Social Media,1,9.9,6.6
Jeffrey Jones,13,Male,Baldwinborough,8.7,7.3,66,0,1.9,6,1,9,1.2,95,15,3.2,0.7,0.4,Other,2,8.8,10
George Lewis,14,Female,Port Cindy,4.2,4.8,56,0,1.3,6,3,7,1.2,115,14,2.4,1.9,2,Education,4,9.4,10
Thomas Schneider,14,Other,New Jessechester,5.1,10,95,7,1.7,10,2,7,1.1,67,8,2.8,1.6,1.9,Other,2,5.6,7.4
Jeffrey Ramsey,16,Female,Lake David,3.5,5.3,57,0,0,8,3,10,0.8,47,19,2.8,1.2,1.6,Social Media,10,5.6,9.6
Paul Jenkins,16,Female,North Michael,5.8,6.6,63,9,1,2,2,10,0.2,48,10,0.6,1,0,Browsing,4,4.7,7.1
Emily Flynn,17,Other,Franklinville,5.8,8.4,73,4,0,1,10,3,1.1,67,6,2.1,2.6,0.4,Gaming,10,7.1,8.8
Ashley Lee,19,Other,Kingberg,3.8,7.5,63,7,0.8,6,5,5,1.5,83,20,2.9,0.9,0.2,Social Media,6,4.7,9.5
Sheila Hart,18,Other,East Carlosmouth,5.9,7.6,59,0,1.5,6,1,1,1.5,129,20,0.4,1.3,0.9,Social Media,3,6.9,10
Joan Aguilar,13,Other,Lake Anthony,5,6.6,97,8,0,2,8,6,1.1,116,14,2.7,2.7,0.2,Education,7,4.8,10
Dominique Allen,17,Female,Tylerhaven,2,4.1,95,10,1.3,7,6,2,0.7,38,7,2,3,0.7,Social Media,1,6.4,7.1
Lindsey Hawkins,15,Male,Cruzhaven,4.6,4.4,88,4,0,4,3,5,1.2,45,15,3.5,1.6,0.3,Social Media,10,2.2,10
Shelia Robinson,14,Other,Youngbury,2.4,6.3,87,0,0,4,4,7,1.7,89,5,2.8,0.3,1.8,Education,3,3.3,5.1
Angel Morris,17,Male,Lake Coryville,5.4,7.1,100,5,1.4,10,2,4,1.3,58,6,2.2,3,0.5,Other,2,7.1,9.4
Richard Henry,16,Female,Port Jamesstad,3.7,7.3,62,1,1,8,4,10,0.1,108,5,1.8,1.7,0,Browsing,3,0.1,6.7
Louis Cline,14,Other,South Rhonda,2.4,4.6,80,3,2.1,6,3,8,1,22,6,4.7,2.6,1,Other,4,3.2,9
Tamara Rogers,18,Other,Candacefurt,4.7,7.7,97,1,0,7,10,10,0.8,107,18,1.9,1.5,1,Gaming,6,4.1,10
Timothy Smith,16,Male,Michaelburgh,6.9,6.6,76,3,0,3,8,3,0.6,24,19,0.9,1.5,0.8,Other,6,7.2,10
Mr. Jeffrey Park,13,Female,East Felicia,3.7,6.1,82,0,3.1,9,2,5,1,119,14,2.7,0.5,1,Gaming,3,5.6,9
Roberta Hoover,16,Other,Jamesshire,4,6.7,57,10,1,9,10,9,1.1,123,20,3.9,1.5,0,Education,9,7.7,10
Deborah Shelton,17,Female,North Brianberg,3.7,6.6,56,5,0.9,4,8,1,1.1,108,20,3.5,1.6,1.2,Browsing,10,3.3,10
Vanessa Williams,17,Other,South Stevenport,4.2,6.6,85,1,0,1,1,8,1.1,46,16,4.9,0,0.5,Browsing,4,4.4,9.9
Joshua Sullivan,13,Other,Millerberg,5,6.9,78,8,1.2,4,8,6,0.9,75,13,1.7,0.5,1,Social Media,7,6.6,7.8
Heather Caldwell,16,Other,West Russellshire,8.7,5.7,65,2,0.7,6,7,1,0.7,38,17,3.2,0.8,1.8,Browsing,6,6.6,10
Andrew Bray,13,Female,Mahoneyland,4.2,6.3,90,8,2.6,9,4,5,0.4,59,8,1.8,0,1.8,Social Media,10,10.8,5.6
Amy Duncan,17,Other,Georgeberg,3.8,4.6,93,5,0.2,3,2,8,1.8,64,5,2.2,3.4,0.4,Gaming,7,6.7,9.4
Steven Estrada,18,Other,East Wanda,4.4,7,61,1,0,6,4,10,1.3,110,20,0.7,0,1.7,Browsing,8,0.2,7.8
Olivia Haynes,15,Female,Scottton,4,7.5,51,8,1.5,10,6,10,0.7,47,8,1.9,2.7,2.6,Social Media,8,5.4,7.4
Francisco Henry,15,Male,North Lauren,5.1,5.1,57,9,2,9,8,9,1.2,20,9,3,0.4,0.8,Other,2,3.7,8.2
Michael Lowe,19,Female,Gregoryside,4.8,5.6,84,5,1.4,7,10,3,1.9,95,8,2.3,2.5,0.9,Other,8,11.2,10
Leslie Parsons,14,Male,Port Markstad,5.5,4.7,81,3,0.6,8,9,9,0.4,60,7,2.7,1.6,1.7,Education,10,5.6,10
Dana Marshall,19,Female,West Melvin,3.7,7.3,97,4,0.7,7,9,1,1.5,147,14,3,1.1,1.2,Education,4,7.1,9.9
Alyssa Jenkins,19,Male,New Joannachester,9.4,8,97,5,0.8,2,6,2,0.7,53,11,3.6,2.5,0.7,Social Media,8,6.2,10
Luis Crawford,16,Other,South Brendashire,5.4,9,50,1,0.6,6,3,9,0.1,20,9,1.2,2.5,1,Browsing,9,2,6.8
Angela Walker,18,Female,Nathanland,2.4,7.7,92,10,0.9,10,6,7,2.2,37,19,1.8,1.9,1.8,Browsing,7,4.9,6.8
Michele Winters,18,Other,Andersonborough,6.7,7.1,82,2,0,6,9,3,0.8,56,14,1,1.4,1.9,Other,3,6.9,9.5
Emma Young,18,Female,East Ian,5.7,5.1,70,3,1.5,4,1,2,1.3,37,6,1.2,1.2,0,Other,3,3.8,7.5
Brooke Sanders,19,Other,Port Andrew,4.8,8.9,89,7,0.2,10,1,10,1.3,57,12,2,1.7,0.4,Other,5,8,7.6
Alyssa Massey,19,Other,Thomasmouth,6.2,7.6,85,9,1.5,1,1,4,1.6,37,11,0.7,1.9,0.9,Education,8,8.9,7.9
Adam Nunez,17,Female,South Elizabethshire,5.5,7.9,90,4,0.8,6,5,5,1.6,26,5,2.1,0.6,0.8,Gaming,5,7.9,5.8
John Flores,13,Male,North Chadfort,4.8,6.4,81,10,1.1,6,5,6,1.1,97,11,2.2,2,1.1,Education,3,4.5,9.9
Kaitlyn Wheeler,13,Female,Hunterborough,6.2,6.5,99,1,0.3,9,5,1,0,23,17,1.2,2.4,2.2,Gaming,9,9,10
Justin Dixon,13,Other,Donaldborough,1.1,6,82,3,1.8,10,9,10,0.7,29,6,3,0.3,0.9,Other,8,8.9,3.2
Alicia Morrison,14,Male,Amandaburgh,3.1,8.6,57,7,1.5,3,3,7,1.9,69,11,1.8,1.3,1.2,Browsing,8,2.7,5.5
Colleen Perkins,15,Female,Anthonyview,6.8,5.2,55,0,2,2,10,10,0.8,58,16,3.4,0.6,0.3,Education,2,7.8,10
Annette Rodriguez,15,Other,East Jacquelineland,4.8,5.6,82,3,0,9,6,9,1.9,106,11,3.4,1.6,0.4,Other,6,6.1,10
Martin Singleton,15,Female,Michaelberg,3,8.5,63,1,0.8,8,9,8,1,73,8,3.3,0,1,Social Media,4,3,5.1
Dana Jimenez,15,Male,South Tabitha,8,5.3,68,1,0.6,2,4,3,0.8,106,10,1.3,0.5,1.5,Gaming,8,5.9,10
Meagan Bradley,15,Male,Millerport,3.3,6.5,51,9,0.1,6,4,2,0.7,44,20,3.2,2.3,0,Gaming,10,1.1,10
Christine Bryant,13,Male,Cherylborough,8.2,8.3,56,3,1.8,4,6,3,1.2,80,20,2.6,2.6,1.2,Education,4,1.6,10
Andrew Haney,14,Other,Fosterfurt,8.5,9.2,51,8,1.1,5,2,10,1.3,104,12,1.4,3,0.7,Social Media,9,6.9,10
Morgan Weaver,19,Female,Lake Donald,6.1,6.5,82,6,0.6,4,4,4,1.1,95,10,2.8,2.5,2.3,Browsing,1,5.1,10
Sarah Lee,19,Male,Lake Todd,5.5,9.8,75,0,1.5,3,1,1,1,116,16,2.9,0.5,0.5,Social Media,6,4.9,9.5
Melissa Small,18,Male,South Margaret,7.6,8,73,2,0.9,4,10,9,0.1,140,18,2.3,1.5,3,Browsing,9,6.6,10
Andrea Martinez,16,Male,North Jeffery,6.7,8.2,93,10,1.2,8,10,7,1.1,25,14,1.3,2.1,0.8,Education,3,4.6,9.3
David Williams,17,Male,North Nathanland,5.5,5.7,98,10,0.6,9,7,10,0.6,93,13,4.8,0.8,0.7,Other,8,3.3,10
Kevin Peters,19,Male,Kelleychester,6.3,4.7,52,7,0.7,4,8,6,1.4,112,7,3.9,2.7,2.7,Other,3,4.4,10
Patricia Robertson,15,Male,Port Robertville,4.4,9.7,71,0,3,9,5,6,0,73,9,2.9,1.6,1.2,Browsing,5,5.2,7.3
John Thomas,19,Other,New Luisfort,4,5.8,84,1,0.7,1,6,10,2.4,149,20,2.9,1.8,2.2,Education,9,5.5,10
Thomas Ayers,19,Female,Port Robert,1.5,6.8,60,9,0.3,5,1,7,0.5,114,14,1.5,3.4,0.1,Gaming,3,5.7,8.1
James Sanchez,14,Female,North Matthewberg,3.6,4.4,91,7,0.5,4,4,8,0.8,77,10,2.1,2.3,0.8,Gaming,2,2.6,9.3
Robert Conley,19,Other,Brandonmouth,6,5.3,98,5,0,10,8,5,1,34,8,0.6,1.8,0.8,Gaming,8,7.8,8
Amy Hunt,15,Other,Dannyside,2.6,7,82,10,0.6,4,1,6,1.4,129,7,3.4,2.7,0,Education,6,6.3,9.2
Carlos Hicks,15,Other,North Thomas,4.5,5.3,82,1,1,10,1,7,0.6,83,17,2.7,1.2,1.8,Social Media,10,4.8,10
Meghan Williams,14,Male,Andrewschester,6.2,7.1,87,5,2.2,10,1,9,1.8,53,15,2.1,2.2,0.6,Gaming,6,9.1,10
Holly Dean,13,Female,Port Abigail,2.7,6.7,99,8,0.9,5,4,8,1.6,45,14,2.3,1.6,1.1,Browsing,3,6.8,7
Ray Scott,16,Female,Port Lisafurt,5.1,8.1,90,5,1.3,6,10,8,1.5,103,15,3.4,3.2,1.5,Education,2,7.1,10
Russell Patterson,19,Male,New Randallhaven,5.9,8.2,71,10,1.5,2,5,4,1.4,41,11,3.5,2.8,1.7,Social Media,6,2,10
Erika Moreno,18,Other,New Davidborough,2.1,6,92,8,0.8,2,2,3,1,143,19,2,1.9,2.3,Other,8,4.3,9.7
Brandon Welch,15,Female,Lake Bradley,4.3,5.7,53,8,0.5,5,7,9,1.1,35,6,3.4,0,1.7,Social Media,3,3.9,6.8
Rebekah Harris,17,Male,Ambershire,2.9,7.1,70,6,0.8,4,6,10,0.6,53,8,1.3,0.5,0.5,Other,10,8.6,3.8
Ana Martinez,16,Female,Ramirezfurt,3.4,9.7,71,0,2,4,5,3,1.3,30,11,0.9,1.1,2,Education,8,4.4,3.4
Ashley Hardy,19,Male,Brianhaven,5.4,7.3,97,3,2.5,6,2,9,1,35,19,2.3,1.6,0,Gaming,6,5.4,10
Joseph Brown,15,Female,New Nicholas,3.5,5.5,62,8,1.2,8,4,8,0.2,125,9,2.5,2.3,1.9,Education,2,4.5,9.9
Adam Ho,15,Female,Harrisburgh,5.9,5.3,63,5,0.7,6,3,7,0.4,99,5,3.6,0.3,0.5,Gaming,9,6.5,10
William Norris,18,Female,West Josephmouth,3,4.8,68,7,2.3,3,8,5,0.2,51,8,2.1,1.8,0.3,Social Media,2,5.9,7.1
Elizabeth Wright,14,Female,South Paulside,5.8,4.8,98,7,1.5,6,8,6,0.3,28,20,1,1.4,1.3,Gaming,1,3.3,10
Christopher Harris,18,Other,Jessicaview,5.4,7.2,67,1,0,7,5,4,0.3,96,12,3.1,2.2,1.2,Gaming,2,3.3,10
Diana Armstrong,17,Female,East Tiffanychester,3,6.2,73,8,0,1,9,9,0.7,142,5,1.8,1.5,0.9,Social Media,10,7.9,7
Alicia Robles,13,Male,Cardenasborough,8.1,5.1,68,5,1.1,6,8,3,0,101,14,4.5,0,0,Education,4,6,10
Chad Brown,19,Other,Lake Carolynfort,8.6,6.6,63,7,1.7,3,6,9,1,91,20,3.3,0,0.8,Education,3,6.3,10
Michael Davidson,19,Female,Evanshaven,5,6.8,54,6,1.5,6,1,7,1.2,50,5,3.5,1.8,1.4,Browsing,10,8.7,8.9
Alicia Curtis,16,Other,Butlerville,5.3,9.1,96,6,2,8,1,8,0.8,64,12,1.7,1.3,0.2,Gaming,6,7,7.4
Diane Cole,18,Male,Kyleshire,4.3,9.2,68,9,0.4,8,9,6,1,96,16,1.5,1.8,1.7,Social Media,4,4.3,8.1
Jasmin Moran,17,Female,Lake Lori,5.5,3,66,6,0.7,3,5,1,0.9,29,13,2.9,0.5,1.5,Social Media,9,4.6,10
Max Gomez,15,Other,Jaybury,4.2,5.6,99,5,0.5,5,5,6,0.9,98,11,1.9,1.6,0.6,Browsing,10,6.5,9.1
Tracey Watson,19,Female,Abbottville,7.8,5.2,93,8,0.5,7,10,10,1,146,13,3.3,4,1.2,Gaming,10,4.1,10
Harry Moran,17,Female,Wilsonton,6.4,7.4,51,5,1.1,3,5,1,0.6,100,18,1.7,1.2,2.4,Gaming,10,9.3,10
Stephanie Patel,16,Female,Taylorville,4.3,5.9,61,9,0,3,2,2,1.8,28,15,2.1,0,1.9,Browsing,5,3.4,7
Sophia Williams,15,Male,Lancetown,2.2,7.4,76,4,1.1,3,5,4,1.5,118,14,3.4,0.8,0,Gaming,2,7.4,7.9
Mary Jones,13,Female,Rachelshire,2.7,3.8,96,2,1.6,2,4,6,1.9,57,14,3,2.7,1.4,Education,10,6.9,10
Kyle Miller,17,Other,North Rachelburgh,1.7,7.7,96,4,2.4,5,1,7,0.6,28,12,2.6,1.7,0.2,Education,8,6.4,5.1
Cesar Torres,13,Male,Bobbybury,1.8,5.5,94,10,1.7,6,8,8,1.4,108,16,1.8,0.7,1,Education,2,7.5,6.9
Brandon Taylor,19,Other,West Alison,5.5,7,57,5,1.5,10,9,1,0,27,17,2.4,0,1.4,Social Media,1,7.2,8.3
Connie Lynch,14,Other,North Michelleburgh,7.8,8.6,54,4,1.3,7,3,4,1.8,46,18,1,2.5,0.5,Browsing,8,7.5,10
Lisa Brewer,19,Male,Lake Lindaberg,4.8,3.7,97,5,0.4,7,8,4,1.5,23,7,1.1,1.4,0.9,Browsing,6,5.3,7.3
John Diaz,15,Male,New Georgeburgh,4.7,7.5,58,8,1.6,10,10,1,1.2,138,11,4,2.3,1,Education,6,10.9,10
Adam Humphrey,19,Female,West Justin,9.5,6.9,79,10,0.3,8,9,8,1.9,137,20,2.9,2.7,0.2,Social Media,5,6.6,10
Thomas Johnson,13,Male,South John,5,8.3,63,3,0,6,2,5,1.2,139,9,1.3,0.5,0,Social Media,8,3.8,7.2
Daniel Gibson,16,Female,Lake Jamesburgh,3.6,7.5,94,9,0,3,10,5,0.8,24,18,1.7,2.2,0.5,Browsing,4,5.9,7.8
Scott Walters,17,Other,Port Patriciaton,5.1,8.1,88,5,1.6,5,2,10,0.7,22,7,3.6,3.7,1.1,Other,1,7,10
Alexander Gilbert,18,Other,Wyattside,3.9,6.8,68,9,0.7,8,5,6,1.4,75,6,2.5,0.5,1.5,Education,6,6,6.2
Matthew Jackson,18,Male,South Aaronborough,4.4,7.9,94,2,1.4,7,6,3,0.5,125,19,1.8,2.1,0,Browsing,10,7.5,10
Alice Giles,16,Other,Martinhaven,4.4,10,78,9,2.3,8,3,4,0.2,114,12,3.2,2.1,0.3,Browsing,9,6,9.4
Malik Pitts,14,Female,East Mark,5.3,9.1,58,10,0.9,5,5,9,1.2,83,16,2,1.5,0.9,Gaming,5,3.1,9.1
Mark Weber,15,Other,Millerfort,4.8,5.4,64,4,2.5,2,3,6,0.7,146,9,1.8,0.1,0.8,Other,9,7.8,8.7
Mason Liu,15,Female,New Douglas,6.9,6.4,81,9,2.6,3,6,8,1.3,33,9,2.7,2,0,Social Media,1,7.1,10
Deborah Bradley,19,Male,Mcculloughmouth,9.1,8.5,53,1,1.1,10,9,10,1.7,78,13,1.5,2,1.2,Education,8,6.3,10
Patricia Sheppard,16,Other,West Alicia,2.6,5.7,95,5,0.1,8,7,3,1.8,75,9,3.3,0.2,0.9,Browsing,7,5.1,6.5
Brent Johnson,13,Female,Michaelstad,8.1,6.1,60,0,0.1,10,10,10,0.7,23,16,3.5,0.1,0.9,Other,1,6.5,10
Scott Preston,15,Female,Jennifermouth,8.7,8.8,59,7,0.7,10,10,3,0.9,102,9,4,1.7,0,Gaming,2,8.5,10
Darryl Wise,16,Other,East Dawn,6.3,7.3,72,0,2.2,5,6,3,1.1,49,20,2.3,1.6,0.2,Other,9,6.1,10
Angela Duncan,13,Other,North Bruce,3.1,7.7,68,4,1.2,5,7,10,1.1,124,7,3,0.9,0.8,Education,6,7.3,7
Michael Mason,16,Female,Salazarbury,8.9,6.3,95,8,1.8,1,7,1,0.6,148,7,2.3,0,1,Gaming,10,9.6,10
Alyssa Murphy,15,Other,Obrienburgh,2.7,4.3,71,10,0.3,5,1,10,1.1,92,19,2.8,2.7,0,Gaming,5,0,10
Sean Hogan,16,Other,South Brianside,4.6,5.8,57,5,1.3,1,1,8,1.3,96,12,2.5,0,1,Other,4,5.4,8.5
Joel Molina,15,Male,Wileyside,5.2,8,80,2,1.6,3,4,8,1.2,55,7,1.2,2.5,0.6,Education,10,6.9,7.4
Clinton Morgan,16,Male,Loritown,3.7,10,92,10,0.1,5,10,7,1.2,38,5,3.2,1,1.8,Gaming,3,0.9,4.7
Tara Smith,17,Other,Moranmouth,6.6,5,99,3,0.3,6,6,1,1.5,66,15,1.9,2.4,0.1,Gaming,5,10,10
Thomas Gilbert,14,Female,Chasefort,6.8,5.9,83,3,1.5,9,1,7,0.6,88,18,2.1,2.7,1.1,Other,1,7.7,10
Roger Martinez,15,Other,East Tracy,6.3,6.1,53,10,0.8,4,5,6,1.7,132,9,2.8,1.4,0.6,Browsing,6,9,10
Teresa Stewart,16,Female,West Joshuahaven,7.9,7.2,89,4,0,9,8,7,0.8,138,8,4,1.6,1.2,Gaming,6,8.5,10
Teresa Holmes,18,Female,Ryanton,6.5,5.3,70,2,1.5,6,7,6,1.1,85,17,1.5,0.7,1.9,Social Media,4,6.7,10
Kim Rodriguez,15,Other,Rittershire,7.8,8.3,96,3,0.1,7,9,1,1.5,60,5,3.9,1.8,0.7,Other,4,5.2,10
Jeff Randolph,14,Female,North Michelleburgh,4,5.9,76,2,0.9,6,6,6,1,97,19,3,1.7,2,Gaming,9,3.8,10
Melissa Bruce,15,Male,East Nancy,0.8,6.7,66,1,0.9,7,3,5,0.6,104,20,2.4,0,1.9,Social Media,7,5.9,5.9
Gary Gonzalez,17,Female,Lake Ericchester,4.5,8.8,74,3,1.6,10,10,5,0.9,44,20,1.4,1.6,1.7,Other,7,4.8,8
Crystal Whitaker,16,Female,Albertberg,2.7,5.2,86,3,0.2,6,10,6,0.4,66,12,3.8,2.3,1.1,Browsing,4,6.2,9.9
Michael Boyle,14,Male,East Tylerfort,1.4,7.4,56,6,1,3,9,4,1.6,25,17,2.7,1,0.4,Education,1,5.3,5.3
Patricia Hutchinson,15,Male,Lake Michael,3.7,6.1,76,6,0,8,3,2,0.8,54,15,3.4,0.3,1.1,Social Media,2,6.1,8.4
Thomas Bryant,18,Female,Lake Toniview,4.7,4.7,58,2,0,3,10,8,0.7,36,13,3.4,2.2,2.3,Other,4,4.3,10
John Garcia,17,Female,New Ashley,4.4,5.9,56,4,1,3,9,7,1.1,54,12,3.9,0.3,0.8,Browsing,6,10.5,9.1
Laura Nelson,14,Female,Sweeneyland,8.1,8.8,58,2,1.4,5,9,7,0.4,122,6,2,0.8,1.2,Browsing,1,5.9,10
Marcus Ortiz Jr.,19,Male,Sanderstown,4.3,7,86,10,0.8,9,1,1,1.4,89,20,3.3,1.8,0,Gaming,8,4.1,10
Debra Gilbert MD,17,Other,Port Tiffanymouth,1.3,6.1,72,6,0.9,5,4,1,0.8,48,13,4.5,1.6,1.3,Gaming,10,0.7,7.9
John Torres,13,Other,North Brian,2.8,5.1,95,9,0,7,10,7,0.1,119,9,2.4,1.2,1.4,Education,3,3.6,8
John Kim,18,Other,Lake Cassandratown,9.8,5.1,54,4,1.2,1,6,5,0.6,91,20,2.6,1.6,0.6,Gaming,5,5.4,10
Amanda Roman,17,Other,Mezastad,7.5,5,75,8,2.1,8,5,9,1.5,97,20,4.6,0.2,0.4,Other,8,4.9,10
Crystal Harris,14,Female,Susanchester,4.6,7.1,63,5,2.3,6,7,5,0.6,85,14,2.3,0.6,0.7,Gaming,2,4.9,8.4
Robert Bryant,15,Male,South Alexiston,5.1,5.4,63,0,0.9,1,2,3,1.7,87,12,1.5,1.5,1.4,Social Media,6,6.1,9.5
Jonathan Rodriguez,14,Male,Lake Melissaport,4.8,6.9,90,3,0,5,3,9,0.6,64,11,1.2,3.1,1.1,Social Media,3,7.3,9.1
John Pineda,14,Female,East Lindatown,3.5,5.1,82,0,1.6,5,2,5,1.4,64,11,1.1,2.2,0.5,Browsing,5,8.1,7.7
Jason Rodriguez,13,Male,Phillipsmouth,8,5.6,66,9,0.6,2,3,8,1,143,18,2.7,1.2,0,Gaming,7,8.8,10
Bradley Anthony,17,Other,Baileyside,7.1,7.9,54,7,1.3,5,1,8,0.8,26,12,3,2.5,1.9,Other,8,8.5,10
Katherine Pruitt,14,Male,South Catherinemouth,5.3,7.6,77,6,0.5,9,10,10,2.4,120,15,3.1,2.3,0.1,Education,10,5.5,10
Robert Quinn,16,Female,Michaelfurt,0,8.1,82,3,1.5,9,7,6,1.1,40,16,3.3,2.5,1,Education,5,6.5,5.8
Anna White,18,Other,Kimfort,7.3,5.7,95,8,0,9,2,6,0.5,91,16,2.1,0,0.9,Education,9,7.7,10
Megan Butler,17,Other,Port Christine,1.2,7.2,66,6,2.2,9,10,9,1.6,138,18,3.2,0,1.1,Social Media,3,6.4,7.2
Cassandra Rojas,15,Other,Patriciastad,3.6,6.9,60,6,0.7,9,8,10,2,128,6,3.5,1,2,Other,6,6,8.4
Sergio Evans,13,Female,Port Andrew,2.9,6,69,10,2.6,7,10,4,1.2,58,5,3.7,0.7,0.3,Gaming,8,8.5,6.5
Michael Ray,16,Female,West Shawn,5.3,6,84,4,1.1,10,5,6,0.7,103,17,2.7,2.2,0.8,Browsing,3,2.6,10
Maria Smith,15,Male,New Jaredfurt,1.5,4.3,56,9,0.8,9,8,2,0.8,88,20,1.3,2.6,0,Other,6,7.1,9
Jordan Lowe,18,Other,Port Donaldview,7.2,9.1,71,0,0,1,7,8,1.5,47,16,2.3,1.6,1.5,Education,5,6.6,10
Daniel Flores,17,Other,Lawrencechester,3.2,4.7,90,5,0,9,3,9,1.2,34,15,2.9,1.7,1.2,Gaming,7,3.7,9.1
Kathryn Barber,13,Male,Lake Lisaville,3.9,6.2,83,10,0.1,3,3,10,0.9,93,5,1.5,1.5,0.4,Browsing,4,7.4,6.7
Alexander Kelly,19,Male,Brownburgh,7,5.1,99,1,0.3,7,4,4,0.9,31,9,3.7,0,1.4,Education,2,4.1,10
Curtis Wang,14,Female,Jessestad,8.3,9.5,66,10,0,2,10,6,0.3,131,11,3.8,2.1,1.5,Browsing,4,1.4,10
Dakota Daugherty,17,Female,Kathleenstad,6.3,8.2,77,10,1.9,5,10,6,0.9,95,5,2.8,1.2,1.3,Other,9,4.7,9.1
Richard Lamb,18,Male,Clarkton,6,7.6,61,3,1.1,6,6,3,1.5,95,20,2.9,0,0.6,Other,7,5,10
Christine Jones,15,Other,East Stacey,3.9,5,88,0,2,7,9,9,1.6,63,14,2.5,2.5,2.3,Gaming,3,7.6,10
Tommy Stevens,13,Female,Rodgersmouth,6.1,7,96,5,1.1,3,5,8,0.8,87,8,0.9,1.9,2.2,Gaming,10,6.8,8.7
John Henry,15,Female,North Kerrychester,4.5,7.2,56,5,2.2,8,6,3,0.8,21,9,1.4,1.9,2.4,Gaming,10,9.4,6.4
James Lane,14,Female,Johnstad,2.2,6.3,62,2,0,6,2,7,0.7,98,18,2.9,1.1,1.1,Social Media,1,5.1,8.6
Amy Hall,17,Male,South Donna,4.6,5.8,97,3,2.3,7,8,2,2.1,40,20,3.9,1.5,1.2,Browsing,6,8.4,10
Tammy Rodriguez,15,Male,Heatherton,5.3,6.6,85,9,2.3,6,1,9,1,50,6,1.2,0.5,0.6,Gaming,6,6.7,5.9
Jon Johnson,13,Male,Watkinsland,5.7,6.7,100,4,2.5,6,7,10,0,51,9,0.8,1.3,1.3,Education,7,2.9,7.3
Ricky Martin,19,Female,South Ethan,7,9.7,86,10,1.8,8,8,7,1,132,18,0.6,1.6,0.7,Other,1,5.8,10
Katherine Marsh,16,Male,Jameshaven,2.5,5.5,66,0,0.2,3,6,2,1.5,131,18,1.7,3,0.2,Social Media,8,2.9,10
Karina Miller,18,Other,Villaside,4.5,8.9,59,7,0.6,10,5,10,1,129,10,1.3,1.3,1.5,Gaming,7,3.2,7.2
Chad Roberson,16,Female,Melindahaven,4.8,5.1,88,2,0.4,10,5,9,1,142,16,3.2,1.8,0.9,Other,2,5.4,10
Timothy Mcmillan,16,Female,East Alexanderburgh,4.4,6.1,65,10,0.7,3,2,5,1.4,98,6,2,0.6,0.1,Education,7,5.6,7.1
Juan Villanueva,19,Male,South Andreaview,6.2,6.5,90,2,0.2,2,9,8,0.9,93,13,3.3,4,0,Social Media,5,7.6,10
Karen Fritz,16,Other,Mortonshire,3.3,5.8,83,0,0,1,6,3,1,147,16,1.9,0.3,1.9,Social Media,8,5.4,8.7
Patricia Vega,14,Male,Jenningsborough,5,7.4,79,8,0.7,7,7,9,0.6,29,9,0.8,0,0.6,Social Media,7,6.6,4.5
Benjamin Holmes,19,Female,Dayside,7.6,6.5,62,6,0.4,8,1,1,1.2,52,13,2.2,1.2,0.7,Social Media,1,6.6,10
Jeffery Johnson,16,Male,North Shawntown,7.7,7.5,58,8,0.3,4,2,9,0.7,32,8,1.3,1.4,0.7,Gaming,9,5.3,8.9
Erin Lee,17,Female,Ruthbury,3.4,7.5,72,3,1.8,9,8,4,1,101,14,3.6,1.4,1.5,Other,2,4,9.5
Alexis Martin,15,Other,Rioshaven,5.6,7,79,4,0.6,1,6,5,0.8,34,10,3.6,1.8,0,Browsing,3,6.2,10
Robert Barnett,15,Male,Weeksville,4,3.4,89,3,0.9,1,5,6,0.8,141,13,3,2.1,0.7,Gaming,8,6.6,10
Danielle Williams,14,Other,New Nathanielland,4,7.6,61,4,0.8,9,9,9,0.1,73,18,4.8,2.3,0,Other,4,7.2,10
Miguel Smith,18,Male,Garciaburgh,9,7,92,2,0.9,4,1,8,1.5,81,14,2.3,2.3,1.5,Social Media,3,7.4,10
Kyle Gibson,14,Female,New Jorgefort,3.4,6.7,71,8,0.7,5,1,6,0.6,76,19,1.2,1.1,1,Browsing,9,9.4,7.7
Susan Munoz,19,Other,South Sherry,2.8,5.4,66,2,1.8,2,4,9,1.4,80,16,2.7,1.8,0.9,Browsing,2,6.7,9.4
Victor Carrillo,13,Other,Lake Stephenfort,8.2,5.1,82,1,0,6,3,2,0.2,108,15,2.2,1.8,1,Gaming,10,8.3,10
Nicholas Cook,15,Male,Lake Walterport,7.5,7.3,65,0,1,7,6,3,0.5,149,17,3.2,1.5,0.6,Other,10,5.5,10
Jo Henderson,17,Other,Port Seanfort,9,5.1,51,8,0.9,4,10,2,1.5,79,7,3.4,0.1,1.2,Other,7,3.8,10
Allen Gillespie,19,Male,Wilsonhaven,6,6.7,54,2,0.3,7,10,7,1.1,104,13,1,1,0,Browsing,1,8.2,9.3
Derek Wood,16,Other,Shaunhaven,8.3,5.5,74,7,2.3,5,3,9,1.1,81,20,3,1.4,0.8,Browsing,8,9.9,10
Joshua Hendrix,17,Other,East Wesley,4.8,5.4,65,6,0.3,1,4,7,1.7,103,17,0.4,0.8,0.4,Browsing,7,8,8.8
Devin Ward,15,Other,Brooksberg,1.9,8.6,75,8,0,3,4,1,0.9,129,8,2.5,1.9,0.1,Social Media,3,1.6,6.2
Joshua Cummings,19,Other,Castanedaton,6.2,6,96,6,1.9,6,4,5,1.4,93,6,2.5,0,0.6,Other,2,6.7,8.8
Joshua Martin,16,Female,South Kristinamouth,4.4,6.4,53,6,0.7,10,1,10,1.1,124,14,3.4,0.4,0.9,Education,8,5.7,10
Daniel Wallace,19,Male,Jasonmouth,6.4,6.1,97,8,2,5,7,1,0.2,31,8,3.4,1.7,0.2,Browsing,7,5.2,10
Patricia Baker,14,Female,Port Sethberg,2,4.7,96,1,0.8,10,9,2,0.3,135,9,3.9,1.1,1.5,Browsing,8,4.8,9.2
Christopher Buckley,19,Other,North Antonio,8.2,7.2,72,1,0.5,7,4,9,0.9,32,5,2.3,3.3,0,Gaming,3,3.1,10
Lisa Boyd,16,Male,East Williamview,5.2,6.6,100,7,0.6,4,2,10,1,123,16,4.1,1,0.7,Social Media,1,6,10
Alicia Dickson,16,Male,West Christine,3.6,7.3,61,2,1,5,4,7,1.2,30,11,3.6,1.8,1.3,Education,9,2.7,8.2
Jennifer Hernandez,14,Other,Simmonsfurt,6.2,8.1,55,4,2.6,7,8,10,1.7,103,14,1.4,3.6,1.6,Education,7,7.3,10
Brittney Burnett,14,Female,Thomasburgh,2.6,7.6,64,2,2.3,2,5,10,0.6,126,13,4.5,0.9,1.8,Social Media,5,5.2,9.3
Caitlin Collins,19,Male,East Angela,2.9,3,54,5,2,8,4,3,1.5,73,19,2.1,0.9,1,Education,6,5.7,9.7
Travis Carlson,13,Other,Marshallport,7.3,7.6,59,3,2.2,6,5,3,1.8,141,18,2.4,1,0.6,Social Media,1,8.5,10
John Hawkins,17,Other,Port Tinamouth,3.7,8.1,67,9,0.4,5,8,9,0.9,117,17,2.8,1.7,0.6,Browsing,3,4.2,9.9
Samuel Reed,16,Male,Port Shannonside,6.8,5.9,53,1,2,9,4,8,1,91,6,4.6,1.9,0.8,Browsing,8,3.1,10
Sabrina Davis,14,Other,East Lisastad,5,5.7,98,4,2,6,1,2,0.3,61,5,0.2,3.1,1.4,Other,10,2.4,7.7
Brenda Christensen,15,Female,Port Tannerchester,4.6,6.1,64,1,0.8,2,10,6,1.5,123,11,2.3,0,1,Browsing,3,5.8,8.5
Mr. Matthew Rodriguez,15,Other,North Jordantown,1.9,7.7,58,4,1.5,7,9,7,1.7,103,11,2.3,0.8,0.2,Gaming,8,2.8,5.4
Oscar Williams,17,Male,West Chloebury,4.9,7.4,55,4,2.6,8,7,8,0.1,139,16,3.5,0.6,1,Gaming,9,4.9,10
Trevor Brown,19,Male,New Christopher,6.8,3.4,60,4,0.7,2,8,4,1.4,96,18,1.7,3.6,0.3,Social Media,6,4.7,10
Albert Shaw,14,Female,North Megan,3.8,6.4,51,1,1.2,10,6,7,0.5,121,14,3.5,2,1.1,Social Media,6,7.1,10
Alexander Wright,15,Other,North Stevenberg,1.5,8,97,7,1.7,1,8,5,0.3,111,15,2.3,2.7,2,Social Media,1,9.7,7.7
Kylie Hansen,16,Female,South David,6.4,4.6,64,4,1.1,8,6,6,0.8,106,17,3.6,0.2,1.5,Social Media,6,7.9,10
Ariel Warren,13,Female,New Cindy,3.9,5.8,66,5,1.4,5,5,8,0.6,119,15,1.1,0.8,1.8,Education,1,5.8,8.3
Stephen Mcdonald,17,Female,Port Jasminetown,5.8,8.5,99,3,2.1,6,6,10,0.3,76,20,1.9,0.1,0.3,Social Media,1,4.5,9.1
Michael Ramirez,19,Female,Angelahaven,8.3,6.7,67,7,1.3,9,6,1,1.2,43,8,2.5,2.3,1.8,Social Media,2,3.5,10
Aaron Ortiz,19,Male,West Juliehaven,4.8,6.3,61,6,1.6,8,7,2,0.6,67,11,3.6,1.3,1.4,Gaming,5,8.4,10
Megan Hughes,16,Female,Joshuaborough,4.8,5.3,71,10,2.5,7,10,2,1.6,30,16,3.5,2.5,0.6,Other,9,7.1,10
Mary Solomon,19,Female,West Felicia,6.1,7.2,62,4,1.7,9,5,9,1.9,72,12,2.7,1.3,0.7,Gaming,8,7.8,10
Shane Bond,18,Male,South Austin,2.9,7.9,81,9,1.3,6,1,1,0.1,106,7,3.7,0,1.1,Education,2,7.1,6.2
Melinda Harris,19,Other,South Antonio,3.5,5.1,86,5,2.4,3,8,10,1.4,148,19,0.9,3.7,0.7,Education,9,8.4,10
Mary Phillips,17,Female,Joseburgh,7.5,8.2,63,0,1.7,7,1,10,0.6,140,14,3.8,2.2,1.5,Other,3,4.1,10
Pamela Williams,16,Female,Lisashire,4.7,5.2,72,1,2.3,6,4,1,1.7,26,13,1.6,0.3,0.7,Social Media,1,6.3,7.1
Christopher Fisher,19,Other,New Andre,2.9,8.7,77,7,1.1,3,8,7,0.7,91,5,1,1.4,0.2,Social Media,8,5.9,3.8
Sharon Weaver,14,Female,New Edward,3.8,6.6,81,4,0.8,2,6,9,0.8,30,7,1.6,1,0.5,Browsing,1,6.2,5.1
Timothy Thompson,13,Female,Maddoxbury,5.6,9.2,82,10,2.5,10,4,9,0.1,78,9,0.8,1.2,1.5,Gaming,7,8.3,6.4
Jared Tyler,15,Male,South Kimberlymouth,9.4,6.7,68,1,2.6,3,8,6,1.2,79,16,0.8,1.7,2,Browsing,5,4.9,10
Jessica Day,14,Other,Port Jamesside,4.2,3.9,50,7,1.7,9,4,6,1.6,127,14,4.3,2.6,1.7,Gaming,7,4.4,10
Emily Hall,13,Male,South Crystalchester,8.7,4.3,68,9,1.7,8,8,1,0.3,126,16,2,3.1,0.5,Education,9,2.4,10
James Lang,17,Male,Mcconnellborough,2.7,6.4,80,6,0.9,10,3,8,1,44,8,2.4,0.6,0.8,Social Media,10,5.3,5
Casey Sanford,18,Male,Mccoyland,4.8,8.1,56,8,1.5,1,1,2,1.3,20,17,2,0.1,2.5,Social Media,2,8.5,6.6
Jennifer Fleming,15,Male,North Debrafort,3.9,7.6,85,10,0.3,2,1,9,0.4,115,12,2.7,1.4,0.8,Browsing,2,5.7,8.9
Dennis Aguirre,19,Male,East Julia,5.6,7.3,83,0,1.2,5,10,7,1.3,31,16,4.3,2.4,1.5,Browsing,4,8.5,10
Brandi Glover,13,Male,Robertberg,5.9,4.8,80,0,0,6,3,8,1.9,84,6,2.1,2.6,3,Browsing,10,8.4,10
Kristina West,17,Other,West Richardton,6.6,7.6,82,9,0,2,1,7,1.4,101,8,1,3.5,0.3,Gaming,8,4.4,10
Diana Strong,15,Other,East Ashleyborough,4.4,4.3,87,6,0.1,3,3,6,1.6,44,19,2.2,0.2,1.7,Education,8,8.4,9.3
Kenneth Smith,14,Female,Greeneside,5.9,3.9,64,7,0.9,5,5,4,1,70,20,3.1,2.7,0.9,Other,10,7.5,10
Colleen Snyder,15,Female,Lake Lynn,6.3,8.2,73,5,0,4,10,7,0.5,97,7,1.6,1.5,0.7,Social Media,1,4.8,8.6
Mr. Christopher Buck,17,Other,Wardmouth,3.3,7.2,89,2,1.7,8,9,6,0.5,98,18,1.9,1.6,1.2,Gaming,7,7.5,8.8
Jesse Hernandez,16,Other,Lake Julieburgh,8.8,4.3,64,3,1.7,1,10,5,1.4,130,19,2.4,2.4,1.2,Gaming,10,3.9,10
Diana Taylor,14,Other,West Alyssa,5.6,6,60,10,1.7,9,4,10,1.1,92,7,2.8,1.5,0.3,Education,6,4.8,10
Tara Gibson,14,Male,New John,7,8,64,4,0.4,10,10,10,1.2,77,6,2.2,1.6,1.9,Browsing,8,6.5,9.5
Sean Flores,18,Other,Jesusmouth,7.1,7.4,64,3,1.6,6,1,2,0.7,26,20,4.1,2.9,0,Other,3,6.3,10
Anthony Small,14,Other,Port Lynn,2.3,7.5,84,9,0.6,1,9,2,0.7,46,6,2.8,2.1,0,Other,5,6.8,5.6
Joseph Conrad,19,Other,Smithtown,4.8,4.6,91,0,0,5,10,9,1.4,37,10,1.8,2.3,0.7,Education,6,7.2,9.3
Dr. Kelly Collins,19,Female,Brianbury,5.9,10,59,2,0,2,10,9,1.4,50,20,3.7,0.6,0.7,Browsing,7,3.6,10
Margaret Edwards,13,Male,Port Ana,5.4,5,71,9,2,7,2,3,1.2,99,10,2.6,1.8,1.9,Browsing,6,7.8,10
Phillip Stewart,18,Male,New Cory,5.1,6.4,74,6,0,2,5,7,1.7,90,17,3.1,0.5,1.3,Education,3,6.9,10
Jonathan Crosby,18,Male,North Jamie,4.4,7,87,6,1.9,5,7,8,0.2,77,13,1.9,0.8,1.6,Browsing,3,6.7,7.7
Dorothy Hodges,14,Other,New Larryville,8.7,6.5,86,9,0.5,5,4,6,1,35,6,2.3,1.8,1,Browsing,4,7.9,10
Alicia Wang,15,Other,Emilyfurt,5,5.5,53,9,1.6,3,5,10,0,37,8,2.8,1.2,0.5,Gaming,10,9.2,8.6
Stephanie Gutierrez,14,Male,Patrickhaven,3.2,4.8,50,3,1.4,3,1,3,1.1,89,7,1.9,2.6,0.9,Social Media,10,3.8,8.5
Lauren Schmidt,16,Other,Lisamouth,2.8,7.5,55,3,1.1,1,5,1,0.7,119,20,3.9,0.9,0.5,Social Media,6,2.8,10
James Phillips,17,Female,Johnmouth,5.5,6.4,98,7,1,9,7,1,1.1,140,13,2.8,0,0.7,Gaming,1,6.5,10
William Cole,19,Other,Angelicamouth,3.7,5.7,65,9,0.4,1,6,8,0.3,143,6,3.4,1.3,0,Social Media,10,7.3,9.6
Megan Sullivan,13,Male,Martinmouth,7,6.3,66,6,0,8,6,9,0.2,136,12,1,1.5,1.2,Social Media,1,3.8,10
Michelle Faulkner,13,Male,South Cassandraville,6.4,7.7,51,7,0.5,9,2,6,0.1,146,20,2,3.6,0.7,Gaming,8,9.7,10
Tracy Novak,17,Female,West Thomas,4.4,4.6,56,7,2.4,3,1,8,0,133,7,2.7,0,0.7,Education,7,10.4,8.9
Leonard Moore,15,Male,North Justinside,1.9,6.2,92,8,0.7,6,5,8,0.6,99,14,1.1,1.3,1.2,Other,2,6.1,6
Ashley Hamilton,15,Female,Maryfort,6.4,8.9,75,1,0.5,8,5,10,0.6,45,15,3.3,2,0.4,Other,10,8.1,10
Angela Butler,14,Other,North Paulhaven,3.6,6.7,52,3,1.7,6,3,2,0.6,129,12,2.5,1.3,0.8,Browsing,6,8.9,9
Molly Colon,19,Male,Rogersmouth,6.9,6.4,62,4,1.4,9,1,1,1.6,146,9,3.2,0,0,Browsing,8,5.8,10
Jonathan Smith,15,Male,North Russell,6.3,8,92,10,0,3,9,6,1.4,74,19,1.7,2.8,1.3,Education,3,7.2,10
Patrick Lopez,19,Other,Perezstad,6,6.2,60,3,0.5,10,7,7,2.1,75,5,2.3,0,1.3,Browsing,7,4.2,7.7
Meghan Jackson,17,Male,Walkertown,3.9,5.8,55,5,0.9,5,8,10,0,132,11,1.8,0.4,1.2,Browsing,7,4.5,8
Maria Davis,13,Male,Davidstad,4.9,8.8,59,0,2,8,3,2,0.5,27,6,2.3,2.3,1.9,Browsing,8,6.8,6.8
Sandra Byrd,13,Female,New Amy,6.4,4.7,87,7,0.8,7,8,9,1.5,149,9,2.4,1.7,1.2,Other,1,4.8,10
Jack Foster,14,Other,Moorefort,10.3,7.3,51,4,2.8,4,10,7,0.9,91,14,3.9,2.3,0,Browsing,2,11,10
Rebecca Gill,13,Male,Lake Sarah,5.3,8,66,3,1.7,7,6,9,1.3,36,9,0,1.5,1.1,Browsing,7,6.1,5.3
Jorge Parker,15,Other,Garcialand,3,7.6,83,7,0.6,9,5,9,1.1,46,7,0.8,2.4,1.3,Gaming,9,5.2,4.7
Benjamin Miller,18,Female,Matthewport,4.3,3.2,91,4,0.4,6,4,5,1.9,104,20,2.6,1.1,0.9,Browsing,4,6.5,10
Christopher Jensen,17,Male,Lake Johnhaven,3.6,8.5,97,8,1.7,9,1,3,0.4,54,5,2.5,2.5,1.3,Education,10,5.4,6.4
Todd Mcdaniel,16,Other,Michaelborough,4.4,7.5,80,3,0.8,1,6,8,0.7,20,10,2.6,2.4,0.7,Social Media,5,10,8
Joseph Graham,17,Male,South Lauren,4.8,6.7,89,5,1.6,7,4,2,1.3,136,6,0.7,0.4,0.4,Gaming,3,4.3,6.5
Michael Hahn,16,Female,South Jason,7.7,6,61,9,2.6,7,7,9,0.8,66,7,2.6,3.3,2.6,Gaming,1,4.2,10
Jerome Olson,18,Female,South Ashley,7.2,8.1,78,10,0.8,10,6,7,0.4,86,9,0.6,3.1,1.3,Social Media,10,9.3,10
Michael Brown,17,Female,East Ryanhaven,4,5.5,76,10,0.3,6,2,8,1.3,114,11,1.8,0.9,1.9,Other,7,2.7,8.4
Kenneth Johnson,18,Other,Burnetthaven,3.1,7.2,51,7,0.8,1,9,3,1.4,110,13,3,1.1,1.1,Other,7,2.4,8.4
Ronald Wise,13,Other,Emilyfurt,5.3,7.6,76,1,1,7,3,9,0.5,130,10,1.8,0,1,Education,9,7.2,7.9
Elizabeth Jennings,16,Female,East Darrenmouth,1.6,7.6,53,1,0.3,3,9,4,0.9,104,10,2.5,2.3,2,Social Media,9,6.2,6.7
Sherry Cooley,16,Male,Bernardberg,6.5,5.9,69,6,1.1,5,4,4,0.8,136,13,3.3,0,1,Other,6,6.2,10
Matthew Francis,14,Other,New Penny,8.3,9.4,78,6,2.1,7,1,6,1.5,67,19,3.8,2.3,1.5,Browsing,9,7.1,10
Jason Murray,15,Other,Port Melissa,2.1,6.3,50,4,2.1,7,6,10,1.4,88,16,2.6,1.3,2.2,Gaming,10,4.2,7.8
Sarah Ibarra,15,Female,New Holly,5.8,6.1,90,0,0.3,6,3,3,1.3,141,11,2.3,1.2,1.6,Gaming,5,2.8,10
Valerie Sanchez,13,Male,East Carmenberg,1.4,5.9,58,3,2.7,7,2,7,0.9,103,6,2.7,2.5,0.3,Social Media,2,5.5,6.9
Timothy Smith,13,Male,South Sherryton,1.9,5.9,50,4,1.1,7,8,4,1.6,75,13,1.7,0.7,1.1,Browsing,9,6.5,5.4
Matthew Jones,18,Other,Davischester,5.7,5.2,67,7,1.5,5,6,5,1.3,117,17,1.5,3.1,1,Social Media,2,5.9,10
Rebecca Rose,15,Female,North Ashley,5.2,5.7,77,8,2.5,1,8,4,1.4,85,15,3.1,2.5,0.3,Social Media,3,7.1,10
Todd Munoz,19,Female,Sandraland,5.6,6.5,77,4,0.5,10,9,1,1.8,70,11,2.5,0.7,0,Social Media,4,6.9,9.1
Jacob Serrano,14,Other,New Baileyshire,3,4.7,85,2,1.7,8,10,7,0.4,125,18,2.5,0.7,0.7,Social Media,4,2.9,10
Brian Wagner,18,Other,Andrewsside,8,7.2,72,0,1.7,4,6,9,1.3,23,18,2.4,0.9,0.9,Browsing,9,5,10
John Santos,13,Female,East Theresaport,4.4,5.1,72,10,1,9,9,2,1.8,41,18,1.2,0.9,0.4,Education,7,5.5,8.4
Tamara Huynh,14,Male,North Edwardberg,3.6,8.7,51,4,1.6,10,10,4,1.1,119,7,1.7,0,1.9,Education,3,2.5,4.7
Sara Adams,13,Other,Allenborough,3,7.1,72,6,2.2,5,2,9,1.9,106,10,1.1,1.4,0,Education,1,5,6.1
Dalton Clark,18,Male,Jefferyshire,3.2,6.9,53,0,0.8,6,4,3,0.8,144,19,1.9,2,0.4,Other,2,6.5,10
Dennis Wyatt,19,Male,Bowerschester,6.8,5.9,69,4,0.1,6,8,1,0.7,141,8,2.8,0.6,0.5,Browsing,4,7.7,10
Vincent Logan,15,Male,Gilbertshire,3.2,6.8,85,3,0.2,10,9,8,0.6,119,20,1.1,2.3,0.9,Gaming,4,4.5,9.6
Michael Graves,13,Other,Lindaton,8.8,9.5,56,1,0,1,9,9,2.2,84,9,3.5,0.7,1.7,Gaming,10,6.6,10
Margaret Lewis,14,Other,North Colleen,4.9,8.7,85,9,0.7,2,8,7,1.7,41,18,3.2,0.9,1.4,Education,3,5.2,9.1
Robert Melendez,18,Male,New Michaelbury,6.9,4.2,75,6,0,3,8,2,1.3,137,8,3,0,1.1,Other,3,4.8,10
Christopher Phillips,17,Female,West Jason,4.7,5.9,83,9,0.6,4,7,9,1.1,51,5,1.6,3.7,0,Gaming,6,4.9,9.1
Gary Smith,17,Other,South William,9.8,5,65,0,0.6,5,2,9,1.6,81,8,2,2.1,1.6,Education,10,8.1,10
Joseph Davidson,18,Other,Lake Jesse,4.9,5,93,1,1.3,5,3,8,1.5,85,7,1.1,1.2,0.8,Browsing,1,4.1,7.8
Gabriel Rogers,13,Female,Amberview,1.3,3.2,61,0,0,3,7,2,0.4,92,8,2.5,2,0,Education,3,10.3,7.6
Ms. Diana Martinez DDS,18,Male,West Bobbyborough,3.1,5,92,0,0.5,2,1,7,1.2,93,9,2.4,2.7,0.7,Other,3,7.2,9.4
Larry May,17,Male,Jasonstad,8.3,6.1,72,8,1.5,7,4,10,1.1,67,8,2.7,2.3,2.1,Browsing,5,5,10
Kyle Hammond,13,Female,Wilsonfurt,2.3,7.1,59,9,0.5,2,6,4,1.5,43,15,2.9,2.5,2,Gaming,4,3,8
Kelly Curry,13,Female,Lake Kellieview,5.6,8.9,52,9,1.1,6,9,3,1.3,115,12,2.9,1,1.1,Browsing,9,7.4,9.8
Jeffrey Mercer,19,Female,Bassview,3.3,9.3,85,4,0.5,1,9,10,1,59,5,2.7,3.3,1.5,Education,9,4.5,6.8
Sierra Tran,14,Female,Lake Thomasport,0.9,7.4,94,2,1.5,10,1,4,0,104,11,3,2.3,0,Browsing,4,3.4,6.8
Julie Martinez,18,Female,Amandaburgh,5,5.3,77,9,1,6,6,9,1.1,122,15,2.8,0.8,0.9,Gaming,8,7.3,10
Joseph Lopez,18,Other,North Georgeberg,4.7,4.9,97,2,2.3,8,6,8,1.3,130,13,4,2.9,0.3,Gaming,9,5.3,10
Willie Parker,17,Female,Lake John,7.5,8,84,3,0,8,1,3,1.4,111,12,2.2,0.9,0.7,Other,1,8.5,10
Tonya Juarez,13,Other,West Marc,4.6,6.8,74,3,1.2,10,8,1,1.3,58,18,2.5,1.5,1.3,Browsing,1,9.8,10
Teresa Haley,14,Male,Ericfort,1.3,5.4,70,5,0.8,9,3,10,0.8,133,6,2.3,2.6,1.6,Browsing,7,5.8,7.4
Amanda Vance,13,Male,Jasonberg,0.8,6,71,3,0.4,10,7,2,1.4,139,18,3.2,0,1.5,Gaming,10,6.3,7.4
Anthony Lopez,19,Male,West Leah,4.4,5.6,53,2,0.3,9,9,7,0.9,66,12,3.1,2.4,0.7,Education,7,7.7,10
Kylie Ellis,14,Male,Kerrhaven,8.2,5.4,77,1,1.7,10,5,6,1,137,14,2.4,2.2,1.3,Gaming,10,9.3,10
Benjamin Delgado,17,Female,Mooreland,2.6,4.5,62,2,0,9,4,6,1,46,14,2.9,0,0.7,Browsing,4,8,7
Brandon Rodgers,17,Male,Andersonland,3.7,5.6,57,4,0.7,5,1,4,0.3,127,20,3,2.3,0.6,Browsing,8,3.8,10
Shannon Miller,18,Other,Austinview,4.7,3.6,99,7,1.4,8,8,4,1.1,105,5,1.9,1.1,1.2,Browsing,5,4.8,9
Ashley Kennedy,18,Male,Rachelside,7.2,6.2,65,6,1.2,1,2,2,1.9,70,19,2.8,0.5,0.7,Browsing,4,4.5,10
Matthew Phillips,15,Female,West Joshua,6.3,6.5,83,9,2,3,7,1,1.5,82,17,2.7,1.7,0.6,Gaming,9,4.1,10
Benjamin Peterson,13,Other,North Heatherhaven,2,8.1,57,2,0.8,6,8,1,1.4,126,19,1.8,2.1,1.6,Gaming,1,5.6,8.2
Joseph Stanley,15,Male,Jeremyport,9.7,6.6,71,0,0.9,9,9,4,0.4,71,13,1.3,1,1.5,Browsing,4,2.4,10
Laurie Collins,14,Male,North Kenneth,3.9,5.7,89,2,1.5,5,9,10,0.7,22,8,2.6,2,1.4,Browsing,6,6.8,7.7
Anita Griffith,16,Other,Whitneybury,8.7,5.8,57,10,0.1,4,8,10,2.1,129,18,2.8,2.4,3,Gaming,7,2.6,10
Thomas Miller,15,Other,New Cynthiaberg,3.9,6.8,52,5,0,10,6,8,1.6,82,16,0.6,1.5,0,Other,6,5.2,7.4
Christopher Gonzalez,18,Female,Jonathanshire,0.9,7.1,76,0,1.3,2,8,2,0.3,37,19,2.9,3,0.3,Education,3,8.3,7.8
Alison Wilkerson,14,Other,Devinton,3.8,5.8,86,8,1.4,3,1,1,0.1,103,20,0.5,2.1,0.2,Gaming,4,3,9.6
Scott Robinson,18,Other,Port Kennethtown,9.5,7.5,90,4,0,1,3,10,0.6,136,18,2.6,0.4,0.8,Browsing,9,6,10
Brandon Holden,15,Other,North Jermainestad,3.5,6.5,82,2,2.4,1,2,3,0.3,53,17,1.3,2.1,0.6,Social Media,4,1.6,8.1
Carla Hall DDS,15,Male,Stantontown,5.1,6.6,98,7,1,9,7,1,0.9,92,11,2.9,1.3,1.2,Education,7,5.4,10
Denise Hull,14,Male,Port Kellyburgh,0,4,84,5,1.5,10,4,3,0.7,20,5,2.9,1.4,0.5,Other,5,4.2,3.7
Lisa Garza,18,Male,Port Brian,4,9.5,90,4,1.8,7,1,8,1.9,99,5,2.8,2.1,0.6,Browsing,1,4.2,7.1
Andrew Meyers,19,Other,Lewischester,7,4.8,57,7,1.3,3,8,2,0.9,82,19,2.5,0.4,0,Browsing,7,6.6,10
Amanda Walker,14,Male,North Lauren,3.5,6.7,76,6,1.1,9,4,7,0.7,107,15,2.3,1.8,1.6,Gaming,3,3.9,9.4
Jennifer Wood,19,Female,Lake Jessica,4.3,6.8,67,8,1.8,3,7,5,1.3,129,12,1.8,1.1,1.4,Education,4,4.7,8.8
Isabel Rios,17,Female,North Michelle,3.7,5.5,84,1,0.5,10,5,6,0.8,98,6,3,0.9,1.3,Social Media,3,4.5,8
April Harris,19,Other,Greenport,7.4,4.3,86,2,0,9,10,7,0.6,73,15,3.3,3.3,1.9,Other,7,8.1,10
Annette Jones,17,Female,Saraborough,4,7.5,54,9,1.2,6,6,8,1.3,130,11,3.1,2.8,1.4,Education,10,10.8,10
Yesenia Vasquez,16,Other,South Ronald,3.8,6.4,86,9,0,9,9,5,0.4,20,20,2.6,1.5,1.9,Browsing,1,2.5,9.1
Carly Banks,18,Other,Hutchinsonhaven,5.7,4,68,3,0,7,9,10,0.3,149,8,4.6,1.6,0.8,Social Media,6,4.7,10
Scott Wells,13,Other,Maddoxview,3.9,7.8,72,10,1.8,5,7,1,1.5,145,20,1.4,1.5,0.6,Browsing,4,10.5,9.8
Brianna Smith,15,Male,Port Alejandrochester,5.9,7.1,86,9,0.6,8,4,6,0.4,61,10,0.7,1.9,1.6,Social Media,7,4.5,8.2
Michael Armstrong,13,Male,New Calvinhaven,3.2,7,100,3,0.6,5,8,5,0.5,35,11,2.2,1.6,0.7,Browsing,1,8.3,6.4
Jade Parker,18,Other,Donaldshire,4.3,5.9,62,4,0.6,1,6,3,1.9,144,11,0.4,1.8,1.6,Social Media,1,10.2,8.6
Judy Yu,14,Female,East Victorfurt,5.4,5.1,92,1,0,1,4,1,0.9,146,8,3.1,1.7,1.4,Other,10,3.8,10
Angela Henderson,19,Male,Kylemouth,6.2,6.1,88,6,1.9,6,10,5,0.9,86,18,3.8,0.4,0.8,Browsing,9,5.3,10
Shannon Lane,14,Other,Lake Davidborough,2.4,7.9,69,6,1.2,7,7,8,0.4,68,8,1.6,0.1,1.3,Social Media,5,4,3.1
Chloe Stone,16,Female,Atkinsonshire,3.3,6.8,95,10,1.3,2,9,4,0.8,129,9,4.3,2.5,0.2,Education,10,5.4,10
Monica Nguyen,14,Male,Markshire,8.1,9.3,54,3,0.3,7,1,9,1.6,118,20,2.9,1.4,1.4,Other,1,6.5,10
Christy Nelson,13,Female,South Heather,5.9,7.3,68,0,0.2,1,3,6,1.8,64,15,4.3,1.2,2,Education,4,10.5,10
Stephanie Martinez,17,Other,Kathrynmouth,4.1,7.3,93,7,0.7,9,5,3,2,118,9,3.5,0.7,0.5,Browsing,10,5.1,8.8
Chad Johnston,17,Female,Port Zacharyside,5.8,4,67,3,1.8,3,2,5,0,141,12,2.7,0.6,0.7,Social Media,1,6.4,10
Danielle Adams,16,Male,Jaclynborough,3.8,5.7,58,10,0.7,1,6,5,1.3,70,19,1.3,2.5,1.2,Browsing,6,6.5,10
Stephen Robles,18,Male,Lake Yolandaburgh,6,9.5,95,3,1.6,1,5,5,0,22,16,3.3,1.4,0.4,Social Media,1,7.3,9.6
Gina Miller,16,Other,Briannastad,3.9,6.5,70,0,0.7,9,1,1,1.3,74,6,2.5,1.7,0.4,Other,1,8.1,7.5
Jeffrey Roberts,16,Female,Katherinebury,7,7,98,3,1.3,2,3,10,1.4,29,17,3.8,2,0.9,Social Media,6,8.1,10
Alex Tanner,18,Male,Kiarachester,8.1,5,58,2,0.9,2,3,5,1.6,30,15,3.5,1.6,0.8,Gaming,6,5.1,10
David Turner,15,Male,West Sarah,3.2,8.7,58,4,0.6,8,3,4,1.4,26,20,3.4,2.1,0.5,Education,5,7.7,8.9
Jennifer Wright,15,Female,Joshuaport,7.3,6.9,50,1,1.1,10,10,1,0.3,130,17,3.7,1.6,0.1,Education,9,8.3,10
Jessica Moore,15,Other,East Troy,6.2,6.8,99,8,0,10,1,6,0.7,102,8,1.8,1.6,2.3,Social Media,10,3.9,9.8
John Alvarado,18,Female,Joannamouth,5.2,9.2,72,6,1.4,5,5,9,1.4,45,14,2.9,0.8,1.7,Browsing,3,8.6,8
Julie Thornton,18,Female,North Angela,4.3,9,58,0,0.8,7,3,3,1.1,70,20,1.7,0.3,1.1,Browsing,3,7.1,7.2
Janet Miller,17,Female,Christianshire,8.3,6.8,83,8,0.5,5,8,1,0.8,35,15,1.1,1.7,1.1,Gaming,3,4.9,10
Amy Peterson,18,Male,Sheilaborough,4.5,3,67,2,3.6,2,5,10,0.5,129,8,2.5,1.5,0.4,Other,2,7.2,10
Angel Hale,16,Female,Hugheschester,5.4,9.8,85,1,0.2,8,7,6,0.9,20,18,3.2,0.6,1,Gaming,7,5.2,8.3
Kimberly Miller,13,Male,Bakerview,3.6,6.8,50,1,0.1,9,1,6,0,40,20,2.4,4,1.4,Other,2,5.3,10
Janet Smith,13,Other,Bradleybury,3,10,84,3,1.9,8,2,3,1.4,119,19,2.6,0.5,1.1,Education,8,9.5,7.3
Emily Daniels,17,Male,Marcusside,5.8,6,53,0,1.7,9,5,6,1,125,14,5,2.5,0.5,Browsing,2,5.3,10
William Mueller,18,Female,North Elizabethchester,4.1,6.7,56,5,0.8,2,9,7,1,121,12,4.9,4,1.2,Gaming,6,7.2,10
Gabriel Kemp,19,Other,Bradland,2.2,7.4,56,8,0.4,10,7,3,0.5,58,14,1.4,1.7,0.9,Gaming,9,6.1,5.6
Edward Gibbs,14,Male,South Catherine,5.3,6.1,90,2,1.3,6,8,4,0.1,141,12,2,3.1,1.7,Gaming,6,5.5,10
Rachel Carter,13,Other,West Sherryberg,1.1,7.7,52,7,1.1,4,6,4,1.4,89,19,0.9,2.5,1.1,Gaming,3,6.3,6.2
Steven Schultz,13,Other,West Elizabethland,5.6,6.8,78,2,0,10,3,5,1.3,125,11,1.3,1.7,1.1,Gaming,3,8.4,9.9
Mr. Joseph Brown MD,15,Female,North Ericborough,2.6,4.7,86,7,1.6,6,9,1,0.6,145,15,3.8,2.2,1,Browsing,2,6.4,10
Donna Lewis,16,Other,Howardfurt,5.1,3.3,69,4,0.8,9,8,2,1.5,65,15,2.7,2.6,1.9,Social Media,9,2.8,10
Todd Patel,16,Female,Wilsonburgh,6.3,5.7,55,10,1.5,2,7,3,0.3,61,7,3.1,0,1.9,Gaming,2,5.2,9.2
Nicholas Nichols,18,Male,North Jennifer,6.5,5.5,64,5,0,6,10,5,0,67,14,2.4,0.3,0.6,Education,5,4.7,10
Sara Cunningham,13,Female,New Gabrielle,6,6.4,89,6,2.1,8,9,3,1,96,9,0.5,0.8,2.3,Social Media,8,5.4,7.8
Michael Higgins,16,Female,Lake Patrickberg,7.9,5.2,84,9,0.3,3,7,3,0.5,108,12,3,2.1,1.5,Social Media,3,3.3,10
Nicole Nguyen,15,Male,South Joseph,7.7,5.8,86,8,1.4,7,8,7,1.3,76,11,2.9,3.7,1.2,Browsing,5,8.6,10
Adrienne Hernandez,17,Male,Rodriguezburgh,6.2,7.3,65,5,0.8,2,10,7,0.7,41,7,2.8,2.3,0.2,Gaming,2,6.6,9.9
James Waller MD,19,Other,Samuelport,2.3,8.5,93,10,1,10,2,1,0.9,90,12,1.9,1.6,0,Browsing,8,6.1,5.8
Elizabeth Adams,13,Other,Berrymouth,5.2,8.5,82,5,1.1,3,1,8,0,58,15,2,3.1,1.4,Education,6,8.6,10
William Sanchez,13,Other,Patelton,8.7,6.6,54,7,2.6,5,7,3,2,89,17,1.8,2.6,1.2,Gaming,7,1.3,10
Derek Cox,16,Other,Lauratown,3.9,5.9,95,0,0,7,3,9,1.4,69,6,1.5,2.3,2.6,Social Media,7,5.5,7.3
Miss Mary Smith MD,15,Male,Lake Emily,4,9.5,58,10,1,7,4,9,0.7,31,12,2.1,2.9,1,Gaming,9,10.3,7.3
Lisa Hernandez,17,Other,Tinaburgh,4.5,5.1,95,6,0.2,9,5,10,1,20,19,2.7,0.9,1.2,Gaming,4,4,9.8
Crystal Grant,14,Female,Port John,6.6,6.2,92,6,0.8,7,2,2,0.9,106,13,3.2,0.1,0,Education,4,3.8,10
Shawn Kelly,14,Other,Bridgetfurt,7.5,5.3,86,1,0.5,9,3,3,1.5,135,6,2.5,0,0.2,Other,7,5.4,10
Christina Combs,18,Male,South Mary,3.9,8.2,97,8,0.3,2,4,7,0.5,35,19,2.1,0,1,Browsing,4,7.1,6.4
Richard Thomas,15,Other,Youngmouth,5.1,5.8,100,10,1.8,2,10,6,0,123,20,1.8,2.5,0.6,Social Media,10,6.5,10
Brittany Murray,13,Male,Rachelberg,0.6,9.9,68,4,1.5,1,1,8,0.6,82,19,1.4,1.5,0.7,Browsing,7,6.2,4
Michael Bridges,19,Male,East Morgan,4,3.8,92,2,1,8,4,6,1.8,123,7,4.2,2.6,1.1,Education,5,2.7,10
John Buchanan,19,Other,Nicholashaven,4.2,6.4,84,6,1.4,4,8,10,1.1,86,5,2.1,0,1,Social Media,3,3.7,5.8
Laura Archer,16,Male,West Jeanetteborough,7.1,4.6,72,8,0,6,2,7,0.6,109,18,3.1,1.5,1.4,Education,1,5.6,10
William Snyder,19,Female,Eatonton,8.1,5.2,82,0,0.1,7,9,5,1.8,70,19,3,0.9,0.1,Education,8,5.3,10
Edward Watkins,19,Other,Stevensborough,5.2,7.5,98,5,0.7,6,7,5,0.6,115,11,2.4,1.3,1.7,Social Media,1,7.2,9.6
Michelle Dunn,17,Female,Port Sarah,2.3,4.3,56,4,0.2,10,8,6,1,72,10,2.1,2.1,2.6,Social Media,3,6.1,7.8
William Morrow,17,Male,Bellmouth,7,5.7,52,4,2,10,1,7,1.2,30,19,1.8,2.4,1.3,Browsing,3,9.1,10
Mike Morgan,15,Other,Jessicamouth,5.8,4.8,62,9,0,5,1,9,0.9,28,13,4.4,1.8,1.5,Other,1,11.1,10
Cassandra Smith,13,Other,Thomasport,6,4.3,97,10,0.8,5,9,7,0.1,33,17,4.2,1,0.5,Education,3,7.4,10
Jennifer Sims MD,14,Male,New Justinside,3,6.1,74,4,1.2,2,9,7,0,63,17,0.7,3.2,1.9,Gaming,6,5.4,8.5
Ricardo Myers,16,Male,New Joshuaport,6.5,6.3,99,9,1.1,1,2,6,1.2,110,17,2.2,0.8,0.5,Education,2,2.9,10
Mikayla Martinez,13,Other,New Justinton,5.2,5.8,97,4,0.8,9,8,5,1.6,149,7,3,2.2,0.2,Gaming,4,7.6,10
Richard Rodriguez,16,Female,Port Joseview,3.2,6.5,89,8,1.1,10,10,2,0.6,61,20,1.9,0.8,1.4,Social Media,4,6.4,7.9
Kathryn Meyers,17,Other,Lake Jessicastad,6.6,5.4,91,6,1.4,6,6,7,1.3,137,17,0.2,2,1.8,Other,8,10,10
Jason Ford,19,Other,Codyshire,5.4,7.6,51,0,0.8,1,9,1,1.5,21,5,1.9,3.6,0.7,Browsing,7,6.3,8.5
Bryan Blackwell,14,Male,Port William,4.2,8.1,85,9,2.3,5,2,9,0.9,85,17,2.7,3,0.8,Browsing,3,5.3,10
Emily Phelps,18,Male,Malonemouth,7.2,6.7,62,7,1.1,7,6,3,1,32,15,3.2,0.2,1.9,Gaming,3,3.9,10
Joshua Benson,15,Male,Lake Mallory,4.4,4.7,80,9,1.4,10,5,10,1.2,146,12,3,1.9,1.2,Gaming,1,7.2,10
Gerald Sutton,19,Male,Veronicaberg,7.9,5.7,89,4,0.8,1,2,6,1.6,97,10,1.9,1.7,1.1,Social Media,10,4.9,10
Christine Ward,15,Other,West Danielle,4.7,4.7,51,7,0,4,7,9,1.2,140,10,2.4,0,0.5,Browsing,1,3.4,9.6
Brian Reynolds,14,Other,New Shelby,4.1,8.3,85,1,0.2,3,9,7,0.6,39,6,2.6,1.5,0.4,Gaming,1,5.9,6
Lauren Montgomery,16,Male,West Anna,6.6,4.9,60,8,0,2,1,8,1.3,86,6,3.5,2.5,0.9,Social Media,6,5,10
Jeremy Wheeler,16,Female,Beckerbury,5.9,9.1,72,0,1.2,2,4,6,1,108,18,3.1,0,1.4,Browsing,2,4.4,10
Ashley Foley,18,Female,South Dianeland,7.8,8.6,60,1,0.5,7,4,2,1.7,80,6,4,1.4,0.7,Gaming,7,7.2,10
Bobby Sellers,18,Male,East Christian,2.5,7,96,2,1.2,4,10,8,0.5,134,10,2.6,1.6,1,Social Media,2,5.8,7.9
Maria Peterson,16,Other,New Rodney,6.4,8.3,80,5,1.4,5,7,7,0.8,45,12,3.8,1.4,2.1,Social Media,7,5.6,10
Rhonda Cox,16,Other,Lynchstad,4.2,7.5,75,1,2.6,4,4,10,1.4,72,16,0.6,1.4,1.2,Gaming,1,4.4,7.1
Richard Humphrey,14,Other,East Stephanie,4,6.5,67,9,1.8,6,1,1,1.2,133,11,2.4,0,0.8,Social Media,1,5.5,8
Michael Blankenship,19,Other,Jeffreyberg,6.4,5,90,7,0.8,8,4,1,0.8,121,16,1.8,1,1.9,Other,5,7.5,10
Nicholas Conley,16,Other,West Justinbury,6.3,6.7,77,9,0,9,6,7,0.6,131,17,2.3,2.4,1.1,Browsing,2,3.7,10
Andrea Ramirez,18,Other,Gloriaville,5.1,7.2,52,8,2,3,10,3,1.8,74,12,2.9,1.3,1.7,Gaming,1,6.1,9.6
Luis Krueger,19,Other,Vincentborough,5.8,5.4,83,10,0,3,6,3,1.4,104,14,0,0.5,1.2,Social Media,1,4.9,8.5
Jeffrey Parker,15,Male,Charlesbury,7.5,10,71,3,0.6,4,4,8,0.4,109,12,0.8,1.3,2.8,Other,1,10,9.2
Nancy Allen,16,Male,Wileytown,5.1,6.9,83,1,1.5,3,1,8,1.7,110,10,3.4,1.5,0.7,Gaming,2,6,10
Nicholas Lynch,15,Female,Lake Jonathan,4.3,6.7,78,3,1.7,6,1,9,1.1,43,15,3.7,0.4,1.2,Education,3,7,8.9
Jennifer Hunt,13,Male,New Hunter,3.3,7.4,93,10,0.8,6,1,7,0.1,97,19,1.9,0.8,0,Other,10,2.4,8
Maria Sullivan,19,Female,Garciabury,2.9,7,75,5,0.4,2,1,5,1.3,34,20,0.7,2.1,0.5,Browsing,6,5.7,6.9
Linda Soto,19,Other,West Charlesbury,5.4,5.4,88,0,1.1,10,9,9,1.5,61,17,1,2.1,1.8,Gaming,5,4.9,10
Raymond Flowers,17,Male,Lake Kristybury,1.4,4.9,94,10,0.2,7,10,3,1,61,11,4,0.1,1.6,Social Media,5,3.2,6.5
Nathan Rivera,13,Female,Kathleenland,8.5,5,53,4,0,9,1,9,1.2,127,16,2.8,2,0,Education,5,5.7,10
Joseph Orr,19,Male,Joshuaberg,3,4.8,98,3,1.4,4,10,9,0,20,5,2.6,0.4,0.4,Gaming,10,9.3,5
Nicholas Powell,14,Male,Lake Ashleyville,4.8,6.5,51,1,0.7,9,2,3,1.4,146,16,2,3,1.5,Other,7,6.6,10
Omar Cohen,19,Male,Lake Jesus,3.3,6.8,90,4,1,6,5,2,1.1,36,9,0.9,0.8,0.4,Browsing,7,8,4.1
Tammy Wood,15,Male,Barbaraberg,4.8,4.9,91,0,3,4,10,10,1.3,71,8,3.9,2.9,0.8,Social Media,6,9.9,10
David Hill,16,Female,East Amy,2.1,7.8,66,7,0,5,4,3,0.3,48,14,0.7,2.4,1.6,Social Media,2,8.2,5.1
Belinda Wilkerson,16,Female,Evanshaven,6,7.1,55,2,0,9,9,10,0.5,134,20,1.5,2.2,0,Education,10,4.3,10
Michelle Jacobson,18,Male,Lake Hannah,6.9,6.9,91,7,0,3,10,6,0.7,130,18,3.5,0.5,0.3,Social Media,1,6.3,10
Deborah Rice,17,Male,Dillonburgh,7.1,5.3,51,7,1.8,2,9,5,0.9,148,10,2,0.9,1.6,Other,2,4.1,10
Cassandra Hinton,14,Male,Woodmouth,3.4,5.8,73,8,2,6,10,7,1.2,128,14,2.4,1.7,1.9,Browsing,4,7.8,10
Jill Griffin,15,Other,Anthonystad,10.1,6.2,93,6,0.9,1,2,4,1.3,133,20,1.5,2.1,1.2,Browsing,3,7.1,10
Gregory Johnson,19,Female,North Samanthahaven,2.6,6,77,0,1.3,10,4,10,1.2,94,15,1.4,1.9,1.9,Browsing,9,6.7,7.8
Vanessa Hernandez,16,Male,Brownville,5.3,8.7,91,2,2.2,6,7,8,1.1,146,15,2.3,2.5,1,Other,5,7.8,10
Sophia Hawkins,13,Other,Mccoyburgh,2,6.1,55,7,0,1,9,9,1.6,87,19,2.2,0,1.3,Browsing,4,7.1,6.7
Robert Mccoy,18,Male,Emilyland,5.8,6.3,95,7,1.9,1,5,1,1.8,123,18,2.8,2.1,0.1,Social Media,9,5.8,10
Todd Nichols,17,Male,Port Brettborough,3.3,9.1,66,9,0,1,1,8,0.8,27,6,2.5,1.6,1.8,Other,10,7.2,4.6
Laura Burke,17,Other,Craigbury,5.9,6.6,54,10,1.6,10,10,6,1.1,29,12,2.2,0,0.2,Gaming,5,3.5,7.8
Nicole Lawrence,19,Male,West Kristafurt,5.6,3.9,89,5,1.5,3,3,4,1,100,19,3.5,2.1,0,Education,5,7.5,10
Jamie Costa,14,Male,Shannonside,5,8.7,93,8,0,7,5,2,1.3,119,15,1.4,2,1.5,Education,3,5.3,9.4
Taylor Mclaughlin,17,Other,Lake James,4.4,5.3,55,2,1.5,3,5,7,0.9,120,12,2,2.1,1.5,Browsing,6,10.2,10
Barry Rose,19,Male,Williamhaven,1.8,4.7,87,1,0.3,2,5,10,0.6,24,14,2.2,0,0,Social Media,9,5.7,4.9
John Thomas,15,Male,Lake Lynn,9.4,4.1,72,8,0.4,10,8,1,1.2,109,12,1.4,2.7,1.3,Other,3,7.9,10
Derrick Nguyen,14,Other,West Kaitlynview,7.2,6,65,1,0.7,10,7,4,1.4,142,12,2.4,1.5,0,Education,10,4.9,10
Katelyn Pollard,14,Male,Littleberg,0.4,9,79,9,0.6,2,2,9,0.7,36,14,3,2,0.7,Education,7,8.5,4.4
Michael Hill,17,Female,Sullivanchester,2.3,5.6,60,6,0.7,2,5,4,1,149,18,0.8,1.8,0.4,Gaming,1,6,8.7
Tara Washington,17,Female,Lake Michaelview,6,5.4,62,6,1.1,6,6,1,1.1,79,20,2.1,0.6,1.2,Education,7,5.2,10
Victor Hudson,13,Male,South Victor,5.7,6.2,73,6,1.5,6,3,8,1.4,64,20,3.5,2.3,1,Other,8,7.4,10
Stacey Cooper,17,Other,Johnsonland,1.4,6.9,56,10,1.6,7,5,4,1.1,103,7,1.9,0,1.4,Education,3,3.3,3.3
Robert Barnes,13,Male,Wendytown,5.5,7,73,10,0.5,1,4,8,1.1,102,16,2.8,1.4,1.8,Other,9,2.5,10
Kevin Thomas,19,Male,Carterland,4.8,7.1,100,4,1.3,1,5,6,0.8,36,12,2.1,0,0,Education,3,5.1,6.5
Stacey Paul,15,Female,Caseyborough,6.2,7.8,57,5,1.3,9,6,5,0.6,75,16,2.9,0,0.4,Other,3,5.4,9.9
Dean Jones,17,Other,Grahamtown,4.7,5.9,56,4,0.7,6,4,8,0.8,73,5,2.1,2.5,0.9,Other,5,2,8.8
Ian Mooney,19,Male,Port Kyle,5.9,6.5,75,2,0.1,6,3,3,1.2,63,7,2.8,1.4,0.4,Other,6,8,9.5
Kenneth Brown,16,Female,Bennettville,7.3,6,96,4,1.2,4,9,7,1.6,118,18,1.6,2.1,1,Browsing,5,6,10
Brandon Santiago,19,Female,Lake Huntermouth,0,8.8,95,10,1.9,6,1,5,0.6,21,18,3.6,1.4,1,Browsing,4,6.2,4.6
Rodney Jones,19,Other,Port Kathystad,6.1,6.5,92,7,0.7,10,10,6,1.2,103,17,1.5,2.4,0.6,Browsing,9,3.7,10
Jeffrey Lawrence PhD,19,Female,New Brianport,5,4.3,58,6,1.3,10,3,6,0.1,55,12,1.5,4,2,Education,7,6.2,10
Vanessa Bennett,17,Female,Washingtonside,3.5,5.7,59,9,0.9,5,2,1,1.2,105,10,2.1,1.7,0.7,Gaming,9,6.6,8.5
Melanie Morgan,16,Female,Catherineshire,4.4,4.1,96,5,1.6,10,7,1,1.8,90,12,2,1,1.2,Education,4,4.8,9.6
Samantha Brown,13,Other,East Sara,5.1,6.2,84,3,1,7,5,2,0.2,22,18,2.2,2.3,0.9,Other,9,6.6,10
David Brown,16,Male,Oconnorstad,6.7,5.8,52,0,1,9,10,6,1,43,16,2.5,1.6,0.8,Other,9,5.5,10
Whitney Sanchez,17,Female,West Danieltown,8.9,7.2,87,9,1.4,3,2,5,1.4,21,7,2.6,1.3,0.8,Education,4,5.9,10
Ashley Wagner,14,Other,New Steven,3.9,8.8,80,3,0.1,10,3,1,0.8,81,20,3.2,1.5,1.7,Social Media,2,5,9.8
Aaron Leon,19,Female,Bethton,6.3,7.9,76,3,2,9,2,9,0.7,140,20,2.8,2.6,0,Gaming,9,8.4,10
Christopher Preston,15,Male,North Maryhaven,5.2,3,54,5,1.8,6,2,6,1.3,95,12,1.4,2.8,1.1,Browsing,2,8.9,10
Mark Edwards,17,Male,Robinsonmouth,1.6,5.8,79,4,2,4,9,6,0.9,126,6,3.1,0.1,0,Other,10,5.8,5.6
Alicia Smith,15,Male,West Cynthiabury,3.6,4.4,66,1,0.6,3,8,7,1.5,61,12,1.1,0.3,0.3,Gaming,2,7.6,6.4
Valerie Briggs,19,Other,South Brett,3.9,6.4,87,8,1.1,4,2,6,0.7,82,20,2.5,1.9,1.7,Gaming,2,3,10
Wendy Clayton,14,Other,East April,3.7,5.1,56,1,1.7,1,10,2,0.8,99,6,1.7,1.7,1.6,Other,4,7.6,7.7
Katelyn Walker,15,Female,New Johnmouth,6.4,5.7,50,10,0.3,5,10,4,0.8,117,18,3.1,2.8,2,Other,1,1.9,10
Cynthia Gallagher,15,Other,Weberbury,2.7,4.7,69,10,0,1,8,4,1.4,59,14,1.9,1.2,1,Gaming,9,5.3,7.4
Darlene Pruitt,18,Female,Gaineshaven,8.7,7.6,63,1,1.2,8,10,8,1.7,142,16,1.3,0.1,0,Social Media,1,5.4,10
Kyle Berry,19,Female,East Natalieberg,6.4,5.1,93,5,0.5,4,9,1,1.5,112,13,1,1,0,Other,10,7.4,10
Cynthia Shaffer,16,Male,Lancestad,6.7,9.9,54,1,0.9,9,10,10,0.8,43,17,2.9,1,0,Education,3,8.7,9.9
Alfred Schmidt,14,Male,East Seantown,8,5,60,7,0.7,4,2,10,0.7,127,6,1.9,2.2,0.6,Browsing,2,5.2,10
Matthew Smith,16,Male,East Stephanieton,6.1,4.9,50,6,1,3,3,9,1.1,25,6,2.4,1.6,0,Gaming,10,2.5,9.3
Isaac Keller,17,Female,South Melissafurt,5.4,3,76,0,1.7,9,8,8,0.9,58,8,1.2,3.1,0,Gaming,9,4.3,10
John Smith,17,Other,West Courtney,5.3,5.7,75,9,0,5,8,10,1.9,33,6,2.2,1,2.1,Gaming,9,7.5,7.5
James Green DVM,19,Male,Mcintoshview,7.2,6.1,59,7,1.7,6,5,8,1.5,88,14,2.2,3.1,0.4,Social Media,4,9.3,10
Emily Meyer,16,Other,Jesseport,4.1,6.8,92,10,2.5,5,8,10,1.3,24,7,2.1,1.2,0.8,Browsing,5,6.7,5.9
Jaime Cisneros,18,Male,Lake Jessicamouth,4.7,6.5,96,1,1,1,5,10,0.9,118,20,3.1,2.6,1.7,Browsing,3,6.6,10
Melissa Kent,15,Other,Dalehaven,3,7.7,71,1,0.5,9,10,3,1,21,20,2.9,1.8,0,Browsing,7,3.8,8.3
Janice Fisher,17,Female,North Stevestad,4.9,9.1,90,9,0.2,5,5,10,1.4,47,13,2.5,3,0.8,Browsing,6,5.4,9.4
Robert Russo,18,Other,Markville,5.6,7.8,53,0,1.2,8,5,1,0.5,65,9,3.5,1.4,0.3,Gaming,8,1.6,9.7
Becky Newman,17,Male,New Joshua,4.6,8.4,93,7,0.8,9,5,1,0.6,25,8,2.9,1.1,1.3,Education,4,4.6,6.5
Joseph Stevenson,15,Other,New John,5.4,7.5,94,7,0.5,3,10,2,0.3,57,13,1.7,1,1.2,Gaming,2,4.6,8.1
Jessica Jackson,15,Male,Ericaborough,7,5.7,90,10,0.4,8,10,7,1.2,117,7,5,0.1,2.2,Social Media,6,2.8,10
Alicia Williams,16,Other,Lake Frank,7.3,4.9,58,2,0.7,10,4,7,0.6,42,17,3.4,2.1,0.6,Gaming,1,4.7,10
Christian Klein,14,Other,Mitchellshire,7.4,6.2,69,8,0.7,9,6,3,1.6,75,14,3.1,0.3,0.8,Education,2,9.4,10
Tara Martinez,18,Male,Guzmanshire,4.5,8.6,57,4,0,2,9,7,0.9,109,12,4.3,1.9,0.8,Other,6,5.5,10
Mary Jones,14,Female,Josephhaven,2.6,6.5,51,3,0.9,4,8,2,1.4,28,15,2.8,1.7,1.8,Browsing,3,9.7,7.4
Jesse Burch,13,Female,South Lorichester,5.9,4.4,73,5,0.2,10,1,6,1,94,10,3.4,1.1,0.9,Browsing,4,8.9,10
William Humphrey,19,Male,North Joy,3.3,5.5,70,5,0.1,3,9,3,1,123,19,3.5,0.2,1.5,Gaming,2,6.8,10
Stephanie Rose,13,Male,New Angelaview,6.3,4.9,55,5,0.2,1,1,6,1.1,128,15,1.8,2,0.6,Browsing,5,3.8,10
William Mendoza,13,Female,Mccannshire,5,8.6,81,9,0.8,9,9,2,0.1,97,11,1.8,1.4,0.4,Other,10,4.7,8
Alyssa Ramirez,15,Male,East Natasha,0.3,6.5,90,4,1.4,5,9,9,0,81,15,1.8,2.5,1.3,Other,4,5,6
Jacqueline Nichols,19,Female,Olsonshire,7.4,4.9,75,7,1,5,7,5,0.9,141,6,2.5,3.1,0.4,Gaming,9,5,10
Heather Smith DVM,13,Female,Brownton,4.1,9.2,77,10,0.8,3,1,6,0.9,22,17,2.6,1,1.9,Gaming,2,1,6.9
Nicholas Jones,19,Male,Gallowayland,5.8,8.5,67,4,2.1,5,9,1,0.6,73,14,3.1,2.4,1.1,Browsing,1,2.8,10
Jeffery Martinez,13,Other,West Russell,6.7,5.6,83,10,1.3,10,4,7,1.4,107,7,2.4,1.3,0.8,Browsing,3,7.9,10
Claudia Lynch,15,Female,Kathrynshire,8.1,7.8,72,8,0,5,1,3,0,37,17,2,2.4,1.4,Other,10,8.1,10
Kimberly Raymond,14,Female,South Theodore,1.6,4.4,50,6,0.1,7,5,1,1.2,65,14,1.8,1.8,1.8,Social Media,9,3.8,7.1
Frank Johns,17,Other,West Darrylside,4.5,10,65,5,1.8,5,5,4,0.6,38,15,2.8,1.4,0.8,Browsing,5,10.1,7.5
Mrs. Tonya Wilson MD,15,Male,Morsemouth,6.3,8.1,79,5,0.9,4,10,6,0.8,95,17,2.4,1.7,0.2,Social Media,3,5.8,10
Melissa Wilson,16,Female,Port Amandamouth,8.2,6.5,74,6,0.4,2,4,6,1.1,20,15,4.6,0.2,0.3,Other,6,10,10
Kimberly Cannon,14,Other,West Timothyberg,3.9,3.3,64,5,1.4,2,9,5,1.4,86,16,2.3,2,0.9,Other,4,7.4,10
Ryan Barnett,19,Male,Hannahside,5.4,5.7,57,0,1.1,4,8,4,0.8,94,12,4.1,2.3,0.7,Other,2,8.5,10
Jennifer Short,14,Female,New Raymond,7.2,6.5,80,0,0,8,4,4,1.4,121,6,1.9,1.6,0.7,Other,5,9.5,10
Justin Sutton,13,Female,North Lisa,2.2,6.6,61,3,0,7,6,5,0,104,12,2.9,0.3,1.6,Gaming,3,10.1,6.6
Kayla Lopez,17,Other,Lake Tracyland,4.9,6.4,81,1,0.4,10,4,10,0.9,77,15,3.2,2,1.3,Browsing,2,4.7,10
David Gonzales,16,Other,North Samantha,3.5,4.6,52,6,3,9,3,4,1.6,96,8,3.3,1.3,0,Browsing,9,9.2,9.3
Kristin Bolton,14,Female,New Tiffany,7.1,3,87,8,1.6,7,1,3,1.4,79,12,3.1,1.6,0.6,Browsing,3,5.7,10
Diana Smith,13,Other,West Danielside,6,5.3,93,5,2.3,2,10,8,1.7,61,9,3.4,1.1,1.8,Browsing,2,6.6,10
Diana Conner,15,Other,Bryantberg,4.3,4.5,51,2,1.2,6,7,7,1.2,40,17,1.3,1.7,1.8,Browsing,7,5.2,9.2
Brenda Holland,14,Other,Bowenshire,4.9,3.4,68,7,1.1,1,10,7,0.9,86,20,1,0,0.7,Browsing,8,5.8,9.9
Mark Williams,17,Female,West Timothystad,5.3,7.8,71,1,1.8,7,5,2,1.1,37,19,3,1.6,1.1,Gaming,10,6.5,10
Melissa Clark,16,Other,South Mariahmouth,6.4,6.5,90,6,0.4,7,2,3,1.5,54,14,1.3,1.7,1.9,Education,2,3.9,10
Mr. Thomas Rodriguez,18,Female,Dillonhaven,6.5,8.7,96,0,1.1,9,4,1,1.2,24,7,1.2,0.2,1.9,Browsing,3,5.5,5.4
Charles Navarro,19,Other,North Michael,7.9,6.4,84,1,1.8,5,6,2,1.5,42,11,0.2,1.2,1.5,Gaming,2,6.1,9.1
Stephanie Collins,18,Other,Reyesmouth,3.7,5.7,50,3,1.3,3,8,1,0.8,104,10,3,1.7,1.2,Social Media,9,4.8,9.6
Yvette Holland,13,Other,Whitefort,4.9,6.6,56,9,1.8,2,7,5,1,53,7,2,0,0.5,Education,2,7.3,6.1
Rhonda Roberts,13,Male,Lake Lisastad,3,6.8,62,9,1.3,2,1,1,1.6,44,18,5,1.5,1.1,Education,4,6.3,10
Michael Burch,17,Female,East Christopherville,0,8.5,74,1,1.2,9,10,5,1.4,146,11,3.2,1.8,0.7,Education,3,7.9,5.9
Michelle Reed,16,Female,Thomasside,2.7,5.6,58,9,1.4,4,5,9,1,144,6,2.8,1.9,0.8,Education,10,4.9,8.7
Kimberly Rubio,15,Other,West Kimberlyview,7,7.5,77,8,1.8,2,6,5,1.4,129,11,2.9,1.4,0.5,Education,7,7.3,10
Keith Pena,14,Other,West Joanna,5.5,8.4,89,8,2,6,6,2,1.6,89,19,2.9,2.6,1.4,Browsing,7,5.7,10
Michael Johnson,14,Female,Lopezville,7.3,3.7,52,0,0.5,2,9,5,1.3,66,6,3,3.1,0,Browsing,2,5.5,10
Darren Jones,13,Other,Lynchfort,5.3,7,60,6,2.1,1,10,9,2,58,8,3.2,2.8,0.1,Other,6,9.3,10
Kara Wood,13,Other,South Catherine,5.7,4.5,90,6,1.3,8,2,4,1.3,61,12,2.2,0.7,0.9,Browsing,6,4.2,10
Barbara Woods,17,Male,New April,3.2,6.4,58,0,0.9,1,1,3,0.6,87,5,0.7,3.2,0,Gaming,2,5,6.6
Steven Hall,19,Male,South Robertport,3.9,8,76,4,3.4,9,10,3,0.9,63,9,2.4,0.1,1.5,Other,6,8,5.5
Amanda Harris,19,Other,Port Josephchester,6.9,7.2,98,4,0.9,4,5,3,0.9,63,10,2.1,1.4,0.9,Browsing,4,3.3,10
Kristen Mitchell,17,Other,Lake Williamfort,4.5,8.2,98,0,0.4,4,7,7,1.2,91,19,3.5,2,1.2,Education,1,5,10
Debra Moore,16,Other,New Jefferybury,3.9,7.1,52,7,0.9,3,4,7,0.7,65,8,2,2.5,0.9,Gaming,2,8.1,7.8
Rhonda Edwards,15,Female,Jasonland,7,4.2,58,10,1.2,9,5,10,2,60,5,3.1,2,1.4,Other,7,7.1,10
Edward Barker,15,Other,Paynefort,2.7,8.7,64,2,1.5,7,1,6,1.1,146,17,2.8,2.7,0,Education,4,8.1,10
Brian Lawrence,15,Other,South Jasonmouth,4.1,6.7,61,6,0.3,1,6,9,1.1,99,8,2.7,1.7,0.3,Education,1,2.1,8.7
Paul Hernandez,13,Other,Richardsville,5.7,8.8,85,1,1.6,8,3,7,0.8,26,5,0.3,0.6,0.9,Other,5,9.1,3.7
Misty Wilson,14,Other,North Leslie,3.6,8,65,0,1.3,10,10,5,1.2,105,17,1.7,2,2.2,Education,9,6.5,8.8
Beth Price,16,Female,Shawnfurt,2.5,8.1,75,8,0,4,2,2,0.8,34,7,4.3,4,0,Education,4,8.4,8.8
Kristie Williams,17,Other,East Brandon,3.2,8.6,89,3,2.1,9,7,9,0.9,99,14,3.6,1.1,1.3,Other,1,6.5,8.4
William Cervantes,15,Female,Hillfort,5.2,8.2,56,0,1.9,9,10,6,0,144,15,1.7,1,1.2,Gaming,7,9,9.7
Debra Owen,19,Male,Nicoletown,2.6,7.5,83,10,1.4,10,9,7,0.5,24,5,2.5,1.1,0.5,Education,2,6.5,3.9
Billy Baker,15,Other,Deleonberg,5.4,7,73,2,0.5,3,3,10,0.8,113,13,3.3,0.5,2.4,Social Media,1,9.9,10
Susan Mcintosh,18,Other,Bakerland,1.9,7.3,97,8,1,4,5,8,0.8,139,17,1.7,1.9,1.5,Gaming,3,4.1,8
Kevin Perkins,15,Female,West Angela,2.4,6.1,98,10,0,8,7,10,0.9,128,8,3.4,0.3,1.4,Browsing,4,3,7.2
Jill Maxwell,19,Male,East Traceyville,5.4,6,98,2,0.4,9,8,6,1.2,25,9,3.8,1.8,1.1,Browsing,2,4.3,10
Jennifer Rosales,17,Other,Allenside,6.6,5.9,91,4,1.2,8,10,3,1.9,110,18,2.3,0.9,1.4,Social Media,9,5.2,10
Jamie Munoz,19,Male,East Courtneyshire,5.6,9,63,5,1.2,7,9,6,1.2,68,10,2.7,2.9,2.2,Social Media,1,5.7,10
Amanda Callahan,13,Female,South Stanley,6.3,6.3,72,1,0,7,8,8,0.8,38,9,2.9,0.8,0.7,Browsing,7,4.8,9.4
Ian Taylor,18,Male,Castromouth,7.2,6.4,62,6,1.2,2,9,2,1.1,108,6,2.6,1.5,0.5,Browsing,10,7.5,10
Theresa Avery,16,Male,Robertland,3.2,3.1,90,1,0.8,8,6,7,1.2,76,8,3.9,2.6,0.5,Other,5,2.5,10
Jared Green,15,Male,North Amy,0,6.9,88,4,0.1,8,6,7,0.8,107,12,3.9,2.8,0.7,Social Media,4,7.6,7.8
James Scott,14,Male,Marystad,6,8.5,67,9,0.9,4,7,8,1,144,16,2,2,1.5,Gaming,2,4.2,10
Thomas Osborne,17,Female,Schneiderstad,5.5,5.8,54,8,0.8,4,7,1,1.3,54,13,1.5,1.7,1,Browsing,4,4,9.5
John Haynes,13,Male,Waynestad,8.9,7,90,0,0.6,4,9,3,1,110,10,3.4,0.8,1.2,Browsing,2,5.8,10
Amanda Gomez,13,Female,Port Patrickfurt,5,6,90,8,1.7,10,7,1,0.3,29,7,2.4,0.8,2.1,Social Media,1,7.7,7.2
Wesley Carey,19,Male,West Sarah,4.1,6.9,92,5,0.8,1,2,6,1.8,39,13,1.5,3.2,1.4,Gaming,3,5.5,8.7
Cynthia Sawyer,15,Female,Lesterside,0.9,5.8,92,8,1.2,8,1,1,1.5,119,14,2.6,1.9,0,Education,7,8.3,7.7
Kathleen Shelton,18,Other,South Robyn,3.7,7.4,54,7,0.2,8,7,7,0.5,21,19,3,0.7,0.3,Education,4,6.1,7.9
Neil Price,17,Female,South Melanieberg,5.1,5,82,5,1.9,7,1,3,0.9,63,18,1.9,2.4,0.4,Education,10,7.1,10
David Wall,18,Other,Jamesmouth,4.6,3,72,2,0,8,4,7,1.5,43,10,4.9,2.2,1,Browsing,9,6,10
Jordan Wolfe,16,Male,Port Samanthastad,3,6.3,92,6,1.2,5,1,10,0.7,113,11,1.9,0.7,1.1,Gaming,5,9.2,6.9
Cindy Ortega,15,Female,Luisstad,5.1,7.1,71,4,1.4,6,9,10,1.6,146,9,1.6,3.3,0.5,Browsing,3,3,10
Stanley Fry,19,Female,West Jeffery,5.5,3.1,90,6,0.9,8,3,4,1.7,57,12,2,0.5,1.1,Social Media,6,2.5,10
Angel Flores,19,Male,Daniellehaven,3.5,5.5,62,3,1.2,10,10,2,0.5,47,17,1.9,0.5,0.4,Education,2,7.1,7.5
Christine Ramsey DVM,16,Female,East Robert,6.1,7.5,88,9,1.6,9,8,3,0,66,20,3.5,1.6,1.7,Browsing,10,7.6,10
Jessica Lewis,18,Female,East John,7.1,6.4,64,9,0.1,5,5,10,1.3,54,15,1.9,1.8,0.8,Gaming,2,4.8,10
Ricardo Hayden,15,Other,Sarahshire,7.7,6.5,64,7,0.1,3,10,7,0.2,76,5,2.4,0.3,1.3,Social Media,5,4.5,9.7
Olivia Contreras,18,Female,Jacksonfort,4.7,8.3,91,3,2.2,7,6,6,1.3,134,18,0.8,0.7,0.8,Gaming,3,7.3,8.3
Kimberly Young,14,Female,North Mary,3.7,6.2,77,2,2.2,8,8,8,1.1,94,14,1.4,0.5,1.3,Other,7,4.7,7.2
Brian Whitaker,19,Female,New Josephberg,2.5,5.6,67,0,2,1,8,1,0.5,113,11,3,2.2,2.6,Browsing,3,7.8,9.4
Brenda Brown,17,Female,Port Elizabeth,1.6,6.4,55,10,0.5,8,9,10,0.3,92,16,3.4,1.7,1.5,Education,2,3.5,8.5
Paul Huynh,16,Other,East Kelly,6.2,10,74,0,1.8,4,2,4,0.5,134,18,0.8,1.6,0.6,Social Media,10,7.4,9.9
Susan Maddox,13,Other,West Paul,2.6,6.7,82,1,1.9,4,2,2,2.4,98,14,1.5,0,0.4,Social Media,3,7.2,5.5
Steven Cook,17,Female,Gillview,4.9,5.4,89,5,0.2,5,9,9,0.6,67,9,3.9,0.9,1.4,Browsing,8,7.3,10
Eric Davis,18,Female,Lake Dillon,5.6,6.3,95,2,0.6,4,1,2,1.1,52,17,0.7,0.5,0.4,Education,4,7.9,8.1
Victoria Wu,18,Female,Karenbury,6.2,7.3,98,8,1.5,5,9,5,0.9,36,7,2.8,3,1.7,Gaming,5,9.3,10
Denise Maldonado MD,16,Female,Lake Francesview,0.9,5.5,63,3,0.9,4,9,6,0.8,134,10,1.5,1.8,0.4,Browsing,5,6.5,6.1
Tommy Marshall,17,Male,Wendytown,0,7.1,85,3,0,8,4,10,0.7,99,15,1.9,1.7,0.8,Browsing,4,5.3,5
Angela Stewart,14,Male,North Troy,2.4,5.2,86,4,0.8,4,6,3,0.8,96,13,2.1,3.7,0.5,Education,5,11.2,10
Melissa Ortega,13,Male,Marissaburgh,3.1,7.7,80,8,0.6,3,4,5,1.7,127,5,5,0.9,1.3,Browsing,5,5.3,8.7
Jasmine Adams,17,Other,Elizabethburgh,3.3,4.7,68,5,1.3,3,7,9,1.8,90,5,2.7,2,0.4,Social Media,6,8.5,8.5
Deborah Meza,15,Male,Johnmouth,6,6.5,85,3,1.1,5,4,2,2,61,6,3.8,1.7,1.6,Other,7,2.3,10
Ashley Daniels DDS,18,Male,Port Benjamin,5.2,8.6,87,0,1.1,6,10,1,0.2,80,12,1.2,1.4,1.7,Social Media,10,4.6,7.5
Rachel Clark,18,Male,North Susan,5.8,6.4,69,3,0.8,8,7,7,0,22,8,5,1.5,1.2,Education,5,9.1,10
Dana Koch,18,Male,Jenniferton,3.8,4.2,95,2,0,2,8,2,1.1,24,5,3.5,1.5,0.3,Education,5,8.8,8.2
Joseph Montgomery,13,Female,Lesterfort,7.4,4.3,77,0,0,1,1,1,1,133,20,1.8,0.1,0.1,Gaming,10,9.3,10
Melanie Foster,19,Male,Michaelmouth,5.6,7,55,3,0.4,7,1,8,1.1,24,8,1.3,0.9,0.8,Other,7,3.5,6.4
Kimberly Sanders,17,Other,North Pedro,3.8,4.7,84,1,3.3,8,5,7,0.7,56,11,2.5,1,0.4,Other,4,7.2,8.3
Samantha Adams,13,Female,Alvarezmouth,2.4,3.9,84,1,0,10,5,6,0.8,106,5,2.5,2.6,1.8,Browsing,7,8.8,8.7
Stacy Jones,19,Female,Heatherbury,9.1,6.4,71,3,0,4,4,3,0.1,22,14,2.8,1.8,1.7,Gaming,6,4.4,10
Thomas Mckinney,13,Other,North Patrick,10.3,7.1,98,1,0,1,10,1,0.2,70,16,1.6,2.9,1.1,Gaming,3,7.4,10
Melissa Williams,13,Male,East Nataliemouth,7.5,4.5,90,1,1.8,8,7,3,1.4,66,19,1.1,0,0.6,Education,8,7.3,10
Christina Hardy,18,Other,Stephanieland,5,7.6,61,4,1.3,4,10,5,1.5,89,9,2,4,0.4,Social Media,5,6.9,10
Stephen Beltran,18,Female,Greenchester,5.3,5.4,86,8,0.1,1,8,9,0.7,60,5,2.6,1.9,1.1,Social Media,1,7.7,9.3
Jessica Weber,13,Female,Dickersonmouth,3.5,7.9,66,10,0,4,4,7,1.2,50,15,3,1.5,0.6,Browsing,8,2.4,8
Dawn Williams,18,Female,Danielborough,3.9,6.1,84,6,1.8,9,2,9,1.1,87,20,2.5,2.5,0.7,Other,9,2.4,10
Billy Vasquez,15,Male,East Ryanview,9.3,6.1,93,6,1.4,7,10,8,1.3,66,17,3.6,2.5,1.7,Social Media,9,4.9,10
Tyrone Hensley,15,Other,Rachelberg,2.1,8.9,53,1,1.7,5,3,3,0.5,22,8,2.3,0.6,0,Other,6,3.5,2.6
Samantha Moore,13,Male,Coreyhaven,0.3,4.5,54,3,3.4,6,1,5,1.1,47,18,2.5,2.4,1.3,Browsing,9,3.3,7.5
Alvin Fox,14,Other,Rivasport,2.5,7,72,5,1.1,7,2,3,1.8,85,16,2.6,3.2,0.8,Education,6,5,9.7
Ruth Saunders,14,Female,Jonesview,4.2,5,82,2,1,7,1,8,0.6,72,9,3.3,1.7,1.4,Other,1,3.2,9.9
Erica Lucero,18,Male,Wellsfort,4.3,5.1,81,7,0,9,2,10,1.2,80,11,3.1,1.4,0,Gaming,2,6.3,10
David Martinez,19,Female,Michaelburgh,7.7,4.3,53,5,0.6,10,10,5,0.4,85,9,2.9,2.1,1.4,Social Media,4,5.1,10
Zachary Ramos,17,Male,Patriciamouth,1.7,5.8,94,7,1.8,4,2,9,1.4,97,14,2.6,0.6,1.1,Browsing,7,8.1,6.7
Robert Adkins,19,Male,Smithland,5.5,6.2,50,9,1.7,7,8,3,1.1,49,12,1,1.6,0,Social Media,2,11.2,8.4
Michael Duarte,13,Other,Josephville,5.5,9,73,9,0,10,7,5,1.1,148,13,1.9,2.1,1.5,Education,8,7.1,10
Robert Brown,15,Male,Fosterburgh,6.6,8.5,89,3,1.5,5,7,2,0.2,128,9,1.7,4,1.1,Other,9,7.3,10
Alexa Mcdonald,16,Female,Harrisbury,5.3,3,79,4,2.1,1,3,7,0.9,74,14,3.8,2.1,1.1,Other,3,3.4,10
Raymond Lewis,19,Male,Jenniferbury,2.5,4.4,51,7,1.1,9,10,6,1.3,78,11,2.5,1.9,1.9,Browsing,9,4.3,8.5
Dakota Bradford,14,Female,East Sara,5.4,7.1,100,7,1.9,2,4,9,1.3,139,20,3.4,1.9,0.9,Other,5,8.9,10
Allison Lopez,19,Male,Port Elizabethshire,4.4,3.6,92,7,1.5,9,9,1,1.1,41,13,2.7,3,0.7,Social Media,4,10.4,10
Robert Hanson,19,Female,Stephenfort,2.8,3,58,9,0,10,7,6,0.5,35,12,1.8,2.1,0.3,Gaming,9,6.6,8.3
Shawn Mills,14,Other,East Sandramouth,3.6,6.2,72,7,2.1,4,10,1,0.2,64,8,2.4,0,0.4,Other,4,5.8,5.8
Heather Bartlett,17,Female,North Mario,7,5.9,52,5,1.6,1,4,2,0.5,66,18,2.7,2,0.6,Social Media,3,4.1,10
Alex Moore,19,Female,Haysfurt,4.4,6.4,53,7,0.4,2,5,2,0.8,92,8,3.6,2.4,1.8,Gaming,4,6.3,10
Karen Roth,19,Female,East Bradleyborough,3.3,5.1,97,7,1,8,7,4,0.3,123,17,1.4,2.2,0.5,Education,1,7.4,10
Miranda Horne DDS,18,Female,Nolanburgh,1.7,6.9,59,7,1,6,8,10,1.9,149,6,2.2,3.2,1.7,Browsing,7,8.3,7.8
Cassie Johnson,16,Female,Mcdanielport,4.4,6.9,84,0,1.3,2,9,7,1.1,148,10,3,1.5,0.5,Other,10,5.6,10
Luis Williamson,13,Other,North John,6.6,7.3,66,8,0,8,5,1,1.8,71,18,2.2,1.3,0,Other,7,5.9,10
Amanda Gonzalez,19,Female,Kimstad,4.9,9,96,3,0,1,5,10,1.4,114,19,2.1,2.7,1.1,Other,8,6,10
Ebony Reeves,19,Male,West Michael,7.2,7.4,99,9,3,2,10,9,1,30,7,0,1.2,1.3,Other,4,5.7,6.7
Carrie Burnett,13,Other,Franklinmouth,0.9,7.9,67,1,0.9,2,2,4,1.4,62,11,3.1,0,1.8,Other,9,4.2,3.5
Laura Smith,14,Female,Velasquezshire,7.1,5.8,78,8,2.2,5,10,7,1.3,64,6,2.5,3.2,0,Browsing,3,7.8,10
William Potter,18,Male,Maxwellberg,6.4,4.2,81,0,2.5,5,8,1,0.5,56,15,2.8,3.2,1,Browsing,9,6.1,10
Katherine Harris,13,Female,Waltersland,4.2,5.2,77,1,0.2,1,7,1,1.7,119,11,1.1,0.5,2.1,Other,8,5.8,7.8
Trevor Cook,18,Female,Sheilahaven,1.4,7.4,55,5,1.3,9,2,3,0.9,73,19,1.9,0.5,0.4,Social Media,9,7.2,5.4
Dr. Christine Lopez DDS,14,Other,New Heather,5.4,4.1,64,5,1.6,8,2,2,1.3,20,16,3.4,3.2,1,Education,2,7.8,10
Sandra Miller,14,Male,Sydneyshire,4.8,6.3,80,2,1.3,6,5,2,0.8,103,19,2.5,2.2,1.4,Social Media,8,11.5,10
Miguel Navarro,15,Female,Michellemouth,6.9,8.9,81,0,2.1,2,5,5,1.3,131,7,3.6,0.6,2,Browsing,3,4.5,10
Natasha Weaver DDS,17,Other,Lake Lisa,8.3,6.5,54,3,0.6,3,5,6,0.5,96,12,1.6,3.3,1,Gaming,8,7.7,10
Rebecca Elliott,14,Female,Judymouth,8.8,5.1,81,8,0.8,10,9,7,0.1,133,5,1.6,2.1,1.5,Social Media,1,9.3,10
Brianna Mcknight,19,Female,West Destiny,6.3,5.6,88,2,0,6,5,8,0,68,10,1.9,1,0.8,Education,5,3.1,9.8
Cassandra Lin,17,Female,Port Joe,5.1,6.4,55,4,2.1,8,3,10,0.7,75,17,2.5,2.8,0,Gaming,9,8.2,10
Manuel Williams,19,Female,Smithburgh,5.3,5.9,53,5,0.4,6,9,6,0.4,35,17,1,2,0.2,Other,5,5.8,9.4
Amanda Bolton,16,Male,South Candice,5.4,4.9,72,3,1.7,6,4,6,1.4,45,13,2.6,1.2,0.5,Gaming,10,4.1,10
Nicholas Richmond,15,Other,Michaelberg,8.5,5.7,62,7,0.5,10,4,6,1.7,33,5,4.4,0.4,1.5,Other,6,3.7,10
Stacey Green,16,Female,Sullivanberg,5.4,7.1,87,0,0.1,3,10,5,0.6,63,10,2.8,0.9,1.2,Gaming,2,5.2,8.8
Rachel Allen,13,Female,Port Tracey,3.3,7.4,62,4,0.7,9,5,1,0.6,46,8,2.6,2.4,0.1,Browsing,6,1.9,7.1
Kevin Jones,13,Female,Lake Michael,3,6.2,72,7,1.4,6,3,8,0,69,15,3.3,1.2,1.8,Browsing,7,3.6,8.8
Alisha Merritt,19,Female,New Steven,6.9,7.3,89,1,0.8,2,1,1,1.7,142,5,1.7,0.7,0.7,Browsing,8,3.9,9.5
Amber Davis,13,Other,Connerbury,4.7,6,93,4,0,10,3,9,1.1,38,19,3,0.2,1.6,Social Media,2,5.8,9.5
Erin Gonzalez,19,Male,West Kristi,4.9,6.1,71,8,1.8,2,5,8,1,64,11,1,0,1.2,Gaming,8,5,6.3
Mrs. Cynthia Schultz,15,Male,Jamesburgh,1.8,6.6,56,10,0.7,2,7,7,0.7,100,18,4.9,1.4,0.3,Education,7,2.4,10
Allen Dunlap,18,Male,Melissaborough,8.2,5.4,94,5,2.1,9,7,10,0.4,143,17,2.2,1.6,0,Social Media,8,9.4,10
Robert King,13,Other,Snyderbury,5.5,7,73,1,1.1,2,1,5,0.2,147,16,1.8,1.2,0.8,Social Media,5,5.7,10
Haley Goodman,19,Male,Frazierborough,5.7,8.9,66,7,2.5,6,1,5,1.4,34,17,3.3,3.1,0.4,Browsing,7,4.4,10
Vanessa Taylor,15,Female,East Aliciaborough,5.4,8,70,4,1.1,10,5,6,0.7,135,18,2.3,1.7,1.1,Other,2,6.4,10
James Francis,14,Other,Hamiltontown,6.6,8,82,4,2.7,5,2,2,0.9,25,7,2.5,2.9,0.5,Gaming,9,8.7,9.9
Melinda Flores,16,Male,Campbellfort,7,7.4,58,0,0.3,4,9,6,1,56,9,1.7,0.8,1.5,Other,3,9.5,8.7
Maureen Chapman,14,Other,Emilyton,3.7,8.3,93,7,0.8,9,5,1,1.5,28,9,4.1,0.2,2.6,Gaming,5,3.7,6.2
Christina Tate,13,Other,Sheilaburgh,4.3,6.7,88,5,0.9,5,3,4,1.3,96,11,1.9,0,1.1,Social Media,5,5.6,7
Aaron Jackson,13,Other,New Meganchester,6.9,7.6,53,8,2.1,4,7,8,0.1,85,13,1.5,2.6,0.8,Gaming,10,5.5,10
Brian Farmer,13,Other,Hawkinsview,5.1,4.8,89,9,0.1,8,6,2,0.9,133,6,4.5,2.4,1.3,Browsing,1,7.9,10
Linda Sampson,13,Other,Jacobmouth,5,7,65,10,0.9,8,7,9,1.9,22,15,1.2,1.3,1.4,Education,7,5.8,7.4
Frank Meadows,16,Other,West Jillian,7.2,4.9,58,1,0,3,3,1,0,120,6,3,3.9,0,Other,9,8.8,10
Shane Pitts,16,Female,Caitlinberg,5.8,4.7,75,2,2.4,4,10,10,1.2,36,16,4.1,1.5,2,Education,10,7.2,10
Jennifer Brown,17,Female,Elizabethchester,2.7,6.2,93,5,0.6,10,9,8,1.3,118,15,3.1,1.2,1.7,Social Media,5,7.1,9.3
Rachel Anderson,16,Male,Lake Kimberly,3.8,6.9,98,9,1.6,7,6,5,1.4,68,19,2.6,0.6,1.3,Gaming,7,6.6,8.7
John Brown,16,Male,Campbellville,5.3,6.2,50,1,1.9,8,6,4,1.8,132,6,1.6,2.1,0.9,Education,3,5,9.7
Katherine Rivera,13,Male,Rebeccamouth,4.4,5.8,95,5,0,3,1,5,0.9,68,6,0.7,2.9,1.6,Education,1,4.2,7.7
Joseph Edwards,17,Other,Hubbardberg,4.2,7.7,91,1,0,7,3,2,1.5,75,7,2.8,1.1,1.8,Browsing,3,8.5,7.1
Kenneth Holloway,18,Female,Reynoldsbury,4,7,75,0,0.2,4,8,10,1.4,118,17,1,0.1,1.6,Other,3,5.4,7.4
Joseph Reed,17,Male,South Dakota,4.6,4,52,5,1.5,1,2,7,0.7,40,16,1.7,0.9,0.4,Social Media,6,6.8,9.2
Stephanie Hammond,15,Other,South Benjamin,3.2,6.5,91,2,0,9,2,2,0.1,123,15,3.9,1.2,0.7,Other,9,6,10
Christopher Yang,15,Other,Port Ashleyland,7.6,7.3,84,9,0.1,4,5,8,1.2,134,8,1.9,0.9,0.2,Education,9,6.9,10
Tina Hernandez,19,Other,Pinedaview,6.2,4.5,100,9,1.8,3,6,3,2.1,135,10,2.2,0.6,0,Browsing,3,8.4,10
Melissa Bailey,17,Male,Port Cynthia,5.7,5.5,64,5,0,5,8,1,1.1,93,8,2.1,2.3,0.7,Other,9,9,10
Joanna Wilson,18,Other,Williamhaven,4.4,7.8,81,9,0.4,1,6,6,0,144,6,2,1.1,0,Gaming,3,9.1,7.7
Nathaniel Brennan,13,Male,Port Anitamouth,5.1,7,75,10,0.2,8,5,9,0.9,68,9,2,1,0.5,Social Media,5,7,7.8
Kristina Mueller,15,Other,Grantmouth,2.3,9.6,67,5,0.7,9,9,3,1.7,138,13,1.8,1,1.6,Education,9,7.3,5.7
Jeffrey Austin,16,Male,Noahton,4.3,7,60,10,2.4,7,2,5,0.8,144,15,2.9,0.7,1.4,Social Media,3,3.1,10
Spencer Ingram,17,Male,New Victoriaville,4.4,5.4,59,10,0.3,10,4,10,0.7,40,6,0.8,1.4,0.8,Gaming,9,2.6,5.9
Samantha Mora,19,Female,North Veronicamouth,4.5,8.2,64,8,0.7,8,7,3,0.1,106,7,3.5,1.5,0.4,Social Media,3,6.9,8.9
Kenneth Bell,16,Female,Janicefurt,6.9,6.7,50,0,3,2,1,1,1,68,10,2.4,3,1.4,Gaming,4,9.5,10
Meredith Garcia,18,Other,Port Erica,2.8,8,57,10,1.3,5,5,8,1.5,62,15,5,1.2,0.5,Gaming,10,5.6,9.2
Cynthia Crawford,16,Female,Adamsstad,6.8,8.3,59,3,0.9,10,6,5,1.4,105,17,2.8,0.7,2.1,Gaming,7,6,10
Amanda Coleman,15,Female,Port Kayla,4.9,5.3,64,10,0.7,2,9,4,1.4,109,8,1.1,3.5,1.2,Gaming,1,2.9,10
Mark Adams,15,Female,Dayfort,4.6,3,61,5,0.5,2,9,9,1.7,108,17,2.6,0.7,1.8,Gaming,4,6,10
Brett Walker,14,Female,Feliciaburgh,5.2,7.7,100,0,0.3,10,2,4,1.2,118,20,3.3,1.5,1.4,Other,3,7.9,10
Kristine Fleming,18,Other,New Danny,2.1,6.7,90,2,1,10,6,5,1.9,28,18,4,0.6,1.7,Education,10,7.3,7.5
Deborah Dean,17,Other,Port Kellyshire,5,5.5,65,3,0,10,1,7,2.1,98,8,3,0,1,Gaming,1,12.3,8.8
Denise Ortiz,13,Female,Ochoamouth,4.9,5.5,92,10,0.3,9,6,6,1.7,139,9,3.8,1.8,1.4,Browsing,4,5.8,10
Colleen White,14,Female,South Christy,6.6,9.3,88,3,0,6,9,2,1.2,102,10,1.6,2.9,1,Other,4,6.8,10
Daniel Johnson,15,Female,Campbellborough,1.5,8.3,52,0,0.5,9,6,8,1.5,107,12,1.5,2.2,0.3,Browsing,10,4.6,5.6
Kelsey Duke,13,Female,Jasmineshire,6.3,3.9,60,6,0.9,1,5,10,0.6,30,16,2.3,0.2,1,Social Media,10,7.7,10
Jill Ray,17,Male,Richardsonport,5.7,4.9,99,10,1.7,2,1,8,0.6,133,17,4.2,2.8,1,Education,7,2.1,10
Gary Foster,14,Male,Joannfort,4.6,5.3,66,4,0,2,5,6,0.7,144,6,3.8,1.9,0.7,Browsing,9,9.2,10
Barbara Evans,16,Male,Frazierburgh,5.7,4.7,51,4,0.6,4,1,3,0.8,59,17,1.4,0.8,0.1,Other,1,4.5,10
Emily Price,13,Other,Lake Danielstad,3.3,6.3,96,7,1,4,4,8,1.7,141,8,1.3,2.5,0.7,Gaming,3,9.7,8.4
Carolyn Dixon,15,Female,Lake Joshuastad,4.3,6.4,54,7,1,5,6,9,1.2,81,19,1.2,0.9,1.8,Education,7,6.5,8.6
Daniel Perez,16,Male,Greerstad,8,4.8,86,10,1.1,1,9,10,1.2,96,16,3.8,2.3,1,Gaming,2,7.7,10
Sonia Smith,13,Other,Lake Logan,5.1,5.4,68,0,1.2,2,4,8,1.3,110,12,3.2,1.5,1.8,Education,3,4.7,10
Bradley Garcia,13,Female,Port Christine,6,6.6,96,2,1.5,7,2,7,1,112,9,3.5,1.9,1.3,Browsing,9,5.7,10
Erin Hall,16,Other,Robinsonville,6.8,5.6,89,7,2,7,1,5,1.6,25,8,2.7,2.1,1.8,Browsing,7,6.8,10
Angel Nielsen,13,Female,Gregoryfurt,6.3,3,84,4,1.6,5,1,4,1.2,37,8,1.4,0.9,0.3,Other,1,1.9,9.4
Samuel Curtis,16,Other,Lyonsmouth,0.4,5.3,81,3,1.3,5,5,4,0.5,22,5,1.8,2.1,1.1,Gaming,6,8.3,3.1
Linda Barry,13,Female,Lovechester,7,5.6,72,0,0.9,3,8,6,1.5,145,17,4,1.9,1.9,Gaming,9,5,10
Madison Hayes,18,Female,South Alyssaview,4.6,6.6,89,0,1.3,1,1,10,0.9,105,11,2.1,2.5,0.8,Gaming,1,6.9,10
Michael Odonnell Jr.,14,Male,East Jessica,2.7,7.7,70,5,1.1,5,5,5,1.2,135,20,2.8,2.3,1.1,Browsing,9,5.4,10
Herbert Lang,16,Male,West Jessica,2.7,8.5,74,10,1,7,8,2,1.7,58,16,0.9,1.8,1.8,Education,4,5.2,5.5
Albert Bradley,18,Male,West Davidhaven,6.8,5.7,55,9,0,9,7,1,1.4,144,10,1.7,0.5,0.1,Gaming,3,6.5,10
Brian Lee,16,Male,Port Darleneview,3.8,4.9,91,3,1.8,4,10,7,1.9,138,12,2.6,0,0.8,Other,7,3.4,9.1
Scott Kelly PhD,13,Male,New Elizabeth,4.4,7.6,82,10,1.8,8,5,10,0.4,146,17,3.5,0.6,0.3,Gaming,10,4.2,10
Christopher Brown,13,Other,Petersonside,4.2,7,53,1,0.7,1,6,6,0.4,85,18,3.1,0.5,1.1,Gaming,6,5.3,9.6
Jeremy Hayes,14,Other,Murphymouth,5.7,5.8,97,1,1.5,5,5,5,1.9,59,19,2.3,2.3,1,Other,1,9.4,10
Charlene Singh,19,Other,Tashaside,3.1,5.7,90,4,1.2,4,6,3,0.6,42,8,2.7,1,1.3,Other,7,5,6.4
Brian Pierce,15,Other,Fordtown,10.9,5.2,54,1,1.9,7,9,7,1.2,68,16,3.2,0.9,1.9,Other,5,6.1,10
Carol Weaver,13,Male,Gibsonchester,8,5.7,65,6,1.7,9,2,6,0.5,89,6,0.8,3.2,0.8,Other,6,3.3,10
John Moss,16,Female,Lisaview,3.5,9.4,83,3,2.5,7,9,9,0.3,38,18,4.4,2.7,2.1,Social Media,1,7.7,10
Ernest Morris,13,Female,Salazarville,4.1,7.4,57,8,1.2,5,9,9,1.4,42,5,2.7,3.2,1,Browsing,7,6.2,8.1
Kenneth Mcintosh,16,Male,New Lisa,4.5,9.3,50,10,1.1,1,2,4,0.8,29,12,2.9,4,0.2,Education,2,5.2,9.7
Peter Acosta,18,Other,North Sonya,2.6,7.2,97,3,1.5,2,2,1,0.3,124,14,1.7,0,1,Browsing,2,4.9,6
Lauren Webb,13,Other,Westton,3.4,7.2,66,4,0.6,8,9,3,1.6,146,8,1.9,0,0.7,Gaming,7,8.5,6.2
Mr. Ian Pierce,16,Female,Brownhaven,6.9,8.1,53,4,0.4,7,2,4,1,110,7,0.7,0.4,0.9,Other,8,7.9,7.6
Beth Hayes,16,Female,Oconnellhaven,1.2,7.2,51,6,0.2,10,10,10,1.2,93,7,2.1,1.8,0,Other,1,3.4,4.8
Katherine Gonzales,14,Other,Lake Jennifer,4.6,8.5,89,7,1.7,8,10,6,0.6,61,16,2.7,0.4,0.3,Other,4,9.3,7.9
Gregory Johnson,14,Other,East Michael,4.1,4,86,10,0.5,3,5,10,1.1,79,6,4,0.7,0.5,Gaming,7,4.3,9.6
Mr. George Durham,17,Male,Moranland,3.1,5.3,97,5,1.5,8,1,6,1.2,139,7,4.1,2.8,1.3,Social Media,2,3.7,10
Jennifer Anderson,18,Male,Duanebury,5.2,7.8,52,6,0,10,9,9,0.6,84,20,3.5,0.5,0.3,Other,6,4.3,10
Cody Larson,18,Other,Kristinbury,3.5,6.8,57,1,0.2,7,2,8,1.8,83,8,1.4,0,1.7,Social Media,10,8.6,4.8
Jared Hoffman,17,Male,East Ronald,1.2,7.6,62,2,2,3,5,8,0.8,97,14,2.6,0.2,0.9,Browsing,9,6.2,4.9
Madison Nunez,19,Female,Alejandramouth,5.4,3.4,66,8,0.2,10,7,5,0.2,106,11,1.2,2,0.1,Browsing,1,4.2,10
Deanna Barnes,13,Male,East Aaronfort,4.8,5.8,93,2,0.3,3,10,6,1.3,64,15,0,1.4,1.3,Education,7,3.4,7.6
Reginald Oconnor,15,Other,Rubenside,3.5,8,74,7,0,9,6,3,1.2,68,19,2.3,1.8,0,Other,10,5.3,8.8
Jason Shaw,13,Female,Port Rachelbury,4.4,3.9,85,5,1.1,4,8,2,0.6,83,17,3.4,2,2.1,Other,9,7.7,10
Karen Fitzgerald,15,Female,Lake Deborah,5.2,7.5,50,5,0.6,3,3,6,1.5,97,18,1.1,0.1,0,Social Media,6,6.7,8.2
Kimberly Roberts,14,Female,Henryfurt,5.8,5.9,62,0,0.4,2,6,4,0.4,87,8,0.9,2.9,0.3,Other,7,5.9,10
Melanie Williams,18,Other,Christianburgh,6.2,6.4,88,8,0.6,2,7,3,0.2,82,12,3.4,1.4,0.4,Social Media,5,7.5,10
Brianna Vincent,15,Male,East Faithstad,3.6,6.6,67,0,0.3,4,2,8,1.6,24,8,0.7,1.3,1.1,Social Media,1,2.6,4.4
Cynthia Burton,15,Female,Johnton,4.9,5.7,88,3,0.7,10,10,5,0.5,36,12,3,3.4,0.7,Social Media,2,6,10
Anthony Nunez,13,Female,Loganberg,6,7.7,55,2,1.6,5,2,7,1,145,20,3.7,2.6,0.3,Social Media,1,5,10
Gregory Jones,15,Male,North Shawn,7.3,5,58,1,0.6,9,9,8,0.5,36,17,1.8,3,1.4,Social Media,7,4.6,10
Deborah Stewart,15,Male,Popefort,2.7,8.6,76,4,0.1,5,7,2,0.8,76,11,0.4,1.6,0.7,Education,7,5.8,4.1
Kevin Salinas,15,Female,South Maria,8.3,7.1,57,6,0,4,2,9,1.6,36,11,4.5,1.1,3,Browsing,6,2.7,10
Tracy Sparks,16,Female,East Daniel,7.5,9,98,10,0.2,10,3,6,0.6,112,6,0.4,0,0.1,Gaming,1,3.8,6.8
Keith Jimenez,18,Other,Nashville,5.1,8.5,85,10,1.4,8,2,1,0.5,122,15,3.2,1,0.2,Education,8,8.7,10
John Bailey,17,Other,Castilloville,3.4,4.8,76,7,0.9,7,1,9,0.8,94,5,3.8,3.1,1.4,Gaming,8,6.7,10
Diana Maxwell,15,Male,North Stephaniehaven,4.7,6.3,72,5,1.7,9,9,6,0.7,25,11,1.6,1.2,1.5,Social Media,2,8.4,7
Jesus Brown,16,Male,New Lindsey,5.3,8.9,93,8,1,8,10,6,0.4,56,7,3.2,0.2,1.7,Browsing,2,6.3,6.8
Hannah Garcia,13,Female,Savannahview,8.3,6.1,82,6,1.6,7,6,3,0.3,106,17,2.2,0,0.7,Gaming,4,2.8,10
William Hernandez,16,Male,Williamborough,6.3,6.3,62,10,1.4,1,5,4,0.2,40,9,2.6,1.1,0.4,Other,3,3.5,9.4
Ashley Floyd,17,Female,Juliestad,7,7.3,65,7,0,7,4,7,0,25,8,2.3,2.3,1.5,Social Media,6,7.6,10
James Taylor,13,Female,Rodriguezmouth,5.3,5.4,73,4,1.9,1,8,10,1.2,137,18,1,3.8,0.6,Social Media,10,6.2,10
Angela Colon,14,Male,Ryanstad,3.7,9.9,50,6,1.9,7,9,9,1.5,147,13,3.3,1.8,0.9,Social Media,7,3.8,9.4
Michael Love,18,Female,North Kathleen,3.5,8.8,77,10,1.5,6,9,2,1.5,127,6,0.8,2.3,0,Gaming,7,2.9,5.9
Brendan Ward,18,Female,Fostermouth,3.3,7.6,70,0,1.8,7,4,8,0.3,51,6,2.8,3.3,0.9,Social Media,10,5.5,7.8
Kristopher Burns,17,Male,South Justin,5.7,3.9,52,8,2,4,10,6,1.2,71,9,1.5,2.8,0,Social Media,7,8.8,10
Martha Moon,17,Female,Carrieberg,4.5,5.4,83,2,1.9,6,6,4,1,24,16,1.5,1.1,0.2,Other,2,6.7,8.1
Christina Clements,17,Female,Port Paul,8.2,6.9,64,9,1.1,6,6,3,0.2,41,9,3.1,0.5,1.2,Other,6,9.2,10
Kelly Gonzalez,15,Female,Mahoneyshire,3.6,6.1,73,6,0,4,10,7,1,37,17,3.1,1.1,1.4,Browsing,8,5.3,8.9
Helen Mcdaniel,19,Other,Phillipstown,7.3,4.7,71,4,0.8,10,7,9,1.4,113,14,3.5,2.9,1.6,Browsing,5,4.9,10
Jacob Santana,15,Female,Bennettmouth,4.1,5.4,75,3,0.7,1,10,1,1,55,18,1.7,0.3,0.3,Gaming,7,9.5,8.1
Kyle Davidson,15,Male,West Keith,3.4,6.9,52,0,0.7,6,5,10,0.8,109,8,3.6,2,0.5,Education,6,8.1,9.3
Carrie Schaefer,14,Male,South Jessica,3.6,9.1,69,9,1.9,1,3,6,1.2,26,18,2.6,0.1,0,Other,8,5,5.9
Raymond Fox,18,Other,Marytown,3.9,6.1,59,10,1.2,6,5,4,1.2,75,7,2.4,2.2,1.5,Browsing,10,8.8,8.4
Adam Chavez,19,Other,Gabrielside,9,6.8,95,9,1.1,5,6,1,0.3,81,14,2.1,0.7,2,Gaming,2,4.2,10
Erica Washington,18,Male,Migueltown,4.8,6.2,98,7,1.1,1,9,1,0.7,79,19,3.4,0.6,1.7,Other,9,1.6,10
Timothy Jones,13,Female,New Scott,5.1,5.2,73,8,1.4,4,1,3,2.1,75,5,3.2,2.2,1.5,Other,7,7.4,10
Mrs. Teresa Francis,19,Female,Ericland,5.5,5.5,50,0,1.2,10,1,9,0.4,93,20,3.8,1.4,1.7,Education,9,7.7,10
Pamela Salazar,17,Male,Vangville,6.3,6.7,97,1,0.3,6,1,2,1,126,15,2,2.7,0.7,Gaming,9,6.6,10
Linda Richardson,17,Female,Laurabury,3.1,5.8,77,3,0,6,4,4,1,140,15,1.1,3,1.4,Other,4,7.3,10
Brenda Castillo,15,Male,Port Tanner,8.7,4.8,93,1,1.7,7,9,8,0.4,26,9,2.3,2.1,0.6,Other,5,3.6,10
Judy Gutierrez,13,Other,Lake Amber,6.1,5.4,82,2,2.1,10,3,9,1.5,98,10,1.4,2.3,0.5,Other,10,7.5,10
Gary Burgess,17,Other,South Rachel,1.9,5.8,77,6,1.7,5,4,6,0.3,133,14,2.3,2.1,2.1,Education,10,6.4,8.9
Lindsey Thomas,19,Male,Cynthiashire,2.7,8.1,90,7,2,5,6,7,1.5,34,16,3.6,1.4,1.8,Education,2,7.7,7.5
Lawrence Ritter,16,Other,South Megan,1.5,5.7,55,8,0.7,8,4,4,1.2,48,19,2,1.4,0.6,Other,3,5.5,6.8
Brandon Tucker,18,Male,Lake Krista,1.6,7.2,67,4,1.2,6,8,3,1.2,75,17,2.8,1.5,1,Social Media,1,3.8,7.2
Ashley Peterson,16,Female,South Gabrielland,8.1,3.8,85,3,0.9,4,4,4,1.1,98,18,3.3,1.9,2.5,Browsing,2,3.9,10
Nicholas Perry,18,Other,West Chris,4.7,5.9,80,10,0.1,2,3,6,0.7,141,9,2.7,2.7,1.7,Social Media,3,6.8,10
Deanna Watkins MD,19,Other,Joneschester,6.3,8,90,9,1.3,4,5,3,0.9,134,20,3.1,1.7,0,Education,1,4.5,10
Morgan Wilson,16,Female,Johnland,3.3,6.7,79,3,0.9,4,3,6,1.2,82,7,1.1,0.7,0.9,Gaming,8,7,4.8
Richard Mccarthy,14,Male,Nelsonland,4.4,6.3,66,6,0.5,2,3,8,0.6,64,8,2.2,1.5,1.2,Other,10,5.9,7.8
Patrick Adams,14,Female,Walkerview,10.6,5.1,94,6,0.4,7,4,9,0.3,77,10,1.7,0,0.4,Browsing,7,3.5,10
Brett Mcfarland,18,Male,Port Michael,0.1,3,76,8,2,6,9,7,0.6,102,10,3.1,1.4,0.8,Social Media,10,5.8,7.1
Tiffany Winters,16,Female,South Lorichester,6.9,4.3,70,7,1.5,9,1,10,1.3,40,12,2.7,1.9,1.1,Browsing,10,8.4,10
Joseph Frazier,19,Other,New Kristopher,5.5,6.2,58,7,1.3,2,1,3,0.7,76,14,1.8,1.2,0.2,Other,5,1.2,9.7
Ashlee Haley,16,Other,Christinaview,8,7.5,83,0,0,8,7,4,1.2,131,7,3.9,0.2,1.2,Education,3,9.4,10
Taylor Donaldson,14,Male,Kaiserside,8.9,6.8,76,8,2,7,3,8,2.2,118,11,0.5,3.3,0.9,Gaming,8,6.4,10
Michelle Robinson,15,Other,Lake Samantha,4,6.8,60,4,1.7,2,4,2,0.7,21,12,2.3,1.5,1.9,Gaming,3,7.1,7.2
Angela Glenn,16,Female,Langfurt,8.2,5.6,55,6,0,5,5,6,0.9,116,14,1.4,2.2,1.6,Social Media,10,8.8,10
Manuel Cobb,16,Female,Powellview,6.1,5.4,55,5,0,10,1,7,0.7,90,9,2.5,3.1,1.4,Other,10,7,10
Jackie Mathews,15,Other,Youngborough,4.6,5.8,73,1,1.1,3,7,4,0.6,127,11,2.2,2.1,1.3,Social Media,8,2.2,10
Mary Johnson,14,Male,Lawrencechester,3.8,6.4,70,5,1.1,7,4,5,0.9,74,19,2.3,0,0.4,Browsing,1,4.2,8.2
Amanda Lindsey,13,Female,North Frank,6,6.4,91,4,2,9,4,3,1.6,38,17,1,1.1,0,Browsing,10,6.2,9.1
Michael Gomez,16,Male,Tristanborough,7,8.1,99,8,0.9,6,5,8,1.1,51,5,4.4,1.7,2.9,Social Media,7,9,10
Carrie Stuart,15,Other,Englishmouth,3.3,6.5,79,10,0.1,5,4,6,1.4,31,7,2.6,2.7,0.3,Browsing,4,4.2,7.4
Anita Todd,14,Female,Shawnchester,4.5,6.8,67,0,1,9,3,9,1.8,95,16,3.8,1.9,0.2,Education,2,5.6,10
Maria Rodriguez,16,Male,East Randall,6.1,7.1,55,3,1,3,5,4,0.7,51,14,1.4,1.2,1,Browsing,7,8.3,9
Jenna Johnson,14,Female,Janechester,3.1,5.3,97,9,1.3,2,4,7,0.1,21,7,2.7,0.1,0.5,Education,8,6,5.1
Patricia Marquez,19,Male,Donaldton,6.4,7.6,61,9,2.1,10,7,4,1.5,125,5,2.2,0.3,0.3,Browsing,5,5.6,8.6
Darryl White,19,Male,Phillipsshire,7.1,5.9,66,3,0.9,10,10,10,0.8,48,6,2.9,0.8,1.6,Browsing,1,6.3,10
Jessica Andrade,16,Other,Port Steventon,6.8,6.8,66,8,1.4,2,9,9,1,77,8,3.5,0.5,0.4,Social Media,4,7.1,10
Gavin Kerr,17,Other,Hopkinsmouth,5.3,6.9,84,3,1.5,5,7,7,0.2,56,6,1,1.6,0.8,Browsing,10,2.8,6.8
Gabrielle Boone,13,Male,North Alexandramouth,5.7,8.2,57,1,1.5,5,8,1,1.3,59,13,1,1.6,0.9,Education,1,3.7,8
Diane Chambers,13,Female,Jonathanmouth,4.8,9.1,55,3,1.2,6,3,4,1.8,87,20,2.1,3.1,1.3,Gaming,10,2.1,10
Johnny Spencer,16,Female,Salasside,5.4,7.2,76,10,2.5,1,6,6,1.5,81,19,3.6,0.4,0.9,Education,1,8,10
Ethan Hopkins,15,Other,North Kayla,3.9,4.9,64,3,1.3,9,10,8,0.9,136,20,2.2,0.9,0.6,Education,2,5,10
Kelly Carroll,14,Male,Elizabethton,7.2,6.1,77,9,0,1,3,2,1.1,26,7,0.8,1.9,1.2,Social Media,1,3.7,8.8
Linda Henderson,15,Other,Blankenshipchester,4.9,6.3,94,0,1.4,3,1,9,0.5,142,13,4.8,0,1.2,Browsing,10,6.8,10
Kathleen Tran,15,Female,West Johnathanborough,8,4.7,71,3,0.9,6,8,4,0.5,84,9,4.4,1.6,0,Browsing,7,7.1,10
Christine Avery,13,Male,Lake Stephenfort,7.8,5.8,82,8,1.6,1,6,4,0.6,65,5,3.4,1.7,0.8,Other,4,5.9,10
Karen Vargas,13,Female,Lake Wandaberg,6,7.7,88,1,1.2,3,1,9,1.2,100,18,1.8,2.1,2.2,Browsing,4,5.6,10
Michelle Choi,13,Male,Carpentertown,6,7.7,98,9,1.7,1,5,5,0.4,55,10,3.9,0,0.1,Browsing,5,8.2,9.2
Matthew Tucker,13,Male,Michaelland,3.1,5.6,88,0,1.6,3,9,3,0.1,74,9,5,0.7,0.9,Education,8,5.3,9.3
Michael Collins,19,Female,North Amy,7.6,6.4,93,0,1.4,1,6,7,0.3,27,7,2.4,2.2,0.5,Social Media,5,8.5,10
Kenneth Matthews,13,Male,Port Christopherfort,5.5,6.3,97,5,1.1,6,2,9,2,126,19,2.5,1.2,1.3,Social Media,4,8.7,10
Jordan Wilson DVM,17,Female,Marieland,7,6.7,91,3,0.4,4,10,7,0,45,5,2.7,2.2,0.8,Browsing,3,6.1,10
Kerri Perez,14,Female,New Ryanchester,5,7,64,3,1.4,9,7,2,1.3,107,9,3,0.4,0.5,Education,10,8.1,8.8
Taylor Pacheco,16,Male,Kimberlyfort,3.6,7.2,66,8,1.4,5,8,7,1.2,36,9,2,1.5,1,Gaming,5,4.7,6
Robert Ward,13,Male,South Ryan,4.8,6.2,76,4,1.3,6,4,3,0.8,43,8,3,0,0,Other,5,5.1,7.2
Cheryl Powell,15,Male,West Brittanyberg,5.1,8.2,54,5,2.1,5,2,5,1.5,97,17,2.3,1.9,1.2,Gaming,8,4,10
Lisa Guerra,16,Male,South Kellystad,4.1,5.4,62,6,1,8,9,6,2.1,62,9,2.3,0,1.6,Other,9,7.1,6.7
Tina Dominguez,18,Other,South Vincent,8.2,5.3,52,8,0.9,9,10,3,1.4,53,8,2.7,1.6,0.6,Browsing,8,8.4,10
Sherry Lawrence,17,Female,North Kristinamouth,3.8,8.2,62,4,0,8,9,2,0.4,133,18,4.6,1.5,1.2,Education,4,3.9,10
John Dawson,19,Female,South David,2.2,7.6,86,5,1.4,1,3,8,1,64,5,1.5,2.3,0.7,Education,7,8.9,4.5
Mark Hartman,13,Other,Tracyborough,6.6,7.3,50,6,1.4,6,9,1,0.6,57,8,1.4,0.2,1.2,Social Media,8,7.4,7.3
Katherine Williams,18,Male,New Joseph,4.9,7.7,85,8,0.6,4,6,5,2.5,55,10,2.9,0.9,1.8,Browsing,1,6.1,8
James Wilson,19,Female,South Jasonborough,7.6,3.8,52,9,0.1,1,10,10,0.8,25,20,2,1.4,1.7,Education,4,2.7,10
Holly Arellano,15,Male,Port Dawnton,5.7,6.8,55,2,0,5,1,10,1.4,35,18,5,0.5,0,Browsing,9,4.9,10
Jeremy Evans,19,Other,Pageview,1.9,5.8,69,5,0.6,2,3,2,0.8,51,13,3.7,2.4,1.6,Browsing,2,5.4,8.7
Elizabeth Moon,16,Male,North Susan,6.1,7.9,51,10,0.3,10,5,10,1.2,127,5,0.9,2.7,1.6,Education,3,3.9,9.3
James Mcclure,18,Female,West Gregory,2.5,7.9,88,9,0.2,10,1,5,0,90,9,3.5,1.7,1.4,Social Media,9,4.3,7.3
Michele Johnson,17,Male,Zavalaton,6.4,6.2,88,0,0.5,9,4,8,0.9,109,17,2.5,3.1,1,Education,8,4.3,10
Maria Simon,17,Female,Timothyfurt,6.4,7.2,89,7,0.3,8,8,1,1,86,8,2.8,0,1.3,Social Media,9,9.6,8.9
Sarah Meadows,15,Male,Lake Jill,4.7,4.6,77,2,1,5,9,3,1.4,77,5,3.3,1.3,1.2,Education,4,7.7,9.5
Stephanie Campbell,13,Other,Phillipsport,4.5,9.8,59,10,0.9,6,8,7,0.9,39,18,2.2,1.6,1.6,Education,2,5.7,7.8
Teresa Alvarez,16,Male,Deniseburgh,5.4,3.9,85,8,0.1,4,3,7,0.3,148,20,3,1.7,1,Gaming,5,8,10
Russell Reynolds,17,Female,Fernandomouth,5.3,7.3,96,10,0.8,3,2,1,1.2,103,7,1.6,1.4,0,Education,4,7.9,8.1
Christopher Grimes,16,Female,Port Johnstad,2.2,6.3,67,6,0.5,9,8,5,1.9,48,19,2.8,4,1.7,Social Media,2,2.8,10
Devon Lawrence,13,Female,Rachelborough,5.6,5.4,95,6,0.1,2,10,3,1.8,38,13,2.1,1.2,0.5,Social Media,5,6.4,9.6
Anne Powers,18,Female,Vargasfort,8.8,7.5,85,5,1.4,10,8,1,0.6,134,19,1.9,1,0.8,Education,8,3.7,10
Tiffany Garcia,14,Other,East Josephfurt,2.9,4.8,51,7,1.8,3,7,3,1,123,13,3.1,2.5,0.7,Social Media,2,5.3,10
Sharon Wright,16,Female,Kellimouth,3.4,9.5,60,0,0,3,3,6,0.5,76,5,2.3,2.7,1,Other,1,7.1,6.2
Brittney Watts,15,Female,East Rebecca,4.9,6.7,95,0,1.3,6,1,4,1.1,59,18,2.4,1.2,0.1,Gaming,6,4.4,9.9
Tracy Hoover,19,Other,Warrenmouth,5.8,5.9,63,4,0.2,3,2,7,1.2,115,18,1.8,2.3,0.4,Other,5,8.6,10
Kendra Fields,15,Female,North Alejandrastad,3.8,6.1,80,1,0.1,4,10,10,1.5,67,6,2.6,2.2,1.5,Education,9,8.8,8.1
Beverly Castaneda,18,Male,Ortizport,5.6,6.1,73,4,2.2,10,6,1,0.7,34,16,3.1,0.5,1.6,Other,9,5.9,10
Laurie Valdez,16,Female,East William,6.5,7.1,60,6,1,1,6,7,0.6,49,19,2.2,1.5,0.4,Other,2,5.3,10
Matthew Glass,13,Other,Wrightfurt,5.2,7,65,1,2.7,5,7,3,0.8,22,7,1.8,3.2,0,Browsing,4,6.4,8.5
Kayla Murillo,19,Female,Davilaborough,4.4,6.4,76,6,1.2,6,1,8,1.6,33,7,3.1,2.6,1.5,Other,5,7.2,9
Sheila Sharp,19,Female,West Kristin,3.8,5.2,80,1,0.4,2,4,3,0.9,71,6,1.7,2.5,0.3,Social Media,2,7.6,8
David Cooper,17,Female,New Robertstad,5.7,7.4,72,2,0.8,1,6,3,1.8,110,16,3,1.3,0.7,Other,8,4.4,10
Garrett Gallagher,13,Male,West Shawnfort,5.6,6.6,51,4,1.1,3,1,2,1.6,122,11,2.1,1.7,1.3,Education,1,6.9,10
Kelsey Johnson,14,Other,Port Lisa,5.8,3.6,95,4,2.5,3,7,2,0.9,61,15,3.9,0.3,0,Social Media,3,7.9,10
Michele Hoffman,14,Other,New Leslie,4.9,9.6,98,8,1.5,6,6,9,0.5,57,16,2.1,0.8,1.6,Social Media,7,9.6,7.3
Kevin Russell,18,Other,South Rachel,5.8,5.5,88,7,0.9,9,10,6,0.6,85,18,1.7,0.1,1.7,Education,4,5.7,10
Jonathan Brown,16,Female,East Austin,5.3,5.8,73,6,1.3,7,5,6,1.5,138,13,1.4,2.7,1.1,Education,4,4,10
Scott Martinez,13,Male,Lake Joseph,8.7,7.7,79,4,1,5,6,7,1.5,48,18,2.8,0.9,1.8,Other,2,5,10
Charles Solomon,13,Male,South Russellville,2.2,4.1,68,9,0,3,9,3,0.9,137,7,1.7,1,0,Social Media,10,4.1,7
Gary Jordan,17,Female,Amystad,6,4.2,56,8,1.1,2,7,1,1,46,9,1.4,1.7,0.4,Social Media,10,5.6,9.7
Matthew Cortez,13,Other,New Deanna,3.9,3,67,4,0.4,7,2,4,1.7,91,20,2,1.4,0.8,Browsing,7,7.8,10
Denise Scott,15,Female,North Janet,7.2,7.8,95,2,1.2,5,6,8,1.2,134,16,2.3,1.4,1.4,Other,7,7.3,10
Sarah Ramos,15,Other,Lake Rodney,4.5,6.4,51,9,1.7,1,8,5,0.8,46,11,0.9,0.8,0.5,Gaming,10,10.7,6.1
Ethan Ortega,19,Male,South Michelle,3.7,7,52,0,2.1,8,2,8,1.6,119,14,3.2,3.4,0.8,Other,5,4.5,10
Michele Guzman,14,Female,Evansshire,2.4,7.2,91,8,0,6,10,9,0.7,136,12,2.5,2.6,0.5,Browsing,8,6.7,9
Ricky Fowler,15,Male,South Territon,6.7,5.6,78,7,0.9,10,8,2,1.9,47,9,1.7,2.6,2.2,Other,1,9.8,10
Karl Doyle,13,Female,Robinsonhaven,4.9,9.3,63,9,1.6,9,7,9,1.1,90,8,3.2,2.6,1,Browsing,1,5.9,9.4
Richard Jackson,16,Female,Kingville,5.1,8.9,62,7,3.5,2,4,7,1.5,80,7,1.7,1.2,1.6,Browsing,8,10.4,6.5
Douglas Lucas,18,Female,Stewartbury,8,6.1,76,5,1.4,7,10,7,0.8,50,15,4,1.6,0,Social Media,8,11.3,10
Michael Garcia,14,Female,Mistybury,4.6,6.2,56,4,1.1,5,9,5,0.7,120,6,2.4,0.7,1.2,Social Media,8,4.4,8.2
Sabrina Kim,14,Other,Jessicaside,5,7.1,55,9,2.2,10,4,7,0.9,86,16,2.1,2.1,1,Gaming,5,7,10
Blake Orr,14,Other,New Manuelstad,4.2,7.7,52,10,0.8,10,9,7,1.6,73,20,2.5,0.9,0,Social Media,2,7.6,9.2
Terry Garrison,17,Female,South Danielchester,5.6,4.5,84,5,0.9,1,2,5,0.8,89,20,2.4,2.1,1.2,Gaming,10,5,10
Karen Ramsey,14,Other,East Katherinehaven,5.8,9.3,86,4,0.7,2,9,6,0.6,44,12,0.2,2.3,1.1,Gaming,8,8,6.9
Shelia Perkins,15,Other,Webbbury,4.4,3.2,57,0,1,4,10,1,0.5,27,5,2.7,1,0.8,Education,3,1.1,8
Angelica Moon,16,Female,North Laurenshire,6.7,7.9,87,8,1.6,9,7,2,0.6,135,14,2.8,1.4,0.6,Other,5,6.5,10
Martin Hammond,16,Female,East Robertville,5.8,7.6,87,9,1.1,10,1,1,1.5,71,8,2.3,0.6,2.7,Other,4,6.2,7.9
Ashley Lin,18,Other,Kennethfurt,6.6,3.6,71,3,2.2,2,9,1,1.2,145,13,3.1,1.4,1.7,Other,5,5.6,10
Emily Wells,17,Female,Lake Ericland,7.6,3.9,81,7,0.7,8,6,7,2.1,50,6,1.6,0,1.3,Education,7,10.1,9.4
Alyssa Soto,14,Male,Christensenhaven,6.4,5.5,82,7,0.5,1,9,9,0.3,64,12,5,0.3,0,Gaming,2,8.7,10
Alexandria Carr,16,Female,Ashleymouth,1.7,5.2,68,9,2.7,5,3,6,1.6,124,8,2.4,1,1.1,Social Media,10,6.7,6.6
Amanda Webster,16,Other,Shawnmouth,5.6,7,85,10,0.9,8,10,5,0.7,141,14,2.5,0,1.5,Social Media,2,8.3,10
Jared Brown,13,Female,Larsonmouth,2.9,8.3,50,1,0,6,4,2,0.7,53,18,2.7,2.9,1,Other,1,3.7,9
William Saunders,17,Male,South Kellyberg,4.2,6.9,87,9,0.2,9,6,6,1,117,13,1.3,2.3,1.1,Browsing,10,2.3,9.3
Traci Nielsen,14,Other,Smithhaven,4.9,6.8,91,3,2.3,7,5,7,1.5,77,16,3,1.9,0.6,Browsing,7,2.1,10
Sarah Lam,17,Female,Dayside,3.8,9.7,75,8,0.8,6,10,4,1.4,115,10,1,2.6,2.2,Browsing,5,6.3,6.8
Connor Burke,14,Other,East Taylorfort,7.1,5,82,0,0.8,10,9,10,1.3,28,15,2.2,0.7,0.6,Other,3,3.2,10
Angel Hopkins,18,Other,North Charles,5.5,5.3,100,8,1.8,7,3,3,1.5,148,20,2.7,0.7,1.5,Education,5,6.1,10
Jessica Walker,15,Male,Claymouth,4.3,6.1,59,10,0.6,4,3,6,0.6,88,15,2,0.3,0.2,Other,8,2.6,8.3
Ms. Megan Doyle MD,15,Female,East Peter,2.6,7.1,78,7,1.4,7,10,8,1.5,129,20,3.3,3.2,0.2,Other,3,8.1,10
Lori Leonard,18,Male,Cunninghamshire,3.4,8,51,9,0.3,10,10,2,0.6,98,6,2.6,2.3,1.7,Other,4,2.7,7.5
Jorge Cox,17,Other,East Nathanmouth,3.5,7.2,65,4,1.2,2,8,8,0.1,113,12,0.8,0.6,1.2,Social Media,2,6,6
Andrew Porter,15,Female,Shaffermouth,7,7.6,87,5,0,7,6,10,0.9,32,18,2,0,0.6,Education,2,4.7,9.4
Isabel Hicks,17,Male,Vickieside,4.3,3.9,56,8,1,2,6,3,1.1,22,11,1.6,1.6,0.4,Browsing,7,3.1,8.2
Jay Higgins,18,Other,Port Zachary,7.5,5,54,2,0.6,5,2,1,1.8,106,18,1.8,1.2,2.8,Gaming,9,6.6,10
Kelsey Kemp,14,Female,Ashleyborough,4.6,7.1,58,7,0.8,9,5,2,0.8,55,14,2.1,1.4,2.5,Social Media,10,4.7,8.4
Matthew Miller,15,Other,Amandatown,4.7,8.9,87,7,1.1,10,4,8,1.3,87,12,3.1,1.4,1,Other,10,3.2,8.9
Donna Jones DDS,19,Male,Port Jerry,5.3,4.4,85,7,2,9,3,3,1.6,49,14,2.4,1.4,1,Social Media,10,5.3,10
Devin Smith,16,Female,Port Cynthia,6.6,7,99,10,3.4,8,6,1,1.2,127,12,3.4,2.9,1.6,Other,5,8.1,10
Kimberly Hamilton,13,Female,South Ashley,4.2,6.5,70,5,1,8,9,1,1.8,71,5,1.7,2.4,1.1,Social Media,7,5,7.5
Richard Nichols,15,Other,New Dustin,5.4,8.7,61,4,0.2,9,9,5,1.6,95,18,3.4,3.1,1.2,Browsing,4,4,10
Nina Kent,15,Female,Thompsonton,1.2,8.2,77,2,1.3,1,2,4,0.8,150,17,2.9,2.3,0.9,Other,9,6.9,8.7
Donna Gregory,13,Female,Hoffmanfurt,3.6,7.7,51,3,0.3,3,1,10,0.9,81,12,2.9,1.5,1.4,Browsing,7,7.5,8.2
Joshua Cox,16,Female,Freyhaven,4.1,6,80,6,1.3,9,2,9,1,149,14,1.8,1.9,1.2,Browsing,1,5.8,10
James Williams,16,Female,Mariaport,6.1,7.3,70,7,0.7,7,4,6,1,123,9,2.9,1,1,Other,4,5.1,10
David Dixon,19,Male,Cynthiabury,3.5,4.5,73,0,2,7,3,5,0.2,60,9,1.7,1.9,0.5,Education,9,6.1,7.8
Jessica Schroeder,19,Other,Port Richardtown,2.3,4.5,61,2,0.3,2,9,3,0.2,78,9,1.9,3.1,0.5,Education,9,6.2,8.4
Kimberly Odom,13,Female,Lake Sarah,5.3,5.9,83,5,1.4,2,2,8,0.4,97,5,2.7,0.9,2.3,Browsing,5,4.7,8.9
Katherine Mcgee,17,Female,Lake Lindaview,4.5,6.3,72,9,2,6,9,10,1.1,93,14,3.1,0.8,0.7,Browsing,9,4.1,9.9
Erica Delgado MD,15,Female,South David,6.6,4.2,61,3,1,6,3,6,1.3,86,13,2.2,3.2,0.7,Gaming,5,5.4,10
Heather Owens,14,Other,Diazside,2.5,9.8,59,4,1.7,3,6,6,0.9,46,9,1.6,0.9,0.8,Education,6,3.3,2.8
Anna Collins,16,Other,East Matthewfort,4.1,6.9,99,8,0,10,2,6,2.2,31,13,1.8,2.2,1.7,Other,10,6.3,7.9
Joshua Charles,16,Male,East Hannah,1.7,7.3,92,7,1.9,6,8,5,1.7,39,12,3.8,1.1,1.3,Education,8,6.6,6.1
Julie Hogan,15,Other,East Staceyton,7.6,5.7,56,1,0,7,1,7,1,75,14,1.6,1.1,1.4,Browsing,6,4.1,10
Juan Johnson,18,Female,Mikaylaton,3.9,7.2,80,3,2.7,10,4,4,0.7,92,16,1.1,2.5,0.3,Gaming,3,6.3,8.9
Tiffany Brown,18,Other,West James,6.2,7.2,58,10,0.7,3,6,4,1,31,12,2.3,0.5,2.4,Social Media,7,7.5,8.4
Kenneth Meadows,14,Male,Lake Kayla,7.3,6.6,99,2,1.8,1,2,9,0.7,30,9,3.8,1.1,0.6,Browsing,7,6.4,10
Bradley Gomez,18,Other,Cookbury,8.4,6.9,75,0,1.8,1,6,4,1.3,48,10,1.3,1.7,0.3,Browsing,5,3.8,10
Melanie Singh,15,Male,Lake Ambershire,0.6,7.9,100,5,1.3,6,8,2,1,65,13,2.9,2.1,1.4,Other,3,4.6,5.6
Cynthia Bullock,15,Other,Beckborough,7.1,4.9,66,3,0.6,10,7,1,0.4,121,14,3.2,1.4,0.8,Education,3,5.5,10
Jeffrey Banks,15,Other,West Barbara,3.3,5.3,51,2,1.6,5,2,3,0.8,102,15,0.6,1.8,0.8,Gaming,1,3.5,8.1
John Ramos,14,Male,Gomezport,1.3,7.6,66,5,1.7,1,3,1,1.7,69,16,2.8,2.1,0.6,Gaming,10,3.3,7
Jonathan Martinez,18,Female,Oliverview,5.6,6.5,87,3,1,7,5,3,0.6,118,13,2.4,0.6,1.1,Education,7,2.9,10
Kelly Jones,15,Male,Lake Daltonhaven,3.4,6.1,99,8,0.2,10,5,10,1.3,85,19,2,1.6,0.3,Other,4,4.2,9.4
Cindy Mason,17,Female,Lake Benjamin,3.5,7.6,55,5,0,10,9,3,1.4,133,7,1.8,3,2.1,Other,4,4,8.6
Melanie Walsh,15,Male,Aprilmouth,4.3,4,57,5,1.9,8,9,5,0.5,116,14,3.2,1.2,0,Browsing,4,5.4,10
Jay Davis,14,Male,Michaelfort,5.1,7.6,88,4,2.2,5,5,5,0.6,105,11,2.9,1.9,1.4,Education,6,8.2,10
Elizabeth Ayala,15,Male,Edwardton,2.5,6.2,75,7,0,10,5,7,0.9,112,12,3.5,2.6,1.5,Other,9,5.6,10
Nicholas Fisher,17,Male,Jasminemouth,6.3,3.7,71,2,0.5,5,9,10,0.8,120,7,2.5,1.8,0.8,Other,5,5.7,10
Elizabeth Clark,16,Male,Hallfurt,4.5,6.1,77,7,0,5,9,7,1.1,114,17,2.4,1.6,1.4,Education,6,5.7,10
David Good,14,Male,Katrinaberg,5,6.8,51,6,0,10,7,9,0.4,150,9,1.7,0.6,0.7,Other,1,5.9,8.7
Sandra Parker,17,Male,Micheleton,8.5,9.3,69,4,0.5,8,6,7,1.6,119,13,1.8,2.1,1,Browsing,10,5.5,10
Jill Espinoza,15,Other,West Veronicabury,4.9,6.3,85,3,0.7,10,7,1,0.6,88,10,3.7,2.2,0.8,Other,5,3.4,10
David Solis,17,Female,Nicoleshire,6.2,7,59,1,1.4,2,1,1,1.3,84,19,2.4,2,2.6,Browsing,5,9.6,10
Alyssa Mayer,13,Male,Rodriguezton,1.3,3.4,68,9,1,1,10,9,1.4,95,5,2.1,0,0.7,Other,2,7.7,4.6
Christian Rivas,15,Female,South Spencer,2.3,4.1,54,7,1.3,10,4,10,1.9,97,12,0.9,3.1,1.7,Browsing,5,12.3,8.6
Brittany Martinez,16,Other,North Ryan,5.7,6.4,87,10,1,1,7,4,0.1,142,19,1.6,1.6,0,Social Media,2,6.5,10
Jennifer Thomas,15,Male,Charlesfort,5.5,10,61,0,0.5,8,9,7,0.7,81,10,2.7,1.2,0.4,Social Media,5,6.7,8
Shannon Gonzalez,13,Other,Joannashire,4.4,6.2,52,10,1.1,2,5,4,1.3,57,6,3.7,0,1,Gaming,3,9.3,7.3
Christopher Moses,16,Female,East Richardbury,2,5.1,68,6,0.4,3,5,2,1.4,30,16,1.2,1,2.7,Browsing,9,6.1,5.4
Robert Smith,13,Other,Millerland,4.8,6.4,99,0,0.5,1,4,9,1.1,143,12,2.2,1.5,0.7,Other,8,5.5,10
Brandon Barber,15,Female,Carterland,6.4,6,65,4,0.2,5,5,8,1,53,19,1.8,3.3,0.5,Gaming,9,6.9,10
Michael Ware,17,Female,New Cynthiafurt,2.6,8.9,72,5,1.5,6,6,6,1.4,127,15,3.5,0.5,1.4,Education,1,5,7.7
Jeffrey Hall,15,Other,East Sherriview,7.1,7.8,74,3,0.6,4,3,9,1.2,87,8,0,1.9,0,Education,9,8.6,8.4
Charles Davis,17,Other,Andrewton,6.5,4.4,81,10,2.4,4,8,5,1.6,20,11,3.9,0,0.8,Social Media,10,7.3,10
Tiffany Burns,19,Other,Lake Hollychester,5.6,7.4,87,0,2,4,5,6,0.7,98,10,2.4,3.4,0.1,Other,2,8.4,10
James Collins,16,Male,Curtishaven,4.1,5.2,72,7,0.9,6,3,8,1,30,6,1.3,1.3,2,Other,7,5.4,5.9
James Gutierrez,18,Male,Port Tracy,5.1,4.6,94,8,1,2,4,9,0,84,19,2,1.9,0.8,Browsing,4,6.5,10
Ashley Choi,19,Male,Lake Jonathan,2.8,7.9,99,5,1.3,1,5,5,1,86,13,2.5,1.8,1.4,Browsing,2,1.3,7.5
Corey Reese,18,Male,Edwardsburgh,5.9,4.1,63,1,1.4,8,7,8,0.9,119,17,1.5,3.1,1.4,Browsing,10,9.6,10
William Mcintyre,13,Male,Lake Teresa,1.4,7.4,79,10,0.1,1,8,4,0.7,21,6,1.8,0.3,0.4,Browsing,1,6.3,1.4
Logan Perry,19,Other,East Erika,6.4,6.6,72,9,0.4,8,1,8,1.4,105,19,2.1,1.4,1.6,Education,10,5.3,10
Amber Macias,18,Male,Mayostad,3.4,8.4,81,7,0.3,2,7,3,1,98,17,2.2,2.2,1.2,Education,9,8.1,9
David Wilson,15,Female,New Williamside,5.5,6.6,100,8,0.7,10,9,8,0.7,58,19,2.7,0.5,0.8,Other,9,4.8,10
Tyler Thomas,19,Female,East Steven,3.1,4.2,69,1,0.8,8,6,8,1.5,71,16,2.1,0.9,2.6,Social Media,7,12,8.6
Jeremy Nelson,17,Female,Marcusmouth,6.3,8.4,84,8,1.6,9,8,5,1.4,58,5,3.2,1.7,0.5,Other,8,8.1,9.2
Joshua Bryant,17,Male,South Joshuastad,5.4,7.9,83,5,1.8,4,2,2,0.6,91,14,1.5,2.7,0.7,Education,10,5,10
Michael Jordan,18,Female,Rileyville,5.1,5.7,98,5,0.3,6,2,3,0.6,45,6,2.8,0.3,1.2,Social Media,8,9.3,7.5
Angela Simmons,17,Female,Powellberg,7.1,7.3,85,6,0,9,7,5,1.1,92,11,2.8,1.3,0,Education,8,7.5,10
Alicia Holmes,19,Female,Coxburgh,7,5.5,69,10,1.7,5,4,9,0.8,114,5,1.9,0.7,1.2,Other,10,5.8,10
Robin Shelton,15,Male,Gutierrezburgh,7.2,8.4,96,4,1,9,1,2,0.8,24,5,2.9,0.8,1.1,Browsing,10,9.6,8.2
Kimberly Munoz,16,Female,South Deborahland,4.5,6.7,80,7,1.4,6,1,5,1.1,49,15,3.4,1.2,1.7,Browsing,2,6.8,9.7
Jennifer Villa,14,Other,East Anthonyton,3.3,8.2,72,5,1.5,9,8,7,0.6,67,15,2.7,2.3,0.7,Social Media,10,4.4,8.5
Tyler Villanueva,15,Male,Whitneychester,3.9,5.5,70,10,1.1,2,6,4,0.8,51,10,1.3,1.8,0.2,Other,1,4,7.3
Garrett Walker,14,Other,Port Dustinburgh,5.2,6.8,70,9,1.1,4,7,3,1,84,15,1.3,0.8,0.9,Browsing,7,6.8,8.6
Mrs. Kayla Morris,18,Male,Ambertown,2.5,7.6,82,4,0.9,9,3,1,1.6,43,18,1.8,2.7,2.3,Education,4,6.7,7.7
Denise Green,18,Female,Baileyville,6.9,7,79,4,0.9,6,4,7,0.9,73,12,2.9,1.6,0.7,Other,4,4.1,10
Adam Young,14,Male,Port Michaelton,1.3,8.7,62,0,1.1,1,1,7,1.6,135,11,2.3,1.7,1.7,Social Media,9,7.8,5.8
Dawn Green,17,Female,New Johnberg,7.5,6.6,58,5,0.1,6,2,7,1,77,16,0.9,0.9,1.7,Social Media,6,7.6,10
Marcus George,14,Female,Johnberg,3,6.1,81,1,0.5,4,8,6,1.6,103,6,2.4,1,0.7,Other,4,5.1,6.6
Dr. Shelly Miller,13,Male,East Randy,4.5,6.9,84,4,1,6,9,3,1,48,12,1.8,1.7,0.5,Social Media,6,3.6,7.9
Jennifer Reed,14,Other,Chenborough,4.1,3,93,9,0.7,7,4,5,1.1,81,15,3.6,1.2,1.7,Education,3,4.7,10
Steven Pineda,18,Other,Reginafurt,4.3,6.7,64,9,0.2,2,4,6,0.4,123,5,3.8,0,0.3,Other,4,4.7,8.2
Holly Flowers,19,Male,Robertview,7.2,9.8,86,4,1.2,3,3,5,1.1,140,20,1.9,0,0.9,Other,5,8.3,10
Phyllis Miller,14,Other,North Joshua,5.3,6.3,82,7,1.7,10,6,4,1.2,59,17,3.1,1.3,0.6,Other,8,10,10
Kylie Tucker,18,Female,West Jessica,0.8,8.9,59,8,0.9,4,6,7,1,138,9,3.3,2.9,1,Other,7,10,7.1
Gregory Hudson,15,Other,Glennmouth,5.6,6.3,53,5,1.5,5,7,8,0.8,82,10,1.5,0.6,1.7,Gaming,9,6,8.2
Courtney Rice,16,Other,Lake Jacobbury,7.7,5.4,62,6,0.5,8,6,5,1.5,46,5,2.5,2.5,0.5,Education,10,3.8,10
Rita Wilson,17,Other,New Anita,3.6,4.8,95,3,0.1,9,9,3,1.3,89,10,3.9,2.1,2.4,Other,10,5.8,10
David Howell,14,Other,New William,6.1,4.8,68,0,2.4,6,8,5,0.8,87,19,4.2,0,1.7,Other,8,5.1,10
Bobby Anderson,13,Other,East Mary,4.2,3.8,93,4,1.2,2,2,7,1.1,96,14,3.2,1.7,0.9,Social Media,7,8.1,10
James Woodward,13,Female,North Micheleton,4.8,7.2,68,6,1.3,4,9,2,1.4,53,16,3.6,0.8,1,Education,9,7.2,9.9
Edward Krueger,18,Other,New Rachelfurt,7.8,7.8,57,2,0.2,6,1,6,1.3,147,19,0,2,0,Other,7,8.3,10
Joseph Gallegos,17,Female,East Sarahmouth,5,7,67,10,1.3,9,3,2,1.1,65,12,1.7,0.8,0.6,Other,10,5.9,7.7
Julie Jackson,18,Other,Judithton,5.3,8.9,98,4,0,7,2,1,0.9,59,10,2.5,0.5,1.5,Social Media,1,10.5,7
James Adams,16,Female,North Cristina,4.8,6.7,65,4,1.1,10,4,3,0.4,67,6,3.9,2,0.9,Browsing,10,6.8,9.9
Kendra Graham,14,Male,Sarabury,8.5,6.4,75,1,0.9,3,3,10,1.1,149,12,3.2,0,0.7,Education,8,2.9,10
Kristin Lopez,17,Male,Lorraineview,8.4,7.1,75,0,0.7,8,9,1,1.5,46,17,2.2,1.4,0.1,Browsing,6,7.3,10
Barbara Diaz,19,Other,Lake Raymondfurt,4.4,7.5,87,6,0.1,10,10,8,1,102,17,1.1,1.5,1.8,Other,10,3.7,8.7
Darren Johnson,17,Other,Port Dan,5.2,7.2,86,2,0.9,10,4,6,1.5,50,19,2.6,1,2.4,Education,6,5.2,10
Jeremy Trevino,17,Other,Port Dawn,4,7.2,79,2,1.6,7,4,1,1.9,112,14,4,2.1,1,Social Media,10,5.5,10
Taylor Jones,13,Female,Palmerton,2.9,4.7,63,0,0,3,8,4,1,90,19,1.6,0.6,0.4,Other,8,6.9,8.4
Brenda Smith,14,Male,Charlesburgh,5.5,8.3,84,7,0.9,10,7,2,1.1,133,20,2.8,2.4,0,Other,4,7.5,10
Joshua Cox,19,Male,Davidsonland,6.3,6.1,98,0,0.7,2,6,10,0.5,113,14,3.2,0.4,1.3,Other,2,2,10
Bryan Scott,19,Female,Port Jennifer,6.1,4.2,92,7,1.3,4,6,8,1.2,30,12,2.1,2.4,1.7,Social Media,4,6.7,10
Jason Stone,15,Female,Padillaburgh,5.9,3.8,50,7,1.4,4,6,3,1.3,129,14,1.4,1.4,0.4,Gaming,2,9.3,10
Robert Dorsey,17,Other,Lake Jesus,2.5,6.6,84,4,1.1,7,4,6,0.9,38,20,3,2.4,0,Browsing,3,3.8,9.4
Trevor Washington,16,Male,West Austinmouth,4.9,5.8,75,1,0.6,7,2,6,1.5,44,6,1.8,1,0.3,Gaming,4,9.1,6.9
Kimberly Wells,16,Female,Carterside,8,8.5,51,5,1.5,8,7,6,0.3,68,14,1.7,1.7,1.4,Browsing,9,9,10
Kristi Peters,16,Female,Shannontown,4.7,5.2,92,2,2.1,6,5,6,1.2,110,20,2,1.8,1.5,Gaming,2,7.3,10
Anthony Garcia,14,Other,Eugeneville,5.1,5.7,76,8,0.2,6,8,2,0,145,11,4.3,2,0.3,Other,7,4.1,10
David Young,14,Female,West Kristen,6,5,89,0,0.8,5,6,4,0.6,140,15,2.7,0,1,Gaming,5,5.3,10
Omar Hodges,18,Female,Port Christopherport,4.6,4.4,80,9,2.1,3,7,5,1,99,6,3.6,1,0.5,Other,7,4.9,10
Roberto Price,13,Male,New Josephtown,6.9,8.4,60,1,0.7,2,4,9,1.6,140,16,2.8,3.1,1.3,Gaming,8,5.8,10
Deborah Miller,16,Female,North David,3.4,8.6,63,1,1.8,1,3,3,2.5,110,6,4.9,1.1,2.2,Social Media,8,3.2,8.5
Keith Mccarthy,15,Female,Lake James,4.8,5,58,5,1.2,6,10,4,1.3,21,15,2.7,0.5,1.5,Gaming,10,7.3,8.9
Emily Jones,17,Other,West Valeriefort,4.7,6.3,100,3,0.3,9,2,6,1.5,46,18,2.9,1.9,2,Gaming,8,8.1,10
Christina Miller,18,Female,Richardfort,1.8,7.4,75,2,0.6,7,2,1,0.9,122,19,1.5,1.9,0.2,Browsing,9,8.6,7.7
Diana Ford,18,Male,Timothyview,4.5,7.3,71,2,1.1,1,9,3,0.9,131,6,2.9,0.7,1.9,Education,4,5,8.3
Jennifer Brown,14,Male,Lake Lisa,1.3,5.9,86,6,1.4,1,8,4,0.8,89,20,3.5,2.6,1.2,Browsing,3,8.5,10
Tyler West,15,Female,Lake Michael,3.7,6.6,63,10,0.1,7,3,5,1.2,42,14,2,2.4,1.1,Other,10,8.4,8.4
Anne Duran,18,Male,Gibsontown,7.3,6.4,51,5,0,1,9,6,1.3,52,19,3.1,2.9,2.8,Other,10,9.8,10
Taylor Miller,14,Male,Port Crystalview,6.1,6.1,69,6,0.6,8,9,7,0.5,85,11,4.4,0.3,1.2,Browsing,6,5.8,10
Krista Young,16,Other,Dillonchester,5.5,6.3,62,8,1.5,10,2,7,0.6,113,10,3.8,0.3,0.1,Other,7,5.4,10
Miranda Baker,13,Male,North Melissaborough,5.9,7,79,0,1.1,7,6,7,0.3,40,19,0.5,0.3,1.5,Education,4,4.6,7.8
Tammy Stewart,16,Other,West Cynthia,3.2,5.2,86,4,2.1,8,3,5,1.3,50,13,2.3,0.6,2.4,Education,3,4.4,7.1
Brittany King,19,Female,East Janet,3,10,96,2,0.5,9,1,10,1.3,134,10,1.9,1.5,1.2,Gaming,1,4.7,6.1
Garrett Brown,18,Other,Barajasshire,2.6,5.4,86,6,0.8,6,9,3,0.9,90,12,2.9,1.4,1.3,Education,4,5.9,8.4
Catherine Mcgee,13,Female,Meyersside,2.7,6.1,96,0,0.8,7,9,2,0.7,110,5,2,2,0,Education,6,2.9,6.8
Christopher Boyle,14,Female,Calvinmouth,8.8,7.6,88,8,1.5,3,1,5,0.8,52,8,1.9,1.5,1.9,Gaming,1,5.2,10
Sabrina Murphy,16,Other,West Virginia,4.4,9.4,67,1,0.6,7,6,6,1.6,31,13,1.8,1.3,0.2,Gaming,1,4.2,6
William Baker,18,Other,North Jennifer,4.3,4.8,60,4,2.2,4,2,3,1,127,14,1.6,1.9,1.1,Gaming,4,6.6,10
Tracy Perez,19,Male,New Andrew,4.7,7.9,85,3,1.4,7,5,4,0.4,33,19,1.8,1.4,1.3,Education,3,4.3,8.4
Robert Cannon,13,Male,New Maria,7.6,6.8,92,7,1,2,9,8,1.6,50,9,2.8,2.5,1.4,Browsing,10,10.2,10
Samuel Taylor,13,Female,Ramirezview,5.2,9,99,1,0.4,5,7,1,0.6,64,16,2.3,0.5,1.2,Browsing,7,8.7,8
Pamela Alvarez,17,Male,Port Matthew,6.4,6.9,82,1,0.7,2,6,6,1.4,56,10,1.4,1.9,1.8,Other,2,1.6,9.4
Christopher Park,18,Other,Hopkinsstad,6.7,6.7,63,8,2.5,8,4,5,1.2,111,11,2.5,2.2,1.2,Social Media,9,7.9,10
Jorge Miller,17,Male,New Kellystad,3.1,7.1,100,2,2.1,8,3,5,0.5,80,7,1.8,0,1.8,Gaming,9,6.1,4.4
Johnathan Benitez,15,Male,Cantuport,4.6,4.8,67,6,0.2,5,5,1,1.6,141,18,2.7,0.3,1.1,Education,6,5.1,10
Gregory Foster,13,Other,New Samantha,5.1,8.8,99,1,2.6,5,8,10,1.2,140,16,1.7,2.5,1,Other,5,7.3,10
Amber Juarez,16,Other,Jonathanton,1.7,6.1,93,6,0,7,1,4,0.9,54,8,4.3,2.6,0.9,Gaming,6,3.1,8.2
Michelle Green,19,Male,Michelemouth,1.5,10,69,5,1.4,1,1,7,1.5,24,16,2.9,1.3,0.8,Other,2,4.3,4.4
Christopher Smith,17,Other,Lake Jessicamouth,4.9,6.9,69,6,1.9,9,5,2,1.6,139,19,3.5,0.6,0.9,Social Media,8,5.7,10
Amanda Castro,15,Female,East Larry,7.9,6.8,53,1,0.8,6,8,3,0.6,29,14,2.7,1,1.7,Education,4,8,10
Mark Steele,19,Female,New Peterborough,6.1,5.4,65,10,0,4,4,8,1.1,111,15,2.2,0.7,1.5,Gaming,2,6.8,10
Gina Turner,19,Other,North Briantown,4.3,9.3,81,3,2,8,9,7,0,111,16,2.2,1.9,0.1,Other,3,7,9.2
Joshua Murillo,15,Female,East Jacob,6.6,5.5,71,3,0.8,5,6,4,0.1,40,13,2.2,2.3,0.4,Education,8,6.7,10
Jill Baldwin,18,Male,Port Lisa,6.7,7.6,95,2,1,1,5,1,1.8,136,17,3.7,1.5,0.7,Social Media,8,6.6,10
Melissa Scott,18,Female,Alecville,4.7,10,93,1,1.7,5,4,3,1.3,127,10,3.8,2.4,2,Education,5,2.4,10
Cynthia Hill,15,Female,New Seanfort,5.5,5.4,83,8,0.1,8,1,5,0.8,104,6,1.3,1.1,1.2,Other,6,7.5,8.5
Sabrina Thompson,16,Female,Lamberthaven,3.2,5.9,79,3,1.9,6,3,2,1.5,33,17,3.2,1.4,2,Education,5,5.9,8.9
Sheri Chavez,14,Male,Port Cindyhaven,7.5,6.2,76,6,0,4,1,6,1.7,42,20,2,3.2,1.1,Browsing,8,10.7,10
Dr. Kevin Smith,14,Male,Devonfurt,6.3,8.1,51,2,1.4,5,3,4,1,76,6,4.2,0,0.6,Browsing,1,5.3,9.2
Janet Stevens,13,Male,Markview,4.2,6.2,50,8,1.2,8,3,6,0.6,20,12,1.5,2.8,1.1,Education,2,4.8,8.2
Mr. William Flores,16,Other,Williammouth,0.4,4,81,5,2.5,4,5,5,1.3,37,9,2.1,0.9,1.6,Other,2,6.6,3.9
Joseph Meyer,18,Other,Rangelfurt,3.5,5.5,83,2,2.1,3,8,1,1,37,20,3.2,1.2,1.6,Browsing,6,6.4,9.9
Margaret West,15,Other,Schneiderhaven,5.4,5.9,62,9,3,10,4,1,1.3,39,15,3.6,1.6,1,Browsing,6,5.8,10
Andrea Martinez,15,Other,Robertmouth,4.7,6.8,59,8,0.6,4,8,9,0.8,99,11,3.1,1.3,1.2,Gaming,7,6.5,9.9
Jerry Holt,19,Male,Caintown,3,6.6,96,1,1.3,5,4,1,1.3,116,10,1.9,0.8,1.2,Education,5,6,6.7
Jodi Davis,15,Female,South Kariside,6.4,6.3,96,1,1.9,1,10,4,0.9,82,6,0.7,1.4,1.8,Other,7,4.9,8.2
Kenneth Rivas,16,Female,New Davidborough,6.3,6.3,61,8,1.6,8,1,5,1.6,76,17,1.7,2.1,0.3,Education,2,5.8,10
Ryan Williams,13,Male,Lake Jasonchester,4.4,5.3,66,1,0,4,4,10,0.7,111,10,4.1,1.7,0,Other,8,4.7,10
Scott Zimmerman,18,Other,Delgadoport,3.5,4,54,6,1.1,1,6,8,0.7,69,13,2.6,1.2,2.1,Education,7,6.8,9.3
Anthony Sanchez,15,Other,Keithland,1,5.9,83,9,1.2,4,7,7,0.8,84,17,2.1,2.9,1,Social Media,9,6.6,8.1
Andrew Velazquez,13,Other,East Michael,4.9,6.7,87,2,1.2,6,5,9,1.3,44,17,3,2.9,1.3,Browsing,3,3.2,10
Michael Fleming,17,Male,Daltonfort,2.6,6.1,94,3,1.2,5,5,3,1.1,128,17,2,0.3,1,Gaming,4,11.2,7.8
Casey Santos,14,Female,New Virginiaport,2.7,5.1,69,9,0.6,9,2,3,0.7,139,11,2,0,1.1,Browsing,7,6.3,7.1
Jessica Howard,16,Male,Bauerside,6.5,5.3,57,1,1.8,7,4,4,0.9,44,13,2.7,0.5,1.4,Education,6,8,10
Mary Taylor,15,Male,South Matthewburgh,3.5,5.9,63,0,1.6,10,1,10,1,62,9,2.4,0.5,1.1,Social Media,8,4.8,6.5
Dr. Hailey Lewis,13,Female,Lake Traviston,2.7,6.9,67,9,0.8,6,2,1,0.1,115,18,4.1,1.7,1.2,Other,1,6.4,10
Nicholas Estrada,15,Male,New Tara,7.3,8.8,71,9,2.3,6,6,3,0.6,104,8,2.4,1.3,2.4,Gaming,3,6.1,10
Troy Moon,19,Male,Brucefurt,4.7,6.3,91,0,1.9,9,5,7,1.4,43,19,1.5,1.9,0.9,Other,3,7.2,9.6
Matthew Collins,14,Female,Clementshaven,4.5,5.9,64,2,1.2,4,10,2,1.3,56,13,3,0.7,0.2,Social Media,4,4.3,9
Phillip Warren,16,Other,Port Markbury,9,7.1,82,5,1.3,4,5,7,1,149,8,1.7,1,0,Gaming,4,0.9,10
Allen Cummings,17,Male,Smithberg,7.7,7.3,74,8,2.3,9,2,3,1.4,63,8,2.5,3.5,1.7,Gaming,5,4.8,10
Tanya George,16,Female,Banksside,4.2,5.9,79,0,1.4,4,1,1,0.5,64,11,1.9,2.7,0.6,Gaming,8,5.4,9.3
Jennifer Bates,16,Female,Isaacstad,3.3,4.4,70,4,1.2,8,4,10,1.1,22,17,0.8,1.2,0.8,Browsing,7,7.1,6.9
Mr. Matthew Johnson,13,Female,Petersstad,4.9,4.9,66,6,0,5,1,8,1.2,57,15,3.8,0,0.5,Gaming,7,8.8,10
Natasha Robinson,17,Other,Apriltown,6.6,7.5,93,4,1.2,5,4,4,1.1,75,7,2.5,0.6,1.3,Education,5,5.7,8.8
Mary Cox,16,Male,Shannonview,7.6,6.1,71,7,1,2,10,10,0.4,49,13,3,2.2,0.1,Education,3,7.7,10
Chris Chase,19,Other,North Jennifer,8,6.7,67,5,0.3,5,10,7,1.5,43,7,2.1,1,0,Education,6,8.6,10
Darryl Bryant,18,Other,Jacquelinehaven,5,5.5,76,4,0.3,8,10,9,1.1,85,20,1,0.7,1.6,Social Media,8,5.8,9.6
Catherine Hernandez,19,Male,Lyonstown,3,6.8,77,7,1.7,10,5,7,1.3,119,8,3.4,1.9,0.2,Gaming,7,3.6,8.9
Jared Walker,13,Other,New Kimberlyberg,5.2,7.4,93,4,2.3,2,7,5,1.9,47,15,1.4,1.5,0.8,Gaming,5,6.4,8.3
Robert Bennett,15,Other,New Dana,8.5,7.3,60,6,1.6,8,1,3,1.1,149,5,2.9,1.7,0.5,Other,8,6.8,10
Rose Figueroa,17,Male,Robertohaven,3.4,6,50,9,0.9,1,10,5,0.3,150,5,1.6,0.3,1.2,Social Media,5,4.7,6.3
Katherine Payne,17,Male,North Donnaberg,4.4,5.4,63,3,0.5,9,5,2,1.2,91,11,3.1,2.1,2.2,Education,9,7.9,10
Nicholas Weeks,19,Male,East Robertoborough,1.3,7.3,83,7,1.5,2,6,7,0.8,51,17,2.4,3.1,0.7,Education,2,6,7.6
Joshua Woods,19,Female,Michaelfurt,3.1,5,91,2,0,2,3,6,1,40,14,3.1,3,1,Social Media,4,7.8,10
Cheyenne Quinn,17,Female,South Hectorton,5.9,7.2,64,7,0.6,7,2,10,1.2,58,20,1.6,1.5,1.5,Gaming,6,3.4,10
Kelly Phillips,16,Female,Lewischester,6.6,7.5,68,5,0.8,4,3,4,1.1,27,20,1.9,2,0.1,Gaming,10,6.1,10
Louis Le,15,Male,Lake Joseph,5.8,8.1,70,9,0.4,8,8,6,0.3,46,6,2.6,1.3,0.7,Other,6,8.6,7.8
Aaron Scott,14,Female,Port Jamesland,1.5,8.6,66,4,1.9,1,5,6,0.9,106,5,4,3.8,0.2,Browsing,5,6.8,8.1
Gina Davis,15,Male,Keithview,6.4,9.3,51,2,0,4,6,6,1.5,86,6,1.8,2.4,1.2,Education,7,5.5,8.9
Regina Burton,17,Female,Ashleyland,0.9,8.8,84,6,1.4,10,6,1,0.5,23,7,1.3,2.4,0.2,Social Media,4,10.2,2.1
Nicole Jimenez,19,Other,Lake Anthony,0,5.4,69,8,2,6,10,6,1.5,136,8,3.3,1.2,0,Gaming,3,3.7,6.1
Paula Rivera,17,Female,West Jenniferport,5.1,5.3,50,3,1.8,10,7,10,1.7,43,11,3.6,1.3,1.5,Gaming,1,6.8,10
Kimberly Villanueva,15,Other,East Lance,2.9,7.8,89,10,0.4,2,9,10,1.5,65,7,3.3,1.6,1.3,Other,9,9.1,6.6
Ralph Hodges,16,Female,Chasefort,5.2,7.3,76,1,0,1,5,4,0.8,99,15,5,2.2,1.3,Gaming,9,7.8,10
Felicia Torres,19,Female,North Codyburgh,7.1,7.4,86,1,0.1,6,6,5,0.5,94,11,2.7,2.1,1.8,Gaming,8,4,10
Renee Dean,17,Female,Lake Jacobmouth,3.5,7.8,50,9,0.5,10,2,9,1.7,81,17,0.5,1.2,2.9,Education,4,6.5,6.3
Johnny Klein,13,Female,East Juantown,1.2,7.2,66,0,0.4,1,1,5,1.6,29,15,3.8,0.6,0.4,Education,7,8,5.6
Eric Nicholson,14,Male,Gallegosstad,3,8.8,73,8,1.5,2,4,1,0,65,13,2,2.5,0.6,Education,10,5.7,7
Brandy Lindsey,14,Female,Bennettshire,5.4,3,78,10,2.6,9,6,10,0.9,117,12,2.3,1.1,0,Browsing,3,6.2,10
Tiffany Bailey,16,Other,Michaelstad,2.9,5.5,85,9,0.2,7,3,2,0.3,126,15,2.8,1.8,0.8,Browsing,9,3.8,10
Leslie Perez,16,Other,West Amybury,7.7,6.8,85,9,0.8,6,10,9,0.4,76,10,3.2,1.2,0.4,Other,8,1.9,10
Cody Scott,19,Female,West Amy,4.9,10,78,5,2.5,7,10,2,1,59,14,2,0.3,1.4,Gaming,5,7.9,6.2
Jeremy Wright,13,Other,Woodsborough,3.2,5.1,62,9,1.5,3,7,3,1.1,130,12,3.7,1.7,2,Gaming,1,3.7,10
Erica Johnson,17,Female,Lake Benjamin,7.3,10,96,6,2.2,3,6,2,2.4,99,17,2.1,0.1,1.6,Other,7,5.5,9.9
Edward Reyes,14,Other,Tiffanymouth,6,5.5,67,0,0.1,6,1,6,2.1,37,10,1.7,0.7,0.8,Gaming,8,8.6,8.4
Sarah Lopez,13,Other,Port Christophershire,7.8,7.6,89,7,2.1,7,3,1,1.2,111,18,2.7,1.3,1.9,Education,6,7.3,10
Debra Bennett,14,Other,South Anthony,2.8,7.6,82,1,3,4,8,4,0.9,59,18,2.8,1.6,0.4,Browsing,6,6.3,8.2
Ryan Smith,19,Female,Mooreborough,7,6.6,99,0,0,5,7,1,0.8,25,13,4,1.4,1,Browsing,6,4.5,10
Rodney Wheeler IV,13,Female,North Margaret,6.8,6,70,7,1.5,3,9,6,1,62,15,2.1,1.1,0.6,Gaming,3,6.5,10
Heather George,18,Female,Myersland,4.1,6.3,90,2,1.6,10,10,4,1.2,44,19,3.4,1.7,1.5,Browsing,4,5.5,10
Lauren Ryan,19,Male,North Natalieside,6.6,5.8,71,0,0.4,3,1,5,1.2,35,6,3.4,1.8,1.4,Other,4,3.1,10
Robert Gilbert,16,Male,Douglasfort,7.2,6.6,76,2,1.3,5,10,1,1.1,145,9,3.2,0.7,0.9,Other,9,4.9,10
Sharon Jackson MD,19,Other,Grossview,5.4,6.2,75,7,1.4,10,4,6,1.1,135,10,2.5,1.7,0.5,Other,3,3.3,10
Amanda Sanford,18,Female,New Michaelfurt,4.5,10,62,3,1.3,7,10,4,0.9,68,17,1.8,2,0.4,Browsing,7,4.1,8.1
Mrs. Ariel Brown,13,Male,New Jessicamouth,5.6,9,61,6,0.7,3,1,6,0.8,41,11,1.8,1,1.9,Education,5,5.3,6.9
Robin Phillips,13,Female,Austinport,3.7,7.6,51,0,2.2,9,4,6,0.7,143,7,4.1,1.6,1.3,Gaming,4,3.1,9.9
Miss Jennifer Howard,17,Other,South Jessica,3.2,6.2,80,5,1.6,7,2,3,0.2,36,6,1.1,2.1,0.6,Social Media,7,5.7,5.2
Natasha Taylor,13,Other,Port Justin,5,8.3,67,9,2.9,1,2,7,0.8,140,16,4.7,0.5,0,Other,1,6.5,10
Joseph Becker,17,Other,North Williamside,3.6,6.1,98,7,2.6,4,5,4,0.9,77,12,3.7,1.7,1.6,Other,6,3.7,9.9
Jeffrey Anderson,14,Female,East Joseph,4.3,4.6,55,4,1.3,2,2,4,0.8,64,5,2.5,0.6,1.3,Education,8,5.1,7.4
Larry Collins,17,Male,Toddberg,4.2,7,57,3,0.9,2,9,1,0.8,90,7,0.8,2.4,1.8,Education,10,6,7.1
Matthew Hill,16,Female,Zacharyside,5.8,7.3,67,7,1.2,10,1,7,1.4,140,5,2.2,0,0.8,Other,6,6.2,8.2
Nicholas Snyder,19,Male,South Melanieville,6.6,6.1,66,4,0.6,2,7,6,1.1,71,12,1.4,1.1,2.8,Browsing,3,8.6,9.9
Paula Ortiz,17,Other,Mannhaven,4.2,6.8,72,8,0.6,10,2,4,1.7,76,16,2.5,1.7,2.1,Education,9,6,9.7
Barbara Byrd,18,Other,Butlershire,3.4,6.3,83,6,0.7,4,8,8,0.9,79,20,1.2,2.3,2.4,Browsing,7,10.1,9.3
Troy Hall,13,Other,New Grantmouth,7.1,7.6,81,2,0.8,7,10,2,0.8,150,16,1.7,1.3,0.3,Social Media,4,9.2,10
Kaitlin Rice,14,Female,Lake Carlosfurt,4.4,3.8,88,8,1.8,4,5,3,0.9,39,10,0.3,0.1,1.4,Browsing,8,7.8,5.7
Ronnie Caldwell,18,Other,Powellfort,7.1,3,94,8,0.4,9,8,2,1.4,80,6,4.3,2.5,0.1,Education,10,1.9,10
Lauren Boyd,16,Female,Michaelmouth,2.3,6.5,78,5,1.5,8,10,10,0.6,98,20,1.6,2.2,0.6,Education,1,6.8,8.8
Joseph Smith,14,Other,Wigginsstad,4.1,6.8,74,0,0.9,3,7,8,1.2,119,10,3.8,1.1,1.1,Browsing,1,9.7,10
Hector Myers,18,Female,South Jennifermouth,3.3,6,93,5,0.5,1,8,1,1.4,49,16,2.2,2.4,0.8,Education,3,5.2,9.1
Devon Dixon,19,Female,Gibsonmouth,4,7.5,69,6,1.3,6,1,2,1,141,20,2.2,1.2,2.1,Browsing,7,4.3,10
Isaac Grant,14,Male,Jennaburgh,7.7,5.9,93,1,0.6,2,8,7,1.1,72,19,1.3,0.4,1.5,Gaming,8,9.2,10
Travis Owens,18,Male,Vaughnside,4.5,5.2,66,1,2.1,3,4,1,1.3,144,16,1,2.3,2.1,Social Media,10,3.5,10
Samantha Hudson,14,Female,North Richardland,5.4,4.8,63,4,1.5,1,7,7,1.2,64,19,2.9,2.6,0.2,Other,10,2.6,10
Richard Brown,18,Other,East Christopher,4.6,5.5,82,6,1.2,9,4,1,1.8,34,5,1.7,1.8,0.9,Other,2,5.7,7
Mrs. Jennifer Pena,19,Other,Larrystad,6,7.7,96,3,0.8,10,6,3,0.4,132,5,1.9,2,2.2,Education,1,4.8,9.7
Cole Boyd,17,Female,East Brittanychester,3.1,7.2,95,10,0.9,9,6,6,1,94,16,1.5,0.2,1.2,Browsing,6,5,6.3
Ashley Gibson,14,Other,South Jasonborough,2.2,5.1,90,2,0.9,3,4,5,1.1,122,7,4.4,2.3,0.7,Other,1,6,10
Ms. Judy Allen,17,Male,Port Danielshire,4.4,5.5,57,9,0.2,9,10,5,0.8,136,8,1.1,1.3,0.7,Education,4,4.7,8.4
Haley Perry,13,Other,Marcuschester,4.6,6.2,78,0,0.8,2,3,2,1.4,73,17,4.8,1.8,1,Social Media,10,7.6,10
Richard Smith,14,Female,Mitchellborough,2,6.3,77,4,1.2,4,3,10,0.7,123,8,1.6,1.7,0.9,Gaming,8,7.6,6.2
Brian Carey,16,Other,New Madisonburgh,4.1,7.9,100,2,1.5,9,5,8,1.5,53,10,3.1,1.2,1.1,Gaming,8,7.1,7.5
Sarah Thomas,18,Male,Thomasfort,9.1,5.6,93,3,1.8,2,3,2,1.1,64,8,3.3,1.9,1.8,Education,5,6.6,10
Matthew Pierce,19,Other,Susanport,3.9,8.5,73,9,0.5,9,7,6,1.4,74,11,3.1,0.1,1.6,Browsing,2,6.2,6.5
Michael Thomas,19,Male,North Susanfort,4.2,3,78,7,1.1,1,4,7,0.9,91,11,0.9,1.4,0,Gaming,3,9.1,9
Michelle Rivas,17,Other,South Jamie,4.5,4.9,77,0,0.6,10,9,2,1.5,23,9,2.8,2.6,0.8,Education,7,5.7,9.7
Judy Nelson,19,Female,North Teresafurt,4.9,6.4,92,1,1.3,6,7,2,0.9,26,13,1.1,0.6,1.6,Other,8,7,6.5
Gary Lawson,17,Female,Richardchester,4.9,7.4,91,6,0.9,4,1,6,1,112,18,3.3,1.6,1.3,Social Media,3,9,10
Jonathan Perez,18,Other,New Karenbury,2.6,6.1,96,6,1.7,6,10,3,1,76,8,1,0,0.3,Gaming,4,7.1,3.7
Teresa Johnson,14,Female,North Richardton,5.1,3.8,57,10,0.5,7,3,2,0.8,133,18,2.8,0.5,1.3,Gaming,3,5.8,10
Christopher Jennings,17,Other,Christopherhaven,4.6,6.7,76,7,1.1,7,7,1,1.3,144,12,1.9,2.8,1.5,Gaming,5,4.9,10
Jenny Johnson,16,Female,Charlestown,7.3,6.9,81,2,0.4,8,1,3,1.3,61,10,0.4,0.3,0.5,Education,6,7.1,7.8
Erik Berry,13,Other,Brendaport,4.9,5.8,74,3,0.3,10,4,2,0.1,63,15,0,1.1,1.4,Other,2,5.3,7.4
Mr. Samuel Miller DDS,15,Male,Port Vincentchester,3.2,8.3,58,8,1.6,8,8,4,1,72,7,3.2,1,1.1,Gaming,3,4.2,6.1
Mr. Cameron Kirk,17,Female,North Kaylaburgh,7.6,5.8,94,6,0,8,5,7,1.4,38,14,3.7,0.9,1.8,Other,2,3.1,10
Justin Wright,13,Female,Elizabethtown,6.2,6.6,54,6,0.7,4,2,6,1.1,135,17,2.3,0.4,1.4,Browsing,3,6.4,10
James Jones,17,Other,Bakershire,4.9,3.6,100,3,1.4,4,5,5,1.7,37,14,1.6,0.8,1.9,Other,5,3.2,9
Kyle Galvan,16,Female,North Melindafort,5.5,9,100,7,1.6,9,3,9,0.2,148,20,2.6,0.1,0.9,Education,1,4.8,10
Danielle Cunningham,13,Male,South Beverlyshire,3.2,5.5,52,4,0.1,4,4,8,1.1,47,11,3.4,1.5,1.2,Browsing,7,6.2,8.5
Scott Perkins,19,Male,Leslieside,5.4,6.1,62,3,1.1,5,6,1,1.5,140,18,1.1,0.9,0.8,Education,7,5.6,10
Todd Wong,19,Male,East Matthewview,4.2,6.6,50,9,2.5,6,6,5,1.6,83,18,2.9,0.7,0.3,Gaming,6,8.3,9.8
Austin Davis,16,Other,Michellebury,6.5,9,65,6,0.3,5,8,7,0,116,16,2,1.9,0.1,Gaming,9,7.1,10
Jesse Howell,13,Other,Port Marc,2.8,8.6,62,6,1.3,8,4,6,1.5,82,19,3.7,1,0,Other,2,6.5,8.6
Kathryn Phillips,14,Female,Hansonview,4.4,6.8,76,8,2.4,9,1,10,0.4,74,13,3,2.3,0.3,Browsing,5,7.4,10
Anna Garrison,16,Other,Elizabethhaven,7.5,6.5,67,0,1.2,10,6,9,0.5,51,12,1.7,0.8,0.9,Other,5,4.8,10
Dr. Jacqueline Carroll DDS,14,Other,Tinaview,1.2,3.8,81,5,0.9,7,3,9,1.2,52,8,3.4,0.3,1.4,Gaming,3,6.3,5.6
David Alvarez,15,Male,Martinezburgh,4.6,4.9,77,3,1.1,4,8,8,0,48,5,2.4,1,2.5,Browsing,3,6.3,7.5
Jared Howard,17,Male,Matthewshire,5.5,4.2,98,5,2.1,3,8,2,0,41,10,3.3,1.4,1.4,Browsing,7,4.2,10
Dr. Lisa Williams DVM,17,Other,Youngchester,4.9,8.3,100,5,1.5,4,4,5,0.6,137,13,3.7,1.8,0.4,Social Media,1,4,10
Robert York,17,Female,Rogersfort,3,8.6,95,4,1.1,5,1,2,1.8,66,20,3.4,2.9,0,Social Media,6,2.5,10
Emma Evans,18,Female,Alexanderview,6.2,8.2,86,4,0.5,1,5,5,1.1,141,5,4.6,2.4,0,Education,1,6.6,10
Thomas King,13,Other,Teresabury,6.8,7.1,79,10,1.6,9,9,4,1.5,93,20,3.1,1.7,1.4,Education,5,7.6,10
Scott Phillips,15,Male,East Patrick,3.9,6.8,67,8,1,3,3,10,2,108,5,3,0,0.9,Education,9,5.5,6.7
Kayla Adams,13,Female,Lake Jamie,5.6,5.6,71,3,1.3,10,2,9,0.7,76,19,1.7,0.3,1.2,Gaming,3,5.8,10
Robert Gibbs,14,Female,Lake Scottbury,3.8,7.5,79,5,0,8,10,3,0.9,75,8,1.9,3,1.2,Gaming,4,5.6,8
Sarah Dixon,18,Female,New Dennis,6.2,7,61,10,1.3,4,5,7,0.2,150,11,2.2,1.3,0.1,Other,4,8.2,10
Sarah Smith,15,Other,Garciaport,6,4.2,87,5,0.2,6,5,2,0,86,11,2.8,0.1,1.3,Gaming,6,4.4,10
Kristina Lawrence,15,Other,North Michelle,6.5,6.9,95,5,2.4,10,8,4,1.1,48,10,1.6,1.7,0.4,Browsing,5,5.4,9.3
Gary Davis,14,Male,East Coreyburgh,8.9,5.8,61,1,0.9,8,7,5,0.6,79,20,3.4,1.4,0.3,Education,8,7.1,10
Angela Tucker DVM,16,Male,Wuberg,6.5,7.7,54,1,1.3,6,4,5,1.9,36,19,2,1.7,0.8,Education,6,5.5,10
Kevin Wright,18,Female,Lake Nathanmouth,4.4,6.1,85,4,0,4,2,2,0.2,79,11,2.8,1.6,1.1,Gaming,4,2.7,9.5
Eddie Morrison,15,Female,Daltonmouth,4.1,5.8,75,7,0.3,9,10,9,1.2,120,6,1.9,0,1,Browsing,7,4,6.7
Michelle Lucas,19,Male,New Vanessa,7.7,3.1,98,7,0.1,8,6,9,1,105,11,3.2,1.7,2,Gaming,7,6.1,10
Gabriel Castillo,14,Male,South Cameronton,4.9,5.9,59,4,0.5,4,1,6,0.7,140,14,2.3,0.2,0.9,Education,5,8.3,10
Tammy Taylor,15,Other,Port Michaelmouth,6,5.6,67,5,1.1,3,1,3,1.2,63,7,1.4,2.5,0.1,Gaming,3,6.2,9.8
Jordan Alexander,16,Male,Williamsborough,4.2,6.1,84,9,0,9,1,10,0.7,90,6,0.9,0,1.8,Browsing,4,5.7,5
Douglas Baird,19,Female,Port Davidfort,7.2,4.7,93,4,0,9,5,1,1,99,13,4.4,1.8,1.3,Browsing,9,4.6,10
James Gordon,13,Female,Danieltown,5.3,4,99,5,0.5,1,2,7,1.1,53,16,1.8,2.2,2.4,Other,5,6.7,10
Edward Hartman,13,Female,Lake Carol,5.3,5.8,80,8,2.5,6,5,7,0.7,29,13,3.2,2.9,2.3,Other,6,4.7,10
Matthew Wallace,17,Other,Natalieville,5,5.8,65,5,2.7,6,7,7,1.5,49,15,1,0.6,1,Other,2,7.4,7.7
Chelsea Wagner,15,Female,New Kim,4.3,7.1,95,1,1.6,5,10,10,2.1,88,17,2.8,3,1.5,Browsing,1,4.9,10
Diane Conway,16,Female,Port Monica,5.8,5.1,96,10,1.9,8,8,4,1.6,52,11,3.7,0.7,1,Education,9,5.7,10
Jeffrey Benson,19,Other,Jonestown,5.1,7.5,79,5,2,2,1,3,0.8,82,16,1.2,2.1,0.7,Browsing,1,7,9.5
Eric Nguyen,16,Other,New Sethshire,4.8,6.1,79,6,1.3,7,10,2,1.1,78,8,2.2,1.9,0.1,Other,4,5.6,9
Todd Torres,15,Other,Lake Ernestmouth,1.6,6.7,81,3,1.5,6,3,3,1.1,130,5,2.5,1.6,0.4,Education,2,8.1,6
Kathy Steele,13,Female,Pamelafort,5.7,4.6,61,5,0.1,6,5,9,0.5,73,14,2.1,1.3,1.4,Social Media,2,8.8,10
Eric Cummings,17,Male,Port Amber,6.3,4.7,60,1,1.5,6,2,7,1.2,76,10,3.7,0.5,1,Other,5,7,10
Cheryl Smith,14,Other,Jeffreyshire,5.5,6.9,89,10,0.1,9,3,10,1.7,126,10,3.9,0.2,0.5,Gaming,7,5.8,10
Susan Rodgers,14,Other,Lindsaychester,4.3,6.7,72,8,0.9,4,7,8,0.9,92,17,2.4,0.8,0.8,Gaming,7,6.6,9.4
Angela Nicholson,17,Other,Port Lukeside,5.8,5.4,65,6,1,7,10,1,1,81,10,4.1,1.3,1.8,Gaming,2,7.6,10
Connie Moon,18,Male,Parkerfort,5.4,7.7,88,2,2.2,1,8,7,1.5,105,12,2.9,2.8,0.8,Other,9,9.5,10
Christy Lopez,15,Male,Thorntonville,3.6,5.5,73,8,1.8,6,4,10,1,52,16,1.4,0.1,1.7,Browsing,8,3.5,6.6
Roger Smith,16,Other,West Peggy,3.8,6,77,1,1.7,8,6,1,0.5,65,16,4,0.9,1.2,Other,5,3.8,10
Amy Bryant,14,Male,Port Hunter,7.4,5.6,64,7,1.3,1,3,10,1.3,65,19,1.8,3.6,2.1,Other,6,2.3,10
John Li,18,Male,Lake Warrenmouth,5.1,6.2,69,7,1.1,10,1,9,0,101,16,3.6,2.8,0.5,Education,8,5.4,10
Lisa Michael,13,Male,Johnsonshire,4.9,9,62,10,2.1,8,1,4,1,84,5,1.6,1.9,1.8,Education,9,8.2,6.6
Michael Martin,15,Male,Port Christopherchester,6.1,4.3,51,5,0.8,10,7,6,0.3,27,10,1.7,1.2,0.4,Browsing,1,6.6,9.4
Patrick Ramos,14,Male,East Melissastad,0.8,9.2,92,9,0,5,2,1,0.9,40,6,1.9,1.9,0.8,Social Media,8,5.8,2
Kevin Fernandez,17,Female,Sheltonfurt,3.8,7.5,63,9,1.7,10,10,2,1,148,10,3.1,0,1.2,Social Media,5,7.3,8.1
Kayla Wade,19,Male,West Amanda,4.4,7.3,83,6,1.8,7,4,4,1.5,133,11,2.4,3.1,0,Social Media,2,4.3,10
Michael Vazquez,19,Male,Lake Jaimeton,6.2,3.3,75,6,0.8,9,9,4,0.7,28,14,3.2,1.5,2.5,Social Media,2,4.2,10
Shane Carpenter,18,Female,Georgebury,7.1,6.9,90,4,0,10,1,1,1.7,56,15,1.1,1,1.4,Browsing,5,5.5,9.9
Steven Moreno,19,Female,Velezfort,3.4,8.5,54,10,2.5,8,5,9,0.9,42,6,2.2,2,1,Education,4,6.4,5.4
Jacob Reed,18,Female,Hunterfort,7.1,8.1,55,7,0.6,9,10,9,0.6,56,11,3.3,0.8,1.1,Browsing,5,5.2,10
Maria Rose,16,Other,North Toniville,8.1,6.4,71,8,1.5,2,6,6,0.7,81,10,4.1,1,1,Browsing,2,6.3,10
Brent Brown,18,Male,Lake Gregory,7.4,5.4,76,4,1.8,10,2,5,1.2,42,19,2.3,0.9,0.7,Gaming,8,5.9,10
Kelly Gallegos,17,Male,Daltonview,4.2,6.1,80,4,1.4,10,7,8,0.8,135,16,1.3,0.9,2,Education,3,5.2,9.3
Dennis Lopez,15,Male,Davidside,6.6,5.9,54,10,1,2,1,8,1.2,95,19,1.5,2.6,0.3,Gaming,10,6.5,10
Alicia Jones,16,Male,East Janet,5.7,9.7,51,1,0.9,7,2,10,1.1,82,11,4.5,0.4,0.8,Education,2,2.2,9.6
Christina Barnes,16,Male,Johnfort,5.2,7.1,61,1,0.4,2,5,7,0.7,32,10,4.2,2.1,0.2,Browsing,4,4.4,10
Daniel Wilson,18,Female,North Meganfurt,2.6,7.3,65,2,1.7,10,8,8,1.2,53,11,2.8,1.7,0.2,Browsing,3,5,6.7
Makayla Abbott,17,Female,Port Josefort,5.5,8.1,83,0,2.2,1,9,10,1.3,75,15,2.3,1.1,2.1,Other,9,8.5,9.4
Sheryl Evans,18,Male,Lake Steven,3.4,7.2,57,4,1.2,3,10,1,1.8,41,19,1,0.4,1.4,Education,1,4.9,5.8
Frances Walsh,19,Male,West Mikeberg,7,7.9,61,5,0.4,5,5,9,2.1,143,17,2.5,3.7,1,Education,10,8.3,10
Abigail Vargas,18,Female,Susanbury,8.6,5.5,88,6,0.8,3,6,8,0.9,60,11,3.8,0.2,1.3,Gaming,1,6,10
Robert Jones,16,Female,Zamoraville,7.1,5.6,79,9,0.5,2,3,9,0.7,141,11,2.7,1.8,1.5,Other,4,6.3,10
Gregory Rodriguez,18,Other,Lake Markview,1.7,7.2,86,9,0.1,10,9,3,0.4,58,15,2.5,1.9,0.4,Education,3,6.5,6.7
Joseph Ball,14,Other,Nealmouth,4.3,7.9,80,5,1.1,9,7,8,1.5,72,15,1.3,0.2,1.6,Education,3,4.2,6.3
Philip Johnson,16,Other,West Willieton,6.4,8.5,98,1,2.6,7,10,8,0.9,55,20,2.2,0.8,1,Education,6,5,10
Lance Snyder,16,Female,Lake Kimmouth,4.1,6.4,54,9,0.5,10,2,8,1.2,149,18,2.1,0.4,0.8,Social Media,8,6.2,10
Mark Brown,18,Other,Lindsayfurt,3.6,6.8,71,10,1.5,3,2,9,2,30,11,3.8,3.1,1,Other,2,2.3,9.9
Michele Young,15,Other,New Levi,7.1,4.7,85,8,2.8,9,2,9,0.4,88,8,2.8,2.3,1.1,Education,4,10.3,10
Jessica Roberts,17,Male,Wilsonbury,5.2,4.5,59,5,1.2,8,3,9,1,22,10,3.5,0.9,1,Other,2,7,9.8
April Nguyen,13,Female,Maddoxport,2.5,8.3,55,2,0,4,3,2,1.1,32,5,3.2,1.7,0.7,Other,1,4.5,4.9
Elizabeth Adams,18,Male,South Nicole,7,5,88,1,0.5,5,8,3,0.8,142,9,0.5,1.7,0.7,Social Media,2,4.5,10
Andrew Meyer,17,Female,New Catherine,5.2,7.8,83,7,1.2,10,1,3,1.3,117,8,1.3,2.7,1.6,Other,1,7.1,9.2
Emily Reeves,19,Female,Woodwardburgh,5.9,6.8,53,4,0.5,10,7,2,1.7,137,9,3.7,0,0.2,Other,8,7,10
Kenneth Bradford,17,Female,Duncanburgh,6.7,6.3,67,10,1.1,7,4,3,0.9,99,12,2.1,3.2,0.4,Gaming,6,4.5,10
Timothy Turner,15,Male,New Tonyachester,2.3,4.9,84,9,1.4,1,3,3,1.4,42,12,0.9,0.1,1.1,Education,1,6.7,4.1
Lacey Valencia,13,Male,North Monicaland,2.9,6.3,57,5,1.5,2,10,5,1,149,12,0.3,1.8,0,Other,10,5.4,7.2
Tabitha Becker,17,Other,South Abigailshire,4.9,6.9,71,0,0.1,3,7,4,0.8,33,12,2.4,2.3,0.4,Social Media,7,7.2,9.2
David Patterson,18,Male,Lake Rosehaven,5.2,8.2,67,3,1.8,1,3,9,1.6,62,13,2.2,1.7,0.6,Education,2,3.9,8.8
Christopher Johnson,15,Male,Janettown,6.1,6.7,66,7,1.3,3,8,4,0.8,48,12,1.4,2.6,0.3,Browsing,1,3.1,10
Timothy Gordon,18,Male,New Kimberly,3.5,6,66,1,0.4,4,7,8,1.2,100,8,3,0.6,0.6,Other,5,8.7,7.7
Jacqueline Keller,13,Other,New Thomas,2.9,6.4,68,4,1,4,10,4,0.2,25,19,2.6,1.6,0.4,Education,3,7.3,8.2
Elizabeth Clark,19,Male,West Laura,6.7,6.1,65,4,2.5,1,9,7,1,118,10,2.7,2.6,1,Gaming,8,4.1,10
Colin Riley,14,Male,Brendaville,1.6,5.7,59,2,1.4,8,9,4,2.3,46,15,1.7,1.7,0.7,Gaming,10,6.3,6.1
Katherine Castillo,16,Other,North Stevenshire,1.2,10,79,0,1.1,10,10,9,0.6,68,17,3.8,3.7,1.4,Education,2,9.7,8.5
Darryl Rivera,16,Male,Saramouth,3.1,7.3,78,4,1.1,6,8,6,1.6,39,16,3.1,2.4,0.1,Social Media,9,5.7,8.9
Johnny Bryant,15,Female,West Lisaberg,10.2,7.2,95,1,0.4,2,8,4,1.2,53,7,3.5,0.1,0.3,Other,8,5.7,10
Joseph Hill,16,Female,Suzanneburgh,6.3,6.2,52,9,2.6,3,3,6,1.5,43,14,2.4,1.4,1.5,Gaming,5,5.4,10
Lisa Duncan,15,Male,Hawkinshaven,8.1,7.1,84,0,2.2,7,8,3,1.3,71,6,2.9,0.6,0,Social Media,2,5.3,10
Sheila Stephenson,14,Male,Brianland,4.2,8.7,79,4,0.6,4,4,5,1,124,14,3.4,2.2,1,Education,10,7.3,10
Mark Manning,13,Other,North Shanemouth,5,6.4,79,9,1.1,9,9,9,0.8,125,18,4.9,1.7,1,Other,1,5.1,10
Marissa Smith,16,Male,New Zachary,2.9,5.1,90,3,1.1,8,9,7,0.7,129,9,1.3,0.8,1.7,Other,8,9,6.8
Lisa West,19,Female,Mcintyretown,6.7,4.6,100,2,1.7,7,8,6,1.4,109,18,3.5,1,0.3,Education,10,8.9,10
Marcus Roman,15,Female,Bennetthaven,6.8,7.9,98,0,0.6,1,8,8,0.7,55,6,1.7,1,1.3,Education,9,4.1,7.8
Christopher Miller,19,Male,Lake Dawn,5.4,5,64,1,0,5,1,3,0.8,96,5,3.1,1.8,0.5,Other,1,5.8,10
Amanda Nguyen,17,Other,Orrberg,4.8,7.6,61,3,0,8,1,5,1.1,149,13,4.1,2.4,1.5,Browsing,7,9.1,10
Jacob Long,13,Other,North Amanda,7.7,9.2,55,2,0.9,10,1,5,1,134,9,2.6,3,1.6,Other,1,7.2,10
Sharon Baxter,18,Other,New Jeanette,7.5,6.7,80,2,0.9,1,5,9,1.5,121,10,2.7,1.6,0.2,Browsing,5,2.9,10
Casey Jones DVM,18,Male,East Amanda,5.3,8.2,67,6,0.9,5,7,1,0.4,82,9,4.4,2.1,0,Other,1,3.7,10
Martha Christian,13,Other,Danielmouth,4.4,4.9,65,8,1.8,8,5,4,0.2,58,16,2.5,0.7,0,Gaming,8,3,9.5
Eileen Holland,13,Male,North Jeffreyville,7.3,5,53,8,1,7,4,2,0.8,84,12,1.6,1,1.1,Gaming,7,5.6,10
Kristine King,14,Other,East Johnland,7.7,9.8,68,8,1.1,8,4,4,0.7,122,20,3.3,1.7,1.9,Education,5,5.3,10
Leonard Lewis,15,Female,Coffeyville,6.9,5.1,63,10,2.1,4,1,1,1.4,59,12,2.8,0.3,1.6,Browsing,4,8.3,10
Brian Smith,17,Other,East Catherinemouth,2.4,9.3,88,1,1.3,8,3,2,1.3,32,15,3.2,0,1.2,Browsing,7,8.3,4.6
Joyce Miller MD,15,Male,East Ronald,3.5,6.9,59,8,2.1,9,2,7,1.7,108,20,1.5,1.8,0.8,Social Media,1,6.6,9.5
Heather Gonzalez,16,Other,Danielton,4.9,5,70,4,0.1,3,4,3,1.2,80,18,3.6,0.3,1.1,Other,10,5.7,10
Samantha Hartman,15,Female,Andreabury,6.2,8.1,54,9,1,8,9,9,0.8,40,19,1.7,2,0,Gaming,2,9.2,10
Derrick Hamilton,13,Male,South Jon,5.8,8.6,64,7,1.4,2,5,7,0.7,148,17,1.3,2.4,1.1,Social Media,2,7.4,10
Stacey Perez,13,Other,New Emily,5.2,9.1,80,0,1.9,3,1,10,0.8,40,5,3,0,2.5,Social Media,10,3.4,5.4
Sue Adams,13,Female,Scottberg,5.7,6.2,98,8,0.8,1,7,10,1,26,16,2.6,1.9,1.3,Social Media,5,4.2,10
Gregory Jones,17,Male,Port Brian,3.6,8.2,96,5,0.2,4,9,7,0.3,111,10,3.8,0.7,0.6,Gaming,7,5.6,8.2
Steven Rodgers,19,Other,East Elizabethberg,4.2,6.6,76,3,1,9,3,3,0.8,27,9,1.7,2.3,1.4,Social Media,8,6.6,7.2
Jamie Robinson,15,Other,Lake Ashleyborough,4.8,6.5,90,6,1.9,1,2,2,0.5,106,11,3.5,0,1.2,Education,8,8,9.4
Nicholas Bennett,14,Male,West Dillonville,5.2,8.6,67,9,0.9,8,4,3,1.8,76,13,3.1,1.5,0.4,Browsing,10,9.4,9.6
Teresa Logan,14,Male,Collinshaven,3.5,5.2,97,6,0.4,6,1,9,0,63,5,3.2,0.5,2,Gaming,1,6.5,6.9
Kelly Palmer,14,Female,Seanshire,6.7,8.2,94,10,1,10,6,1,1.3,76,9,0.8,1,0.8,Other,10,5.6,7.7
Sean Valdez,13,Male,Amandaborough,8.3,5.6,51,3,0.7,3,4,6,1,110,20,3.9,2,1.6,Education,2,9,10
George Medina,17,Male,Rothberg,8.5,6.5,84,0,2.4,6,4,6,0.6,118,10,2,1.4,0.8,Gaming,1,4.4,10
Angel Leblanc,13,Female,Lake Joshuamouth,8,5.8,66,6,0.7,1,3,8,1.5,83,8,1.5,2.9,0.9,Other,8,5.3,10
Shannon Allen,14,Male,Joshuaburgh,6.6,5.7,75,3,0.3,6,1,8,1.1,68,16,1.8,1.3,0.5,Browsing,2,6.9,10
Robert Mejia,16,Other,Brianton,6.3,5.7,88,0,0.2,8,1,1,1,77,14,1.9,2.5,0.8,Education,3,7.4,10
Jessica Haley,17,Other,Hernandeztown,2.7,6.8,85,2,1.4,4,3,9,0.3,61,6,3.2,0,0.2,Other,2,7.1,4.9
Bonnie Dean,14,Other,North Laura,6.3,7.9,100,4,2.5,7,4,7,1.1,103,7,2.1,2.3,0.5,Other,9,6.6,10
Brittney Bradley,19,Male,Moraleshaven,6.5,5.9,77,2,0.4,2,4,9,0.9,111,5,2.9,2.7,0,Social Media,2,5.2,10
Mr. Lance Harding MD,14,Male,Amberburgh,2.1,10,78,7,1.6,2,10,1,1.5,70,7,1.9,0.5,1.5,Social Media,6,8.4,2.3
Jamie Ramos,18,Female,Thomasside,3.1,3,98,8,0.5,2,8,2,0.3,83,13,1.2,0.5,0.8,Education,7,7.5,7.6
Terri Chang,18,Female,East Benjamin,5.2,7.6,56,10,1.9,5,6,1,1.3,98,18,3.3,1,0.1,Other,6,6.8,10
Cindy Aguilar,13,Male,West Ginaland,3.9,5.8,50,4,0.2,2,1,6,0.3,146,11,3.7,1.4,0.7,Gaming,2,6.2,10
Brandon Robinson,13,Other,Vanessaton,4.8,3,82,9,2.5,7,7,5,1.5,63,17,2.1,0.6,2,Gaming,7,3.9,10
Darryl Carey,13,Female,Jacksonview,7.2,6.7,93,5,0.5,9,3,4,0.4,114,19,4.4,1.8,1,Gaming,2,3.3,10
Toni Shea,14,Female,Mariabury,3.6,6.5,97,6,3.6,5,10,3,0.9,22,13,3.2,2.7,0.7,Browsing,5,3.2,9.3
Ashley Adams,16,Male,South Timothyland,4,9,92,0,1.2,9,3,6,2.1,97,16,1.1,2.2,0.7,Social Media,2,6.4,7.9
Emily Hensley,14,Female,Reedborough,0,5.6,51,4,1.3,10,7,6,1.2,74,5,1.2,2.9,0.8,Social Media,7,8.7,3.8
Gabrielle Wood,15,Female,New Regina,6.1,6.5,60,5,1.7,3,4,3,1.4,91,18,1.8,2.1,1.8,Browsing,4,5.9,10
Mike Herring,19,Female,Lake Josephfort,6.7,5.5,88,5,0.5,6,10,3,1.3,121,19,0.6,1.8,1.6,Other,7,10.5,10
Sarah Hall,16,Female,Russellhaven,5,8,77,7,0.4,3,2,7,0.9,86,14,1.1,0,0.8,Other,6,6.7,6.6
Jill Martin,17,Male,Russoton,5.6,5,61,7,2.9,9,8,9,1.4,136,5,4,2.2,2.2,Other,5,4,10
Lance Butler,14,Male,Clarkbury,6.9,5.8,63,5,0.5,4,1,1,1.2,103,14,2.5,1.2,1.1,Education,6,6.4,10
Jeanette West,16,Other,South Autumn,4,6.9,62,4,1,5,8,3,0.4,28,19,3,0.6,0.4,Browsing,5,5.2,8.5
Patrick Hopkins,14,Male,North Katherine,3.7,5.3,64,8,0.6,2,4,1,0.8,139,7,2.5,0.7,0.9,Education,3,7.3,8.4
Jessica Lewis,19,Female,Hullfurt,6.2,4.8,62,8,1.1,9,1,2,0.5,45,11,2.7,0.7,0.8,Other,5,6.8,10
Katherine Arias,14,Male,North Petermouth,2.5,5.8,99,6,1.5,10,6,8,0.8,48,6,1.6,2.2,0.5,Social Media,4,7.7,5.6
Pamela Johnson,14,Other,Brendachester,4.5,6.7,78,4,0.2,5,6,2,1.6,67,10,2,0,0,Other,6,7.6,6.5
Tricia Miller,14,Other,South Jakeside,5,6.2,81,3,0,9,5,10,0.8,87,16,2.9,2.2,1.2,Education,1,4.9,10
Jeffrey Taylor,15,Other,Karenstad,8.2,6.3,62,3,0.4,10,10,10,1.2,21,15,1.5,1.3,0.8,Gaming,10,4.9,10
Joyce Kennedy,18,Female,Andersontown,4.1,7.2,66,4,0.6,9,6,10,0,125,11,1,3.7,0,Social Media,8,5,9.9
Brett Adams,17,Female,North Jessica,3.2,7.5,98,3,0.5,2,2,10,0.5,49,19,3.2,0.5,0.9,Browsing,5,5.2,7.9
Michael Roberts,19,Male,Port Rachelbury,6.2,5.2,72,3,0.3,8,5,8,1.3,61,12,2.7,1.8,1,Education,4,6.9,10
Donald Adams,19,Other,South Samanthaburgh,5.9,4.9,68,1,1.6,2,2,8,1.7,82,5,4.3,0.6,0.6,Social Media,9,5.8,10
Stacey Brown,15,Female,Mejiastad,8.9,3.9,55,6,1.3,3,9,9,1.2,21,12,2.3,2,0,Gaming,10,2.8,10
Jennifer Mclaughlin,17,Other,Lorimouth,6.8,6.3,89,1,0,9,5,4,1.1,67,6,4,0,2.1,Social Media,3,5.6,10
Kayla Petersen,14,Male,Hardinghaven,3.1,6,89,7,1.7,3,7,6,0.9,92,12,0.6,3.1,2.1,Other,4,5.8,8
Michael Howard,14,Other,South Angelaburgh,4.1,7.8,52,4,0.5,6,2,7,1.1,150,17,0.7,3.7,0,Gaming,4,3.8,10
Michael Cole,14,Other,Lake Jacob,3.8,7.8,57,3,2.1,10,1,4,0.4,89,5,2.8,0,1,Browsing,9,6.8,5.5
John Garrett,16,Female,Shawnburgh,5.1,7,68,8,1.7,2,3,7,1,24,15,2.7,0.2,0.2,Gaming,8,2.7,8
Christy Roberts,14,Other,South Robert,5.9,6.3,94,2,1.5,3,4,2,1,127,14,1.8,2.9,0.9,Education,3,6.6,10
Jon Jackson,14,Male,South Kathymouth,6.7,5.3,71,3,2.1,10,3,4,0,131,19,2.2,1.3,1.6,Other,4,7.2,10
Rebecca Wells,19,Female,Ashleyborough,6.4,6.5,91,6,1.6,10,4,6,0.8,88,7,2.4,1.1,1.8,Other,6,2.3,9.8
Amber Richard,17,Male,Millsstad,9,6.6,62,7,1.6,10,7,8,0.9,101,15,3.4,3,1.7,Education,3,6,10
Karen Harris,13,Male,East Stephanie,6,8.1,95,4,1.1,8,6,4,0.9,82,7,4.2,1.7,1.4,Browsing,8,7.3,10
Sherri Clark,13,Male,Orozcoburgh,3.8,6.8,62,3,0,1,9,8,1,103,16,0.9,2.3,0.8,Gaming,6,5.5,8.9
Dr. James Salazar,16,Other,Hensleychester,5.4,5.7,59,7,1.3,7,5,6,0,47,11,2.6,2.3,1.4,Education,10,8.8,10
Brenda Randall,16,Female,Devinfurt,6.3,6.9,64,6,1.2,9,3,6,2.3,142,9,4,2.4,2.3,Education,4,5.3,10
Dean Harrington,16,Male,Lake Laura,6,4.8,76,8,2.2,8,4,5,0.5,82,18,4,1.9,1.3,Other,8,6.2,10
Tracy Parker,16,Other,Nelsonborough,3,4.2,96,2,0.9,10,3,8,0.7,96,7,2.3,2,0.5,Gaming,9,2.9,8.5
Desiree Thompson,18,Female,Galvanville,5.3,7.5,97,9,2.3,10,1,10,0.6,109,5,1.8,1.1,1.4,Browsing,10,8.5,7.6
Andrew West,18,Other,Jenniferhaven,1.6,5.4,82,5,1.8,3,8,7,2,111,12,1.5,1.2,1.6,Browsing,1,7.3,6.2
Diana Hoffman DDS,14,Male,Kellyview,4.9,8.3,96,3,2.2,9,8,6,0.5,74,14,2.9,0.4,2.3,Other,1,7.9,8.3
Jeremy Martin,14,Male,Port Carrie,6.6,4.8,81,8,0.1,10,2,10,1.3,65,8,2.7,2.7,0.6,Browsing,10,3.4,10
Stephanie Marshall,17,Male,Howardstad,6.6,5.8,84,9,0.3,2,4,6,1.6,37,17,3.9,2.6,1.3,Social Media,8,6.4,10
Jennifer Thompson,13,Male,New Albertborough,0.3,4.8,59,2,0.6,4,3,7,0.7,103,9,1.1,1.2,1.8,Other,3,9.3,4.1
Joshua Kelly,15,Female,North Christopher,3.2,6.3,74,4,1.8,4,5,7,1.4,22,9,2.9,1.7,1.5,Gaming,2,7.1,6.9
Stacie Lopez,16,Other,East Brenda,2,7.2,81,1,0.9,3,7,5,1.6,78,14,3.3,3.4,1.1,Gaming,7,4.7,9.5
Terry Kelly,19,Female,New Debbiehaven,7.3,7.2,80,10,0,7,3,5,1.3,146,17,3,2.3,0.4,Browsing,10,5.3,10
Melinda Love,14,Other,North Hayley,2.5,6.2,50,2,0.6,2,6,6,1.2,32,17,3.5,1,1.2,Education,9,5.1,7.9
Christopher Pena,14,Female,Elizabethbury,6.4,7.6,84,2,0.7,2,1,1,1.1,137,15,1.2,1.9,0.2,Gaming,3,6.5,10
Megan Smith,17,Female,Carterstad,3.5,5.6,52,4,1.6,7,8,10,0.7,66,15,1.3,0.5,1.2,Gaming,10,7,6.8
Jose Conway,16,Male,Annetteberg,3.1,7.4,93,5,1.7,8,10,7,1.2,112,9,3.8,2.4,0.2,Social Media,2,5.2,9.6
Brian Ross,15,Male,Williamshaven,5.2,8,64,9,1.3,9,1,3,1.1,62,8,3.2,2.7,1.5,Other,3,3,9.9
Willie Wright,14,Female,Swansonmouth,5.9,7.7,69,3,1.5,4,6,9,1.9,126,10,2.9,2,1.2,Gaming,9,6.8,10
Mrs. Stacy Hunter,15,Male,Port Nicoleville,5.4,7.6,53,9,0.9,1,2,2,0.8,44,9,0.2,2.2,1,Social Media,9,8.1,6.7
Christian Mejia,16,Male,North Beverlyview,5.8,6.8,78,5,0.9,10,6,1,0.9,85,10,2.5,2.1,2.8,Gaming,7,2.3,10
Christine Anderson,16,Other,South Jesse,3.2,7.8,57,10,3.1,4,3,2,1.5,103,12,1.9,1.6,1.4,Gaming,9,7.2,7.3
Andrew Davis,14,Male,West Davidchester,7.5,6.4,54,4,0.3,3,9,5,0.8,53,18,3.3,2.6,1.2,Browsing,6,7.6,10
Mark Harris,16,Female,North Michael,7.1,4.6,93,9,1.7,9,6,8,0.8,70,16,2.3,0.8,1.5,Gaming,9,4.6,10
Andrea Rodriguez,15,Other,East Julie,0.9,5.1,83,8,0.8,7,5,7,1.2,43,15,3.3,2.5,0.7,Gaming,8,7.6,8
Rebecca Hebert,17,Other,Port Courtneyland,3.7,7.2,71,1,1.1,4,9,10,0.9,56,16,3,1.7,0.6,Education,1,5.4,9.1
Angel Hernandez,14,Female,Port Rebecca,8,3.5,84,8,1.9,10,2,7,1.6,125,7,0.9,1.7,1,Browsing,3,8.2,10
Phyllis Reyes,14,Female,South Melissa,6.1,8.4,69,8,1.3,8,8,1,0.9,124,11,2.3,1,1.5,Education,3,6.4,9.9
Kristen Sellers,13,Other,Lake Jasonfort,4.6,4.5,85,5,0.4,2,3,7,1.3,26,16,4.2,0.4,0.4,Education,1,3.8,10
Gina Wilson,18,Other,Kingfurt,6.2,7.6,79,1,1.6,6,10,3,0.1,54,14,2.5,0,1.5,Education,5,6.7,8.8
James Snyder,13,Other,West Kimberly,3.9,8.5,70,5,2,5,2,10,0.7,25,10,2.5,1.4,0.8,Other,8,4,6.1
Brianna White,13,Male,Kaylashire,1.5,7.9,75,1,1.1,7,8,10,0.7,38,6,2.7,0,0.3,Other,4,8.9,2.2
Anthony English,18,Female,Lawsonhaven,5.8,7.4,62,5,2.1,6,10,3,1.2,49,12,1.1,0.2,0.5,Other,4,4.3,6.8
Phillip Mcdonald,13,Female,Lake Matthewburgh,5.2,4.9,89,5,0.4,3,7,9,0.7,91,7,2.6,4,1.1,Gaming,9,3.4,10
Dr. Tracie Smith,15,Other,Duncanfort,2,6.9,87,9,0.4,1,4,6,1.1,33,17,2.1,2.8,1.3,Gaming,8,9,7.5
Edwin Williams,13,Female,Martinmouth,2.9,4.3,96,9,0.8,8,2,3,0.8,142,5,2.6,2,0.6,Browsing,4,8.6,9.2
Thomas Boyd,17,Other,Knappside,3.6,4.4,51,2,1.3,6,3,7,0.7,29,11,2,1.5,2.1,Social Media,6,6.3,7.7
Mr. John Stephens,18,Other,Nicoleville,5.4,5.6,55,6,2.3,8,10,2,0.9,60,19,5,1.3,1,Education,4,7.9,10
Jill Mueller,19,Other,Port Zachary,2.2,4.8,80,7,0.9,5,9,9,1,30,10,0.9,0,0.1,Social Media,9,9.5,3.3
Noah Patterson,18,Female,Lopezberg,2.8,6.3,54,6,1.8,4,8,5,0.2,45,10,1.9,1.9,0,Other,5,6.8,6.4
Penny Rangel,16,Other,South Jacob,2.4,5.7,59,5,1.3,6,3,4,0.8,86,5,3.8,1.5,0.2,Browsing,2,5.6,7.6
Amber Collins,13,Male,Hawkinschester,2.9,9.8,51,1,1,10,3,6,1,86,11,0.9,2.1,1.1,Social Media,7,7.3,4.9
Allison Patterson,18,Female,Phillipsland,3.3,5,60,7,1,9,4,10,0.9,36,14,1.1,1,1.3,Other,6,6.8,6.4
Robert Nash,17,Male,Murrayland,7,5.6,58,9,0.7,3,6,4,1.3,85,18,2.8,1.6,0.7,Gaming,4,5.8,10
Steven Ross,17,Female,Yeseniaside,1.6,4.6,87,3,0.9,5,7,3,1.1,53,9,1.7,1,1.1,Gaming,4,8,4.9
Patricia Clark,19,Female,Lake Brianaville,4.9,7.1,59,0,1.4,10,2,3,1.1,115,19,2.7,2.4,0.5,Browsing,5,6.9,10
Rebecca Richards,16,Male,Petersburgh,5.2,9.2,78,3,1.2,5,9,3,0.8,62,20,4.3,0.5,0.1,Social Media,2,6,10
Sarah Rodriguez,18,Other,North Jerrybury,6.9,7.3,76,8,1,4,6,5,1.3,108,17,1.7,0.2,0.7,Education,7,5.4,10
Justin Jones,19,Female,Aaronfurt,2.2,5.3,93,1,0.2,9,3,4,0.7,122,8,0,1.4,1.3,Gaming,2,8.1,5
Kevin Cherry,19,Male,North Corey,6.4,6.3,68,5,0.8,4,2,10,1.8,26,14,1.9,1.2,0.2,Gaming,6,7.7,9.7
Joseph Ross,18,Female,Port Christopherbury,6.7,8,50,8,2.4,4,10,3,1.3,141,17,2.3,1.7,0.4,Social Media,8,4.6,10
Christine Hale,19,Female,Lake James,4.2,7.2,85,0,0.6,7,5,7,0.9,150,16,1.4,0.9,0.8,Other,4,4.6,9.1
Anthony Gray,13,Male,New Lisaport,3.4,7.1,68,6,1.1,2,5,10,0.7,125,11,3.1,1.2,1.2,Browsing,3,5.6,8.9
Ana Davila,17,Other,North Ronald,1,7.1,74,0,1.2,3,4,1,0.7,56,15,1.7,0.5,0.7,Social Media,10,9.2,3.8
Heather Bailey,14,Other,Alexandraville,3.4,6.4,84,2,0,10,8,9,1.3,38,6,1.8,0.7,1.1,Education,3,5.1,4.7
Manuel Miller,13,Female,Smithland,6,7,80,1,0.6,1,7,5,0.6,88,20,2.6,0.9,1.8,Browsing,5,6.5,10
Alicia Snyder,16,Male,Scottbury,4.6,7.1,87,7,1.9,8,3,1,0,57,7,4.3,2,1.5,Other,4,5.5,9.9
Cynthia Alexander,13,Female,Jenniferport,5.4,4,100,3,0,9,6,9,0.7,108,8,1.7,1.7,1.9,Other,6,2.8,10
Jessica Perry,14,Male,Lake Jill,4.3,7.9,74,2,0.3,7,2,10,1.2,69,18,2.6,1.7,1.9,Social Media,6,8,9.6
Misty Davis,18,Female,Wilkinsonville,4.8,6.5,56,7,1,3,8,9,1.9,118,12,2.6,2.1,0.5,Other,7,6,10
Jason Marks,17,Other,Brownburgh,5.1,4.6,58,8,0.4,2,6,7,0.2,137,12,1.3,2.7,1.8,Gaming,1,4.8,10
Kimberly Caldwell,15,Female,North Jennifer,1.9,8,88,3,0.6,7,2,5,0.7,46,14,2.4,1.7,0.6,Social Media,3,5,5.7
Jill Douglas,15,Female,Simmonsport,4.1,7.7,78,1,2.1,9,2,2,1.3,95,14,2.1,1.3,1.1,Browsing,7,7.4,8.4
Kelsey Nash,14,Male,Tammyview,6,5.1,95,10,1.9,7,6,3,1.9,147,10,1,2.8,1.1,Browsing,3,4.4,10
Charlene Myers,16,Other,Lake Michael,5.5,5.6,79,10,2.4,8,8,2,0.8,45,12,2.1,2.3,0,Education,2,6.4,10
Teresa Crawford,14,Female,Smithbury,4.2,6.6,99,5,0.4,3,1,10,2.1,68,11,2,4,1.2,Other,2,5.8,10
Cheyenne Valdez,19,Female,West Louisshire,8.2,6.9,70,1,0.8,8,5,9,0.9,62,7,2.9,1.7,1.5,Education,5,4.4,10
Brandi Abbott,16,Male,Gomezton,6.2,6.1,65,0,1.5,5,3,1,1.6,79,16,4.6,1.2,0.7,Browsing,2,6.2,10
Cynthia Bailey,15,Other,New Shannon,5.2,5.7,93,10,2,2,1,4,0.5,102,13,4.2,0.3,0.8,Browsing,10,4.7,10
James Henderson,15,Female,Aliciamouth,1.2,8,98,3,1.5,6,8,3,0.9,82,19,4.5,0,0.7,Other,4,6.4,7.1
Jordan Richard,13,Female,North Vincentstad,3.3,7.9,74,2,1.1,10,4,3,1.8,22,11,2.4,1,0.9,Gaming,10,5.5,5.4
Richard Li,19,Male,Yatesshire,1.2,8.1,89,9,0.7,2,9,5,1.5,148,15,1.7,3.3,0.9,Gaming,9,10.9,8.1
Nicole Irwin,19,Other,New Ryan,5.8,6.9,74,3,0,10,8,9,1.4,106,6,2.5,0,0.5,Social Media,4,1.7,8.2
Peter Nelson,14,Female,Rosalesfort,3.9,5.2,80,8,0.5,10,9,6,1.8,132,16,1.3,0,1.5,Browsing,9,8,8.4
Margaret Vazquez,18,Male,Dominiquebury,1.8,4,52,1,2.2,8,7,9,2.2,144,8,1.9,2.6,2.1,Social Media,7,5.3,8.8
Bryan Mcdonald,19,Female,South Zachary,4.5,5.5,61,9,1.4,7,3,4,1.4,125,14,2.8,1.4,0,Other,10,7.2,10
Steven Rivas,14,Other,Lake Barbara,6.9,6.6,60,2,0,9,5,2,1.4,144,13,2.5,1.9,1.1,Social Media,9,8,10
Joanna Jones,15,Other,Lake Dianechester,7.8,9.9,70,0,1,10,6,10,0.5,95,12,2,2.1,0.4,Other,7,7.9,10
Laura Giles,15,Female,Thomasview,3.3,5.3,65,7,1.1,6,5,1,1.6,142,9,3.3,0,0.9,Social Media,9,7.9,8.6
Kelsey Humphrey,13,Female,Stevensshire,5.9,3.8,81,4,2,10,7,9,0.6,129,10,1.4,1.9,1.1,Education,9,6.4,10
Thomas Martin,15,Other,New Suzanne,4.3,4.3,54,6,1.3,4,6,5,0.6,144,12,3.4,1.8,1.6,Gaming,3,6.1,10
Tonya Knight,15,Female,Port Sean,1.9,7.4,64,4,1.4,3,8,5,0.8,35,19,4,2.8,0.9,Social Media,6,5.4,9.5
Holly King,13,Other,Jonathanchester,3.6,5.3,79,9,1.1,4,5,7,1.1,113,10,3.5,0.4,0.7,Education,4,7,9.1
Thomas Garcia,17,Male,Benjaminville,7.6,4,51,0,0.3,8,6,9,0.3,101,7,1.4,3,0.9,Gaming,6,5,10
Anna Hahn,19,Other,New Davidchester,4.3,6.3,85,3,0,2,2,9,0.9,44,8,3.9,2,0.7,Social Media,5,7.2,9.5
Mark Fleming,17,Male,Bakerborough,2.6,7,53,8,0.9,6,3,10,1.7,135,20,3.8,3.4,0.6,Other,5,5.9,10
Samantha Rush,18,Other,Leemouth,4.5,5.7,76,9,2.6,5,2,2,1,59,6,1.3,0.8,1.6,Gaming,3,5.5,6.1
Stacy Johnson,16,Other,North Mary,5.3,7.6,72,1,1.3,4,4,7,0.5,75,12,0.6,0,0,Other,3,6,6
Joseph Patterson,17,Male,Mcdanielstad,2.9,7.9,83,6,1.4,3,7,1,0,30,5,2.4,2.8,2,Other,8,8,5.7
Sarah Willis,19,Other,Schultzbury,8,7.7,52,5,0.7,5,2,8,1.6,47,8,2.8,3.3,1.7,Education,6,7.8,10
Melissa Lambert,16,Other,South Jonathanstad,2.2,6.5,65,4,1.1,2,7,10,1.3,45,5,1.4,0.5,1.7,Gaming,7,6.2,2.8
Melissa Williams,18,Male,Port Johnside,1.7,5.9,53,8,0.4,9,10,5,1.2,23,10,2.2,1.6,0.1,Education,1,5.2,5
Jason Cunningham Jr.,16,Female,West Benjamin,3.8,7.3,95,5,0,1,5,3,0.4,63,5,3.7,2.1,0,Other,1,7.9,8.2
Heather Snyder,13,Male,New Sharonville,3.3,6.5,76,7,2.3,4,5,5,0.7,31,20,1.9,2.3,1.8,Other,3,2.9,8.9
Maria Watkins,13,Other,New Williamfort,4.1,4.7,54,4,0.4,1,6,4,0.4,72,14,2.7,0.5,1.9,Other,5,3.7,9.2
Lisa Bowman,13,Female,West Emily,7.1,7.6,63,1,1.9,8,4,5,1.5,115,19,2.8,3.1,1.6,Education,10,0.3,10
Ricky Clark,15,Female,South Kevin,2.5,7.1,87,0,0.4,6,2,7,1.8,40,20,2.3,1.3,1.6,Gaming,3,6.3,7.4
Patricia Reed,14,Female,Turnermouth,6,6.2,74,0,3.2,10,6,1,0.4,81,11,3.1,0.9,1.1,Other,6,6.7,10
Wendy Beasley,13,Other,North Sarah,7.5,6.7,80,3,1.5,3,2,9,0.7,93,8,3.5,0.7,1.4,Other,10,4.9,10
Jonathan Guerra,18,Male,West Jennifer,4.6,7.6,61,9,2.3,8,10,4,1.6,62,9,3,2.3,1.7,Education,7,3,9.1
David Mendoza,16,Female,Johnsonville,3.2,8,58,2,1.3,4,8,1,1.8,146,11,3.2,0,1.1,Browsing,8,8.6,7.5
Tracy Miller,17,Female,West Cody,4.6,6.5,80,2,0,2,5,10,0.6,20,14,4.5,1.2,2.1,Other,3,4.6,10
Christina Fields,15,Female,Gabrielleborough,3.7,6,64,1,1.2,10,3,9,1.5,117,17,2.4,1.5,0.9,Social Media,5,7,10
Kimberly Decker,18,Other,Jermaineview,7.8,7.1,85,0,0,4,4,3,1.2,53,5,2.9,1.4,0,Browsing,6,9.7,10
Jennifer Dodson,19,Other,Lake Brandonstad,5.2,6.2,53,2,1.6,2,6,2,0.3,22,10,0,1.7,0.7,Gaming,6,8.6,6.2
Richard Thompson,14,Female,East Aprilberg,7.4,6.7,75,5,0,7,4,6,1.2,28,16,2.5,1.8,1.4,Education,2,5.7,10
Maureen Lawson,19,Other,Alvarezberg,6.9,6.5,70,9,1.7,1,3,6,0.7,67,20,1.9,0,2.7,Gaming,8,4.9,10
Alicia Dickerson,16,Male,Davidshire,7.3,5,75,0,1.1,5,6,4,0.5,83,17,2.3,1.1,1.7,Social Media,7,6.4,10
Christina Griffin,17,Female,Port Donaldland,4,7.4,53,6,0.9,2,7,6,1.2,64,12,2.5,0,0.9,Gaming,9,6.1,6.5
Gregory Sims,13,Other,Robertsonberg,3,6.5,75,2,0.4,9,4,6,1.3,140,10,3.1,1.3,0.6,Social Media,4,3.7,9
Colleen Mooney,18,Male,Shawnfurt,4.9,8,86,1,0,6,6,6,1.6,64,11,3.6,1.5,2,Other,8,8.3,9.5
Jeffrey Williams,13,Other,Gonzalesville,4.9,7.9,66,4,0.4,1,7,3,2,23,16,0,1.3,1.6,Gaming,10,7.9,5.9
William Kaufman,15,Other,North Terri,4.4,5.7,75,4,0.4,4,5,9,0.8,67,10,2.3,1.6,0.1,Social Media,10,3.7,8.8
Sherri Miller,18,Male,South Patricia,5.8,4.8,69,0,1.6,10,5,4,1.3,84,12,4,1.3,1.1,Education,3,5.5,10
William Mills,14,Other,Port Deborahhaven,2.9,6.6,75,10,2,7,1,3,0.9,118,17,4.5,1.6,0.8,Social Media,2,5.3,10
Richard Kelly,16,Other,Bradshawborough,2.7,5.3,74,10,2.1,10,3,4,1,29,18,3.1,2.8,2.1,Education,7,9.4,10
Mark Wilson,19,Male,Lake Triciaside,0,7.1,82,2,0,8,7,8,0.2,31,7,1.2,1.3,0.5,Gaming,6,6.8,1
Ronald Clark,16,Other,Port Vickiland,2.5,5.2,72,7,0,1,9,7,0.5,103,7,0,1.6,2,Other,6,3.9,5
Debbie Reed,13,Female,North Alexanderbury,3.1,4.3,65,1,0.8,10,10,10,1.5,150,17,2.3,1.9,2,Social Media,5,7.1,10
Natalie Silva,18,Male,New Melissa,8.1,4.6,87,0,0,8,3,1,1.5,43,8,3.9,1.8,1.7,Education,8,7.7,10
Crystal Ward,14,Female,Taylorbury,6.7,7.1,73,7,2,10,6,6,1.3,28,9,0.6,1.7,1.1,Other,1,5.3,7.8
Mrs. Stephanie Huang MD,13,Male,Hornshire,6.7,5.8,97,6,0.4,8,9,9,0.9,107,19,3.3,2.6,1.6,Browsing,4,6.3,10
Sarah Johnson,17,Female,South Alexandra,5.1,8.3,78,1,0,9,5,7,1,46,6,4.1,3.5,0.4,Other,2,7.9,10
Regina Clark,15,Male,Brownton,5.2,7.5,66,5,1.4,1,10,4,0.4,131,7,2.9,0,1.5,Education,5,7,8.4
Kevin Cobb,15,Female,Jamesbury,4.3,7.3,95,7,1.7,8,2,7,1.3,26,20,5,1.1,1.5,Other,10,11.4,10
Michael Williamson,14,Male,North Nathanstad,9.5,7.4,65,6,0.9,7,8,4,0.7,36,18,1.4,2.6,1.5,Browsing,4,7.8,10
Mary Leblanc,15,Other,Millermouth,2.7,4.1,73,5,1.6,10,7,8,0.8,56,13,1.9,1.5,0.1,Browsing,4,5.9,7.8
Ronald Davis,19,Female,Patrickborough,6.4,5.3,55,9,1.9,8,3,6,2.2,121,13,3.8,0.2,0.9,Education,2,6.6,10
John Giles,15,Female,East Elizabeth,3.8,6.8,51,5,1,10,2,4,0.6,31,13,3.5,1.2,1,Other,8,4.9,8.3
Judith Johnson,17,Male,Maxwellfort,6.3,8,85,3,1,1,3,2,1.3,103,11,3,1.8,0.6,Social Media,6,5.4,10
Michael Smith,14,Male,Lake Jeffery,6.8,3.6,86,0,0.3,3,1,4,0.9,145,13,3.3,1.5,0.5,Gaming,9,4.5,10
Lisa Gonzalez,13,Male,Deborahmouth,11.2,8.1,55,1,1.5,4,6,3,0.9,34,17,3.6,2.4,0.9,Browsing,5,8.2,10
Russell Dalton,13,Other,Tatestad,2.2,7.1,97,4,1.4,7,7,1,1.7,56,12,1.9,0.4,0.1,Other,3,6.5,4.5
Fernando Barrera,13,Other,Wigginsshire,3.5,8.7,73,9,1.4,9,6,5,0.2,30,8,3.6,2.1,0.9,Education,2,7,7
Alison Nguyen,14,Female,Port Arianamouth,8.9,4.9,77,8,2,6,5,5,0.7,122,10,2.1,2.1,0.7,Browsing,7,7.8,10
Alison Gibbs,16,Male,Meganville,4.5,5,80,1,2.7,6,9,1,1.3,129,6,1.3,3.1,0.8,Education,2,2.8,10
Brenda Arnold,17,Male,Port William,4,6.8,87,1,0.9,4,5,8,1.3,83,17,2.5,1.3,1.3,Browsing,2,6.1,9.5
Lisa Bailey,16,Other,East Mark,1.7,5.1,86,7,2.1,4,1,3,1.2,57,14,3,2.1,1.6,Education,8,5.4,8.2
Kristi Reyes MD,15,Other,Brittanychester,4.3,6.5,98,0,0,10,8,5,1,89,20,3.2,1.9,1.2,Gaming,1,3.6,10
Teresa Beard,15,Female,Grayport,4.4,8,59,2,1.6,2,1,10,1,32,18,3.6,0,1,Social Media,2,5.3,8.2
Wendy Bailey,18,Male,Youngtown,4.6,3,68,1,0.6,10,7,6,2.2,104,16,3.2,2.2,1,Social Media,8,7.5,10
Susan Pineda,18,Female,New Charlesborough,5.7,5.3,73,4,0.2,4,7,7,1.1,143,7,2.3,1.2,1.5,Education,9,5.3,10
Catherine Ali,15,Other,South Jessicabury,5.4,5.8,93,2,0.5,4,10,6,0.5,143,19,2.6,3.1,0.5,Gaming,8,4.7,10
Samuel Robinson,13,Female,Susanfort,3,7.4,74,2,1.4,5,1,9,1.5,78,12,2.7,2.9,1.4,Social Media,6,8.7,8.9
Brian Brooks,14,Male,East Richardtown,3.1,5.7,91,5,2.2,9,1,3,0.5,32,17,0.9,0.7,1,Social Media,3,7.6,5.9
John Johnson,14,Male,Port Laurenville,3,5.6,95,8,2.1,5,5,2,0.6,53,12,3.3,2,0.5,Gaming,4,8.5,9
Abigail Hernandez,16,Other,North Albertstad,8.4,6.9,98,10,0.8,10,3,3,1.5,108,13,3.9,1,1.5,Education,5,5.9,10
Aaron Tyler,18,Male,Randyhaven,7.5,8.1,70,7,0.8,7,3,4,1.1,119,15,2.2,1.4,1.9,Other,5,5.5,10
Dwayne Rogers,13,Male,West Brianfort,3.8,6.8,50,5,0.1,10,6,5,0.6,74,8,2.8,4,0,Browsing,9,5.6,10
Nicholas Garcia,13,Other,Castrobury,3.7,7.4,82,10,0.8,5,7,9,1,144,14,1.9,2,1,Browsing,6,4.2,9.6
Elizabeth Williams,15,Male,Port Susanberg,7.3,5.6,56,0,0.3,7,10,9,0.8,39,9,0.8,1.2,1.9,Education,4,2.6,9.1
Samantha Heath,19,Male,South Alison,2.9,7.6,74,0,1.3,10,2,10,1.2,48,6,2.8,2.1,0.4,Education,8,3.5,6.2
Mike Mcgee,18,Male,North Scottfurt,3.1,7.6,62,3,1.6,3,2,3,1.2,112,7,0.5,3.1,2.6,Education,1,7.6,6.5
Teresa Lynn,13,Other,Port Bethburgh,7.1,3.3,54,5,0,10,8,6,0,132,13,3,1.5,0.8,Other,2,5.9,10
Kelsey Carter,18,Male,Sheafurt,4.2,7.3,64,2,0,6,9,10,0,37,13,2.1,0,0.9,Browsing,8,4,6
Jennifer Johnson,14,Female,East Lucasside,6.2,6.9,63,10,1.6,7,5,8,0,139,13,2.2,0,1.4,Other,1,5,10
James Richard,14,Other,Russomouth,6.7,5.5,77,2,1.1,1,6,6,0.9,36,6,0.3,0.8,0.9,Browsing,1,3.2,7
Todd Christian,18,Male,Port Julia,3.5,8.8,57,6,0.8,1,10,8,0.8,73,16,0,2.2,0.5,Social Media,7,5.4,6
Heather Bailey,13,Female,New Amanda,6.9,6.1,59,4,0.7,2,6,6,0.7,114,15,1.4,1.9,2.6,Other,2,6.9,10
Nathan Simmons,13,Male,Martinside,4.9,5.1,99,2,1.5,3,5,3,1.2,63,19,4.4,2.2,0.8,Browsing,4,5.9,10
Benjamin Holmes,19,Female,Port Carol,0,5.5,53,6,0.4,4,7,1,0.6,32,14,2.9,0.1,1.3,Browsing,10,1.3,3.7
Daniel Davis,16,Female,Johnsonberg,4.7,7.8,63,4,2.2,3,7,2,1.1,62,13,2.6,0.4,0.5,Social Media,1,5.1,7.6
James Cole,16,Female,West Donaldfurt,9.1,6.2,85,4,2.4,8,3,3,1.5,33,17,3.3,0.1,1.6,Browsing,4,7.5,10
Joseph Thomas,17,Male,Parkerland,0,7.8,73,3,0.6,7,3,1,1.5,27,11,2.6,1.8,0.7,Social Media,9,6.9,3.2
Melissa Wang,18,Female,East Kaylaberg,4.3,9.5,52,6,0,6,5,9,1,41,17,3.5,1.4,1.8,Education,6,6.5,8.7
Richard Jordan,16,Other,Evelynborough,2.2,8.8,92,6,0.5,10,9,2,0.3,80,19,2.2,1.8,1.2,Other,4,5.8,7.2
Sara Johnson,17,Female,Michaelfort,2.6,6.3,98,2,0,7,10,7,0.8,65,14,2.4,2.5,0,Gaming,6,6.8,8.4
Bryan Barnes,18,Female,New Dawnshire,4.8,7.4,93,1,0.9,4,9,2,1.5,125,6,1.9,2.5,1.4,Education,10,6.2,9.2
Pamela Bailey,17,Male,New Thomasbury,5.3,7.9,80,4,1.3,7,3,5,2.1,142,14,2.7,0.1,1.1,Gaming,2,7.2,9.8
Paula Roy,13,Female,Lindaland,5.6,7,67,3,0.5,8,5,9,1.3,59,17,0,2.3,0.6,Education,3,4.4,9
Hector Wright,17,Male,Juliaborough,8.4,6.1,54,0,1.2,3,2,3,0.8,94,19,1.8,0.2,1.4,Education,8,2.2,10
David Hill,16,Other,Lake Megan,3.4,6.9,94,7,1.4,7,3,10,0.7,64,17,2.8,1.6,0.8,Other,6,5.5,9
Travis Watson,13,Female,Ramirezshire,6.9,5.3,84,10,0.4,4,1,6,1.1,136,9,3.5,0.3,2.3,Other,6,7.1,10
Brenda Hernandez,13,Other,Theresaville,7.8,7.2,97,4,0,6,3,7,0.1,52,19,2,2,2.3,Education,8,8.3,10
Jonathan Freeman,16,Male,Wilsonchester,6.5,6.5,83,9,1.8,9,9,6,1.1,24,13,3,1.9,0.4,Browsing,6,6.9,10
Victoria Burton,16,Female,Davisbury,3.5,6.1,83,4,1.8,3,2,3,0.8,48,9,2.9,1.3,0,Other,7,8.8,7.4
David Fernandez,17,Female,Wisechester,3.9,5.8,86,4,2.3,1,5,9,1.6,66,15,1.4,0.2,1.3,Gaming,8,6.5,6.9
David Black,19,Male,Clarkstad,4.7,7.8,69,8,1,1,1,1,0.7,27,7,3,3.2,1.5,Social Media,10,3.8,8.9
Donna Williams,16,Male,New Dennis,3.8,8.8,91,8,0,10,3,10,0.7,85,10,2.2,0,1.6,Social Media,4,4.6,5.3
Sean Perez,18,Other,North Michelleport,4.9,3,75,8,0.3,6,8,4,0.6,112,11,0.5,2.8,0.3,Education,6,4.1,10
Chris Krause,16,Other,West Jessicaton,7,6.4,65,6,1.2,4,6,9,0.6,135,20,1.8,0,0.4,Other,2,5.3,10
Jeffrey Gallagher,15,Female,North Heather,6.3,6.9,62,3,2,2,3,1,0.4,91,7,3.8,2.5,1.2,Browsing,4,7.4,10
Thomas Matthews,15,Female,New Stephanie,3.4,6.5,80,7,0.8,5,2,6,0.6,66,14,2.7,1,1.6,Other,6,4,8
Gregory Smith,14,Female,Sandrahaven,7.7,10,82,2,1.7,7,7,10,1.3,105,7,2.7,1.4,0.8,Browsing,9,6.4,10
Kevin Ryan,19,Female,Bowerstown,0,4.6,66,5,0.5,6,10,1,1.3,69,12,3.8,2.9,0.6,Education,7,2.8,8.2
Steven Roberts,18,Other,Hernandezville,3.6,5.3,93,8,0,5,5,8,1.3,119,15,1.1,1,0,Education,3,7.5,8.4
Adam Boone,18,Male,Justinfort,7.5,7.4,95,5,0.5,5,10,9,1.1,34,14,2.6,1.6,1.5,Other,3,3.3,10
Amanda Webb,16,Male,New Marcshire,8.3,7.2,63,3,2.3,9,1,10,0.7,79,18,3.8,2.6,0.7,Browsing,8,7.2,10
Scott Davis,16,Female,Ericaborough,8.5,5.8,76,4,1.9,4,2,8,0.5,144,10,1.3,1,1.2,Social Media,9,3.9,10
Nicholas Dixon,18,Other,Lake William,4.2,5.1,62,4,0,3,4,2,0.8,110,17,1.9,1.2,0.1,Other,8,9.4,10
Julia Smith,16,Female,Christybury,3.7,6.9,91,2,2.6,7,8,3,1,62,11,2.3,2.1,1,Other,1,8,8.1
Allen Williams,15,Other,Emilystad,5.7,8.6,94,1,1.5,8,8,1,0,141,13,2.4,0.4,0.8,Browsing,4,6.2,9.6
Mary Davis,19,Male,Alyssaburgh,1.2,6.9,75,3,0.9,9,5,9,1.6,135,10,3,1.6,1,Other,8,3.8,7
Jeremy Martin,14,Other,Dillonport,7,6.9,93,8,0.4,4,7,6,0.4,67,19,3.4,1.7,0.9,Social Media,7,4.7,10
John Scott,13,Other,Rebeccaburgh,4.1,6.5,92,9,1.2,2,5,8,1.8,144,8,3,2.9,1.4,Other,1,4.2,10
Andrew Dorsey,16,Female,Pittmanberg,5.4,4.9,93,6,1.8,5,2,3,0.8,132,6,3.8,0,1.1,Education,2,7,10
Paula Hernandez,15,Other,West Makayla,7.7,6.6,69,6,1.4,7,10,5,1.7,23,16,3.2,0.7,0.7,Browsing,7,8.3,10
Joseph Garcia,19,Female,Ricardoport,7.9,7.3,95,0,1.8,5,3,1,1.1,101,13,1.8,0.2,0.6,Social Media,8,5.3,10
William Ramos,18,Other,North Tracy,2.9,5.8,78,6,1,9,3,5,1,61,12,0.6,0,0.6,Social Media,4,5.6,4.2
Spencer Edwards,15,Male,Phillipville,2.9,6.1,79,7,2.9,3,4,2,1.3,128,8,1.9,1.6,1.3,Browsing,2,4.1,7.5
Tiffany Perez,19,Male,North Paigemouth,5.1,8.3,50,3,1.9,1,3,7,0.9,148,5,3.2,0.5,1.4,Social Media,10,3.9,8.6
Justin Reed,13,Female,Sarahshire,6.1,6.2,55,9,0.7,5,3,6,1.1,37,16,3.7,1.9,0,Other,8,7.4,10
Janice Herrera,19,Male,East Robert,5.6,6.3,100,8,1.7,4,5,1,0.9,117,13,2.2,0.6,1.2,Gaming,4,8.6,10
Michael Todd,13,Male,North Aaron,4.8,5.3,83,8,1.4,2,3,10,1.9,145,12,3.6,1.5,0.9,Gaming,4,8.1,10
Katie Miller,17,Male,Christophermouth,9.4,5.8,61,1,1.5,3,3,9,1.5,137,10,2.7,0.6,2,Gaming,3,3.6,10
Priscilla Moore,19,Female,Guzmanmouth,5.3,6.9,89,10,2.5,2,8,9,0.5,93,16,2.1,0.7,1.3,Browsing,2,4,9.7
Jason Macdonald,17,Female,Port Cassandramouth,5.2,7.4,96,3,0,5,2,8,0.3,117,8,3.5,1.1,0.2,Other,4,7.1,10
Robert Rice DDS,14,Female,West Brianborough,4.3,5.3,66,8,1.4,4,10,2,1.1,79,11,1.8,1,0.4,Gaming,10,4.7,8.2
Cynthia Gonzalez,13,Male,Aaronland,4.6,6.6,100,1,0,8,2,1,1.4,58,17,2.3,0.6,0.1,Gaming,1,5.8,8.8
Amanda Lee,16,Male,Port Bonnie,4.4,7.1,52,4,0.6,2,9,3,0.6,98,17,2.6,1.4,0.5,Education,6,6.3,10
Eric Yates,17,Male,Dustinmouth,7.8,6.7,81,8,1.6,2,2,7,0.7,36,10,2.7,0.6,0.8,Education,8,6.1,10
Logan Burns,15,Female,East Kristin,6.9,5.6,94,6,1.2,8,3,10,1.2,113,8,1.2,1.8,0.3,Browsing,8,5.4,10
Ashley Villarreal,15,Male,Brookston,3.9,4.5,100,3,1.7,9,1,8,0.9,65,18,2.2,0.1,0,Social Media,5,4.9,8.8
Thomas Murphy,14,Male,West Alisonfort,6.4,8.4,79,7,1.6,10,4,8,0.8,56,17,1.5,2.1,0.9,Social Media,6,6.3,10
Mark Becker,18,Other,Laurenstad,1.1,5.9,96,2,0,9,8,2,0.8,80,14,2.6,3.6,0.8,Education,7,7.2,8.8
Tammie Harris,15,Female,North Sarahshire,3.6,8.2,95,3,0.1,1,2,4,1,61,6,2.2,2.1,0.8,Education,2,5.7,6.2
Antonio Perry,18,Other,Millerhaven,6.4,6.3,88,10,0.8,6,4,5,0.7,91,10,2.6,2.1,0.5,Education,6,8.6,10
Toni Gamble,14,Other,Michaelview,5.1,5.6,68,0,2.7,5,4,5,0.7,67,18,4.5,1,1.9,Other,2,4.7,10
Sarah Hart,19,Male,South Amanda,1.8,4.8,74,8,1,2,9,5,1.7,132,13,4.3,3.6,0.7,Other,1,7.2,10
Brandy Scott,14,Other,North Randy,5.2,5.7,86,9,0,4,2,1,1,120,14,1.6,1.2,0.2,Gaming,10,7.4,10
Mrs. Mary Peterson,14,Other,Sarahside,4.3,8.5,90,2,0,6,3,4,0.7,71,20,3.6,0.9,1,Other,5,7.7,10
Elizabeth Thompson,17,Other,Port Paulfurt,6.4,3.8,90,6,1,4,5,7,1,47,17,2.5,0.3,1.5,Browsing,7,4.3,10
Christopher Oneal,14,Male,Jesseview,6.2,5.5,61,7,1.2,10,10,8,0.2,123,6,3.5,1.6,1.2,Gaming,4,4.8,10
Matthew Robertson,15,Female,Ramirezfurt,5,5.6,68,10,0.8,5,6,1,1.5,83,16,3.4,0.2,1.7,Other,7,9.3,10
Bailey Houston,18,Other,Lake Mary,8.4,5.8,75,9,1.8,7,4,5,1,90,15,2.3,0.8,0,Other,4,2.9,10
Sarah Scott,13,Other,Ryanshire,3.8,8,77,3,0.7,1,5,9,0.6,46,6,2.7,0.2,1.1,Browsing,8,4.4,4.8
Brian Rodriguez,19,Male,Riveramouth,5.1,5.2,54,2,1.5,1,3,3,0.9,37,5,4.1,0.6,1.3,Social Media,5,4,8.9
Michael Kemp,16,Other,West Catherine,7.5,8.2,100,1,1,3,7,2,1.2,44,17,2.6,3.1,1.1,Education,1,5.3,10
Elizabeth Jones,19,Other,Lake Brian,5.5,8,80,3,1,2,3,7,1.3,81,19,1,2.3,1,Education,1,10,10
Kenneth Moore,18,Other,South Michelle,6.1,4.5,70,8,1.8,10,8,9,0.6,100,12,3.6,2.7,0.6,Education,1,2.8,10
Christopher Sims,18,Male,East David,8.9,5.7,86,4,1.6,5,3,6,0.6,24,9,3.6,1.3,2,Social Media,10,9.6,10
Jennifer Espinoza,13,Other,Masseyfort,5.2,4,69,7,1.8,4,6,3,1.6,30,9,1.7,0.8,1.2,Education,2,7.5,8.1
Alicia Neal,16,Male,Shaneshire,2.6,6.2,86,9,0.7,8,7,6,1,62,20,3.2,1.5,1.7,Gaming,6,4.3,9.4
Mr. Stephen Johnson DVM,18,Female,West Carlosburgh,4.9,3.4,76,0,1.5,1,3,4,1.3,61,10,2.9,1.7,0.5,Other,1,4.4,10
Danielle Bates,14,Other,Charleston,4.5,4.8,82,4,1.1,1,6,5,1,21,20,1.9,2.9,0.2,Gaming,5,7.8,10
Elizabeth Huber,19,Female,Keithchester,8.1,4.5,59,8,1.2,1,8,8,0.6,48,11,1.9,1.2,1.4,Other,9,4.9,10
Beverly Hardy,19,Male,North Craigtown,4.5,4.6,77,7,1,10,1,4,0.6,146,19,2.4,1.6,1.9,Social Media,5,5.4,10
John Cochran,18,Male,Port Saraport,2.9,8.1,57,9,2.6,8,8,8,0.9,93,6,2.4,1.7,2,Browsing,6,7.6,6
Michael Wiley,13,Female,North Andrewtown,7.6,9.7,76,6,0.9,2,6,4,0.3,75,5,2.1,0.4,0,Other,2,6.5,7.8
Jeffrey Brown,16,Female,New Laura,3.5,6.8,91,4,1.1,5,3,4,2.2,107,12,3.7,1.4,0.5,Browsing,1,9.2,9.7
Alisha Howard,14,Other,South Rachelburgh,4.1,6.6,57,0,1.3,4,6,2,0.8,95,5,1.5,0,0.6,Social Media,2,7.6,5.2
James West,13,Other,Alvaradoside,6.9,6.9,70,3,1.6,2,1,9,1.2,69,9,1.9,1.7,0,Social Media,1,6.4,10
Austin Dixon,16,Male,Markbury,4.7,5.1,91,3,0.7,4,6,7,1.6,23,16,3.9,3.3,0.8,Browsing,10,9.8,10
Jessica Mcmillan,15,Other,Emilyfort,6.2,5.1,87,3,1.7,6,2,1,0.6,101,16,2.8,3.1,0.5,Other,9,7.2,10
Jermaine Wu,19,Male,Port Paula,3.6,7,82,10,2,9,9,10,0.8,137,7,3.6,0.1,1.8,Browsing,10,5.7,7.9
William Cordova,16,Female,West Annehaven,6.6,5.6,96,8,1,2,6,4,1.1,55,18,2.7,0.9,1.9,Gaming,10,1.8,10
Jose Avila,16,Male,Robertside,3.2,4.1,97,4,0.8,8,1,5,1.2,146,13,2.7,1.7,1.6,Gaming,2,10.7,10
Christopher Wright,18,Other,North Johnnystad,9.4,7.3,50,7,0.9,10,7,1,1.4,119,16,0.4,1.7,0.6,Other,1,3.5,10
Jessica Stevens,13,Male,East Michaelberg,1.7,4.3,81,8,0.9,3,6,2,0.7,126,13,2.4,0.3,0,Social Media,6,3.6,7.4
Joseph Powers,19,Other,South Jennifer,7,6.5,57,5,1.4,3,7,3,0.9,47,15,2.8,0.8,0.6,Social Media,6,3.8,10
Jacqueline Evans,18,Female,Jesseburgh,5.2,10,76,3,1.7,5,3,2,0.8,96,9,2.3,2,1.2,Education,4,3,8.2
Richard Lee,18,Male,Andrewville,4.9,7.2,60,8,0.8,6,7,3,0.9,35,18,3.2,2.2,1.7,Other,7,9.2,10
Heather Dickerson,14,Other,Hughesside,9.1,7.4,75,1,0.4,8,8,3,0.8,76,8,2.2,2.4,0.7,Education,1,9.9,10
Christopher Hamilton,14,Male,Petersenberg,5.4,9,66,1,0.7,3,9,4,0.6,95,6,3.4,0.2,1.4,Social Media,10,6.1,7.6
Christine Duncan,19,Female,New Alison,5.8,6.1,65,1,1.9,6,6,4,1.6,57,19,2.7,2.6,0.6,Gaming,10,4.9,10
Denise Cummings,19,Male,Pattonbury,7,9.1,53,1,1.5,3,3,3,2.4,120,17,2.3,3,0.8,Gaming,1,5.2,10
Tanya Smith,19,Other,South Rachel,3.3,9,57,9,2.5,8,8,3,1.2,36,19,2.3,1.1,0.3,Education,5,7.2,6.7
Jackie Rowe,18,Male,Walkerchester,4.6,5.3,51,10,0.5,9,8,7,0.8,124,17,2,2,0,Browsing,1,6.9,10
Brian Blackburn,17,Male,West Angela,5.9,9.2,100,6,0,4,5,8,0.6,44,14,2.8,0.4,0.9,Social Media,1,4,8.2
Robert Li,17,Female,Carrieshire,4.5,6.6,53,3,0,4,7,4,1.6,149,7,3.2,2,0.2,Other,9,5.2,10
Maria Anderson,19,Other,Hernandezside,6.2,6.3,97,3,0.9,1,2,7,1.4,63,6,3.5,0.7,0.6,Education,1,6.2,9.7
Russell Hernandez,14,Female,New Katherine,6,5.6,67,7,0.8,8,4,3,0.8,150,16,2,1.4,0.5,Education,9,3.7,10
Danny Terry,14,Female,Smithhaven,2.4,8.2,99,10,0,7,5,10,1.5,68,14,2.5,2.2,1.4,Education,4,5.9,7.2
Matthew Ayala,18,Female,Robertsonstad,4.1,5.7,53,1,0.6,4,1,1,1.5,135,14,2.2,0.7,0.8,Other,8,4.4,9.6
Donna Adams,14,Other,Tiffanyville,2.5,7.2,82,8,0,5,8,6,0.8,105,6,0.9,1.6,1.1,Browsing,7,9.9,4.7
Madison Costa,17,Male,Allenville,4.3,5.9,90,5,0.9,7,7,1,1.3,129,14,2.6,1.9,1.9,Gaming,3,7.7,10
Billy Crawford,13,Female,Mayland,2.7,7.6,98,7,1.1,4,8,9,0.7,100,12,2.2,1.3,0,Gaming,6,4.1,6.8
Tyler Mills,19,Female,Wangton,4.2,6.3,78,9,1.1,9,2,10,1.3,69,13,1.2,1.8,1.2,Other,3,5.5,8
Ian Anderson,13,Female,South Kevinside,6.2,5.8,76,1,1.3,9,2,3,0.6,72,11,1.9,3.2,0.8,Browsing,2,4.6,10
Erik Weaver,18,Female,Carlfort,5.4,5.3,59,4,0,7,5,3,1.1,24,18,2.6,2.4,1.6,Browsing,4,4.5,10
William Pacheco,16,Other,Alexandrafurt,5.8,7.8,87,2,0.6,7,10,6,1,110,13,3.1,2.5,0.8,Browsing,3,5.2,10
Mrs. Gina Thomas,14,Male,Johnshire,2.4,5.3,70,3,1.8,10,7,3,1.4,110,5,3.3,1.4,1.8,Education,6,2.9,7.6
Heather Hooper,13,Male,Richardmouth,6.1,7,79,3,0,5,6,1,1.4,150,9,4.1,0.8,1.6,Social Media,9,10.2,10
Jessica Hall,16,Other,Greenshire,4.9,4.5,95,2,1.4,8,9,2,0.7,21,17,3,1.2,0,Gaming,8,3.5,10
Marc Mills,19,Female,New Denisechester,8.8,7.1,90,1,0.7,1,4,7,1.3,95,18,1.7,1.7,1,Browsing,8,5.9,10
James Jones,15,Male,Sharpbury,6.2,4.9,78,8,1.9,4,3,5,0.9,63,8,1.9,1.9,0.1,Education,9,4.4,10
Dean Ellis DVM,19,Male,Smithmouth,2.2,7.4,57,8,2.1,10,7,6,0.9,20,7,3,1.2,2.1,Other,5,5.2,4.5
Eric Logan,17,Female,Marthafurt,3.8,4.9,92,8,0,5,5,3,2.2,43,7,1.9,3.3,1.6,Gaming,9,8.3,8.8
Dawn Hood,14,Other,Salazarmouth,6.9,5.7,61,10,0.7,3,9,2,1.4,111,14,2.9,1.5,1.6,Browsing,2,8.6,10
Mrs. Megan Johnson,18,Other,West Tinafurt,5,3.5,62,7,0.6,5,6,2,0.3,71,9,3.3,2.7,1.4,Social Media,10,7.8,10
Lauren Beck,17,Male,Sharpland,7.4,6.3,75,0,0.8,2,10,1,1.6,98,12,1.2,0.3,0.4,Gaming,5,8.2,10
Jason Dillon,19,Female,Kimberlyland,5.1,6.9,59,8,0,6,7,8,1.6,51,19,2,1.7,1.2,Browsing,10,4.6,10
Jeanne Gordon,15,Other,East Joseph,0.2,5.7,97,6,1.2,8,6,2,0.6,81,10,1.3,2,1.2,Education,9,7.4,4.3
Sheri Hudson,14,Other,Vanessaborough,2.6,6.3,73,7,2.3,2,6,5,0.4,120,7,3.3,2.9,0.9,Social Media,9,3.6,9.4
Sherry Gregory,18,Male,Abigailview,6.2,6,93,3,1.5,4,5,1,0.5,56,13,1.6,1,1.9,Social Media,6,3.7,9.5
Julie Conrad,19,Female,Lake Tyrone,4.5,9,81,5,1.8,5,7,8,0.8,83,5,2.8,1.6,1,Browsing,6,7,7.1
Bobby Silva,16,Male,New Susanburgh,6,8.9,80,10,1.8,8,5,3,1.2,49,14,3.2,1.5,0.4,Gaming,10,6.2,10
Patrick Gray,13,Male,West Jason,4.1,8.1,71,3,0.5,2,3,2,1.4,52,14,1.6,1.5,1.2,Other,10,3.1,7
Alexander Crane,15,Female,Michaelland,1.1,6.5,83,3,1.7,2,8,6,1,47,12,1.2,0.6,0.8,Education,9,6,3
James Smith,19,Female,East Meganburgh,7.1,4,97,10,1.8,10,9,2,1.1,116,7,2.9,2,1.5,Education,2,6.8,10
Samantha Robinson,17,Other,South Robertland,4.9,6.5,89,1,0.8,7,1,5,1.2,37,12,1.8,2,1.2,Social Media,3,7.8,8.6
Glenn Jones,13,Other,Lake Travis,1.5,7.8,70,5,0.7,1,4,7,0.3,45,7,3.2,1.2,0,Other,2,5.7,4.3
Stephen Carter,16,Female,Mariaburgh,5.5,6.9,57,10,1.6,3,1,9,1.4,67,20,1,0.8,0.3,Browsing,2,6.2,9.2
Ian Orozco,18,Other,Boothhaven,0.9,5.9,62,6,1,10,4,1,1.3,55,17,3.3,2.3,1.1,Social Media,7,6.2,8
Michael Massey,14,Female,Kevinport,4.4,8.6,94,0,0,3,4,1,1.8,38,8,2.7,1.1,0.8,Education,6,3.7,6.3
Joanna Taylor,19,Female,North Paulview,4.7,9.9,93,0,0,6,4,10,1.3,99,16,2,1.3,0.6,Browsing,8,4.3,8.2
Kristina Stevenson,18,Male,Warrenmouth,6.2,6.9,81,3,1.1,2,6,4,0.7,67,14,3.8,0.4,0.2,Education,3,5.3,10
Bradley Fuller,17,Male,New Brandychester,5.8,9.1,98,6,1,7,8,4,1.5,92,15,2,1.6,1.5,Social Media,4,8.9,9.7
Alexis Smith,16,Other,Patrickton,6.6,3,85,3,0,9,7,9,1.1,95,19,2.5,1.2,1.1,Gaming,4,6.9,10
Amber Mitchell,13,Female,Danielburgh,9.2,7.6,93,6,2.1,6,6,10,1,147,8,3.9,4,0.6,Other,4,5,10
Sara Johnson,17,Other,Tarafurt,5.8,7.8,67,9,0.1,6,9,5,1.3,117,13,1.7,0.1,0.8,Social Media,3,8.3,8.6
Michael Bell,15,Female,Travischester,4.4,4.3,93,0,1.9,1,4,9,1.1,28,18,3,1.3,0.8,Gaming,8,7.6,10
Sara May,15,Other,North Katiestad,8.1,7.4,88,4,1.2,7,5,6,1.5,128,19,1.7,1,0.5,Gaming,2,3.6,10
Deanna Ferguson,16,Female,Lake Vernon,5.1,5.1,97,2,1.2,1,6,5,1.3,23,13,2.8,1.5,2.2,Social Media,5,8.4,9.9
Deborah Patterson,13,Other,Huntmouth,5.2,8.2,61,8,1.7,8,10,5,2.1,51,13,0.7,0,1,Other,9,3.9,5.4
Tasha Eaton,16,Male,Levyside,2.6,5.6,72,6,0.4,9,4,8,1.1,132,15,3.3,1.4,2.2,Browsing,7,3.7,10
Sarah Morris,14,Male,Port Leslieborough,7.4,7.7,94,6,0.7,9,2,10,0.2,40,15,1.5,0.5,0.7,Gaming,6,2.6,9.4
Victoria Long,14,Other,Port Danielfurt,7.7,5.4,89,4,0.8,7,1,6,1.4,147,10,0.5,0.7,1.8,Education,6,6.4,10
Scott Gutierrez,19,Female,North Christinamouth,3.9,8.4,63,9,0.2,8,5,7,0.5,113,17,3.6,2.3,0.8,Browsing,1,2.3,10
Teresa Baldwin,13,Female,New George,6.7,8.9,52,0,1.3,2,2,10,0,105,17,1.6,0.7,2.2,Other,8,3.4,10
Jacqueline Reyes,15,Other,Paigeburgh,6.9,6.8,92,5,1.6,1,8,2,0.4,68,10,2.6,1.4,0.8,Browsing,4,8.9,10
Gloria Miller,19,Male,Ericashire,6.7,10,57,3,0.7,6,6,7,0.5,111,11,0.5,2.1,0.8,Education,5,7.7,8.7
Caleb Carter,14,Other,Morrowberg,4.6,6,76,0,0.5,3,8,2,0.9,24,5,2.2,2.2,1.8,Social Media,8,1,7.5
Kelly Garza,16,Other,West Mikebury,3.7,8.2,60,4,0.3,9,1,7,0.7,139,14,4.6,2.2,0,Browsing,8,6.3,10
Antonio Brown,15,Female,West Susan,4.5,5.9,62,1,1.5,9,9,3,0.9,79,17,3.2,1.2,0.1,Gaming,6,5.9,10
Thomas Horton,15,Female,East Heathershire,1.7,7.5,69,6,0,2,8,7,1.2,79,19,2.3,0.9,0.6,Social Media,1,3.7,6.5
Benjamin Cruz,18,Male,New Christophermouth,3.2,6.8,60,2,1.6,3,5,10,0.8,109,20,2.2,1.9,1.5,Social Media,8,0.4,10
Tara Rice,19,Female,South Michelle,2,7.1,51,3,0.6,4,5,6,0,65,18,3.6,1.5,2.4,Other,1,7.5,8.4
Donna Hampton,16,Other,Lake Jesseshire,2.7,3.6,80,1,2,5,2,4,2.1,109,19,3.5,1.3,1.8,Education,6,9.6,10
Jessica Riddle,14,Male,Ashleemouth,2.1,6.7,59,6,0.7,7,1,6,1.3,70,18,3.1,3.4,0.2,Social Media,6,4.2,10
Douglas Armstrong,16,Female,North Christopherburgh,6.5,8.1,81,4,1.6,7,5,1,1.7,150,14,2.8,1,0.7,Education,8,5.2,10
Jonathon Carter,13,Other,South Jamesstad,4.7,7.3,64,10,0.7,1,1,2,1.2,29,6,3.3,0.7,1.1,Social Media,5,3.6,6.8
Stephen Cohen,14,Female,Burgessfort,5.5,6.6,90,4,1.1,7,5,10,1.3,106,17,4,0.7,1.4,Social Media,7,7.1,10
Amber Murphy,14,Other,South Alexisberg,4.1,3.6,100,8,0.8,10,4,4,0.6,31,17,1.5,1.7,0.9,Social Media,3,4.1,9.5
Logan Hill,18,Other,New Stacy,8.2,7.3,62,6,2.5,1,4,10,1.4,84,13,0.6,0.2,1.4,Gaming,6,7.5,9.6
Michael Brown,14,Female,New Donald,2.2,8.4,77,2,0.1,7,6,5,0,81,13,1.2,0.4,0.7,Browsing,4,6.8,3.8
Michelle Thompson,13,Other,Johnview,2.5,6.1,80,8,0.2,7,5,10,1,50,7,2.2,0.4,0.7,Social Media,8,3.5,4.5
Maria Maddox,18,Male,North Terri,4.4,6.6,63,7,0,10,10,5,0.3,136,6,3.1,3.5,0,Browsing,4,5.4,10
Joshua Alvarez,16,Other,West Adammouth,6.8,10,79,3,0.9,7,2,9,0.3,117,18,1.4,0.7,0.9,Social Media,8,3.7,9.8
Caitlin Stanley,15,Female,East Adrian,6.2,4.6,72,5,1.7,6,9,4,1.4,32,7,1.5,1,0,Other,6,6.8,8.4
Jonathan Olson,14,Other,Port Elizabethmouth,3.9,6.6,50,6,0,6,8,2,0.6,34,18,1.9,1.3,0.5,Education,3,6.4,8.1
Lee Gaines,19,Other,North Michaelhaven,9.5,6.7,59,2,0.6,8,8,7,1,79,17,2.6,0,2.1,Gaming,1,8.7,10
Johnny Peterson,14,Female,North Melissaborough,3.6,7.2,85,5,0,1,5,6,1,109,15,2.9,1.2,2.3,Gaming,3,7.5,9.3
Albert Williams,16,Male,West Loristad,4.4,4.7,69,4,0.4,3,4,3,0.2,119,8,2.6,2,2.6,Other,2,9.4,10
Christine Wallace,13,Female,Kylestad,7.1,4.9,61,1,1.5,9,7,2,0.4,86,14,2.2,1.5,1.9,Browsing,10,4.6,10
Nicholas Turner,15,Male,South Rebeccaburgh,5.9,8.3,73,0,1.2,5,6,8,0.8,93,12,1.8,1.1,0.4,Gaming,3,7.5,8.9
Terrence Newman,18,Female,Sanchezfurt,5,7.6,100,8,1.1,4,3,8,0,100,12,2.5,1.8,1.1,Other,4,5.6,9.9
Alexandra Alvarez,14,Male,New Bonnie,4,5.1,87,10,2.1,5,4,6,0.8,45,14,1.5,1.8,0.3,Social Media,4,7,8.4
Gregory Williams,19,Male,Stevenborough,4.2,6,58,6,1.1,3,10,8,0.6,47,8,2.2,3.4,0.3,Gaming,4,7.7,9.3
Kenneth Cisneros,18,Other,East Michael,4.7,6.4,97,6,0.6,7,5,1,1,36,18,2.2,2.5,0,Social Media,5,2.9,10
Danielle Moore,14,Female,Jenniferland,2.2,5.5,56,6,1.1,2,7,8,0.1,42,19,1.1,2.9,2.2,Other,9,6.7,8.1
Amber Brown,13,Female,South Michaelview,4.7,5.6,90,6,1.5,10,10,7,0.6,127,9,2.3,1.9,0.9,Gaming,5,1,10
Rebecca Fisher,15,Female,Avilafurt,7.1,4.7,80,5,1.2,1,8,7,1,148,17,2.7,0.3,1.5,Social Media,7,6.7,10
Jamie Henderson,19,Male,Coleport,1.1,3.8,88,7,0.4,1,10,5,0,144,15,2.6,1,1.4,Gaming,5,8.2,8.7
Aaron Campbell,15,Female,Port Sandra,4.9,6.7,61,10,2.3,8,6,10,1.1,73,9,2,2.9,1.1,Other,9,2.6,9.7
Amy Marshall,19,Female,Port Justinmouth,4.9,7.2,54,8,1.6,3,2,1,0.2,115,6,2,2.8,1.8,Other,1,5.5,9.6
Kristopher Stewart,18,Male,Jordanbury,6.2,6.9,54,2,0,1,10,1,1.1,132,13,2.5,1.2,0.8,Education,1,5.4,10
Susan Phelps,14,Female,Michaelberg,3.2,8.4,52,5,1.2,8,2,9,0.3,116,15,3.1,0.6,1.5,Social Media,6,6.1,8
Nicole Jones,16,Male,Rebeccaport,7.7,7.4,50,10,1.8,8,2,10,0.8,26,10,2.7,2.3,0.9,Education,10,3.8,10
William Day,18,Male,Noahhaven,3.9,5.5,94,3,0.6,9,9,3,1.3,79,9,2.6,1.3,1.3,Education,9,4.9,8.4
Michael Lowe,18,Other,South James,5.7,7.5,67,8,1,1,10,10,0.8,103,10,0.7,2.2,0.6,Other,2,6.4,8.9
Carol Thomas,15,Female,South Tammyborough,0,7.8,61,7,0.8,7,2,3,1.1,76,14,3.6,0.7,1,Education,7,8.9,4.7
Samantha Martin,13,Female,South Jamiehaven,3.2,4.4,81,10,3,5,9,9,1.1,20,6,2.3,3.6,1.1,Other,5,5.5,8.5
Deanna Heath,17,Female,West Johntown,10.3,7,57,2,0.4,6,9,4,1,136,20,3.9,1.7,0.2,Browsing,10,8.7,10
Catherine Shaw,17,Male,Lake Davidmouth,3.3,5.3,97,0,0,6,5,5,1,114,20,2.2,1.4,0.4,Education,2,5.1,10
Lisa Wallace,19,Female,Brockville,4.2,7.3,81,5,0.7,9,8,5,1.1,28,15,3,2.2,0.6,Gaming,4,8,9.3
Christopher Green,17,Male,Hallton,1.1,5.5,78,0,0.8,9,1,7,0.6,126,11,2.7,0.6,0.4,Social Media,5,7.1,6.4
John Tucker,14,Other,North Dennis,5.9,4.4,62,0,0,4,4,7,1.8,123,8,4,2.7,0.1,Gaming,3,6.8,10
Robert Moss,14,Female,Ronniefort,7.2,7.2,87,1,0.1,2,2,10,0.8,145,9,0.7,1.5,0,Social Media,6,6.6,10
Amanda Campbell,14,Other,East Sandra,5.3,6.4,100,10,0,2,5,5,0,112,17,1.8,3.3,0.7,Gaming,7,6.4,10
Tony Williams,19,Other,East Jamesside,4.5,5.9,92,5,0.4,1,2,6,0.7,32,20,2.5,1.4,0.1,Gaming,8,6.9,10
Kimberly Hernandez,15,Other,Vanessafort,5.2,6.2,69,2,1.2,5,4,5,0.6,91,17,3.3,1.3,1,Gaming,2,6.1,10
Lance Kim,16,Male,Lake Jerome,3,7.2,94,8,0.8,1,6,7,1.7,83,14,1.4,3.6,0.9,Browsing,4,4.6,8.9
Kristen Jones,18,Other,South Cody,8,6.4,74,8,1.2,3,9,7,0.4,67,9,4,2.4,0.4,Other,9,5.5,10
Tony Erickson,16,Male,Porterfurt,4.8,5.2,66,5,2.7,10,6,1,0.8,102,10,1.6,1.7,1.6,Other,1,8.7,9.5
Joseph Davis,19,Male,Port Nathan,4.1,5.2,78,5,1.1,4,1,8,1.8,110,19,2.9,2.7,1.2,Education,3,3.1,10
Michael Baker,14,Female,Lindaville,6.9,6.1,55,9,1,9,5,9,0,39,13,1.7,0.6,0,Browsing,7,6.4,9.5
Cynthia Caldwell,15,Male,New Donaldton,6.5,6,82,8,0,3,9,8,1.6,59,9,2.7,4,0,Education,4,6.3,10
Cindy Roth,16,Female,Crosbystad,3.7,6.1,59,4,1.3,8,1,4,1.3,100,13,3.8,3.3,1,Other,4,4.6,10
Angela Duncan,17,Male,Lake Rebekah,5.5,8.5,64,8,0,9,9,1,0.6,41,7,2.3,2.7,0.3,Other,10,7,8.5
Ruth Kim,15,Male,Cookmouth,5.1,4.9,59,5,0,9,4,6,0.9,20,18,2.8,0.3,2.3,Social Media,3,4.5,9.8
Maria Morris,16,Female,Lake Karen,3.6,4.7,100,0,0.9,8,4,8,0.6,53,8,3.9,1.5,1.4,Browsing,7,7.5,9.3
Andrea Johnson,17,Other,East Johntown,8.9,4.8,80,3,1.6,8,9,6,1.4,60,10,1.9,2.9,0.3,Gaming,3,6,10
Jade Burns,14,Other,New Brittanyhaven,5,8.8,72,1,0.5,5,8,10,0.5,69,20,3,2.2,0,Social Media,7,4.1,10
Ann Adams,14,Female,Marcburgh,5.3,6.3,51,0,1.4,1,8,7,0.8,20,10,1,0,0.1,Other,8,6.6,5.5
Aaron Blake,15,Other,East Scott,3.7,7.2,66,3,0,7,7,7,1.4,141,12,4.4,2.9,2,Browsing,5,4.1,10
Shirley Ortiz,17,Male,Herreraville,4.4,7.3,98,3,2.4,6,2,3,1.5,85,20,2.6,3.1,0.4,Education,9,7.2,10
Raymond Lewis,13,Other,Brooksland,5.3,5.3,72,8,2.2,3,2,5,1.6,110,14,5,2,0.7,Other,8,4.7,10
Jennifer Vang,19,Male,Robertland,7,7.5,79,6,1.6,2,9,5,1.5,45,17,2.9,1.3,1.3,Education,10,1.5,10
Kyle Escobar,14,Other,New Kimshire,6.2,4.4,99,10,1,2,10,9,1.1,131,8,0.8,1.9,1.3,Other,3,9.5,10
Peter Bautista,15,Male,Whiteside,4.8,5.3,68,7,0,7,9,2,1.5,97,7,2,1.7,0,Social Media,3,3.8,9.2
Kelly Glover,19,Other,North Mikaylaton,5.3,7.1,82,7,0,2,9,1,1,89,14,1.8,2.1,1.6,Other,8,3.4,10
Tristan Tate,14,Female,Loganport,5,6.9,72,2,2.2,10,3,8,1.1,92,12,2.6,0.9,1.1,Social Media,2,5.1,9.3
Barbara Allen,18,Female,Lake Emily,3.3,8.2,96,9,0.6,6,5,6,0.8,40,7,3.4,2.1,0.8,Other,4,7,6.9
Wendy Perry,16,Female,West James,6.1,3.2,60,4,0.5,5,8,1,1.3,48,11,2,2.8,0.4,Other,4,7.5,10
Faith Thomas,15,Male,Port Alanville,2.3,7.8,69,9,0,2,2,9,0.5,72,8,2.7,1.4,0.2,Social Media,10,5.8,5.5
Justin Ballard,13,Male,South Nicolefurt,4.7,8.8,74,8,1.1,5,6,2,0.5,143,10,3,1.2,0.1,Other,9,6.6,9.4
William Daniel,19,Other,Floresmouth,6.5,6.7,100,9,0,2,2,10,1.1,123,13,2.8,0.1,1.2,Gaming,7,6.5,10
Holly Rollins,15,Other,Hancockstad,5.1,8.4,85,0,1.3,6,1,4,1.5,127,20,3,0.6,0.8,Social Media,1,7.4,10
Ann Bennett,15,Female,New Kristin,3.5,6.6,92,7,2.2,4,5,6,1.6,29,15,3.4,1.6,1.1,Gaming,2,8.9,8.8
Kevin Anthony,15,Male,North Natalieborough,4.7,6.3,65,9,0.1,7,9,8,0.4,113,11,3.2,0.8,0.1,Education,3,5.6,10
Jaclyn Kidd,18,Male,East Amyburgh,3.5,5.5,53,0,1.1,9,6,5,1.4,128,7,2.5,1.7,2.4,Other,5,3.9,8.9
Frank Lopez,16,Female,Carlamouth,5.2,6,98,5,0,8,3,1,1,39,7,3.3,0,0,Other,3,7.7,7.7
Andrew Pratt,16,Male,Moodymouth,4.9,6.1,51,4,1.1,9,6,9,0.8,142,18,0.4,1.7,0.5,Other,10,6.7,10
Beverly Miranda,19,Male,Berryhaven,8.3,7.1,95,1,1.9,4,1,3,1.5,53,6,3.4,0,1.6,Browsing,6,5.2,10
Jill Garcia,14,Other,East Gregory,2.6,6,68,0,0,6,9,6,0.9,122,20,1.4,1.2,0.6,Social Media,9,6.4,8.6
John Solis,16,Other,South Stacy,5.7,7.7,63,0,0.9,1,7,5,0.8,103,7,1.9,2.4,0,Other,1,6.3,9.6
Kevin Sanchez,16,Female,Ryanland,4.7,8.1,89,1,0.6,10,9,4,0.4,86,15,0.8,0.9,0.6,Browsing,7,4.9,7.1
Jo Graham,14,Male,West Shirleyside,4,8.4,69,5,1.5,8,9,9,1.4,131,10,0,1.5,1.3,Gaming,4,6.2,5.9
Angel Walker,13,Female,Sethfurt,2.2,8.4,96,10,0,10,4,9,1.2,49,11,2.1,1.4,1.9,Education,6,6.8,4.7
Daniel Glover,13,Female,New Randystad,4.8,5.8,92,1,2.5,6,1,9,0.8,91,15,3.4,1.7,0.5,Social Media,1,9.4,10
Deborah Gonzalez,16,Other,North Julieland,11.5,8.6,96,0,1.3,3,1,10,0.2,58,12,3,0,1.4,Browsing,5,4.8,10
Karen Arnold,15,Male,South Darryl,5.8,8.2,62,2,0,8,7,7,1.1,138,16,3.8,2.6,1.5,Browsing,1,4.1,10
Parker Brown,15,Male,West Anthonyview,7.6,4.5,78,8,1.7,6,10,9,0,33,17,1.1,2.6,0,Social Media,8,6.6,10
Latoya Caldwell,15,Male,Lake John,5.8,3,53,0,2.1,6,10,6,1.4,56,19,2.7,2,1.1,Gaming,8,3.6,10
Robert Mcconnell,17,Other,Douglasshire,5,7.9,63,5,1.7,5,4,8,1.3,21,16,2.7,0,1.3,Other,7,7.1,7.4
Dustin Spencer,14,Female,Robertston,4.5,6.5,93,7,1,2,1,4,0.8,97,16,2.4,1.6,1,Education,3,6.2,10
Aaron Webb,13,Female,New Michelle,4.2,5.3,91,8,0,7,1,2,1,47,13,2.2,2.2,0.6,Other,8,6.2,9.5
Kelly Long,15,Other,Jamesfurt,5,7.1,95,7,0.8,7,6,4,1.9,29,9,2.8,1,1.9,Education,1,6.5,7.6
Yolanda Diaz,14,Female,South Michael,3.8,4.9,93,8,2.8,5,5,3,0.2,47,10,3.6,2,1.1,Other,1,6.9,9.9
Ruth Goodwin,17,Female,Port Jackmouth,5,8.1,65,9,1.1,6,10,7,0.7,84,18,2.2,1.7,0.6,Social Media,7,4.7,10
Carol White,17,Male,Hallland,2.6,8.3,100,8,0.5,10,3,9,1.6,123,19,0.5,0,0.7,Gaming,7,6.7,5.2
Frank Williamson,19,Male,West Ralphhaven,6.2,8.2,59,0,1.8,9,6,5,1.4,104,14,2.9,2.1,1.2,Other,2,4.7,10
Jonathan Jimenez,17,Male,East Danielmouth,4.6,4.7,88,6,1.9,8,1,6,1.6,66,19,1.9,0.5,0.7,Browsing,6,7.1,9.8
Tom Hall,16,Male,Kathyland,3.2,6.7,81,8,0.8,1,8,8,0.5,75,6,3.8,0.8,1.5,Browsing,10,4.8,7.2
Jane Carpenter,16,Male,Snyderhaven,5.9,7.7,93,3,1.5,7,1,10,0.9,99,11,3.2,1.7,1,Other,3,8.4,10
Regina Bryan,18,Male,Georgemouth,5.8,5.5,95,5,0.6,9,3,3,1.1,89,8,1.4,1.9,2.2,Education,6,6.7,9.7
John Gonzalez,19,Other,Lake Tiffany,3.3,6,89,6,0.1,3,10,8,0.1,124,15,2.4,1.5,0.6,Browsing,2,7.4,9.7
Wendy Jennings,16,Other,East Christopherfurt,5.6,4.1,92,6,0.5,9,2,10,1.1,38,9,2.8,2.2,1,Browsing,5,7.3,10
Jacob Bryant,15,Female,Smithfurt,6.7,6.5,50,5,1,6,4,4,1.6,71,10,1.3,1.4,1.6,Other,10,6,9.6
Gabriela Mason,14,Male,Frostfurt,8.3,7.9,59,10,0.5,9,5,4,0.3,117,19,1.6,2,2,Education,9,3.7,10
Kimberly Gonzalez,17,Other,Johnsonbury,7.7,9.3,68,7,0,6,3,3,0.1,73,13,3.3,0,0,Education,10,6.5,10
Cory Wade,19,Male,Aliciaburgh,3.6,7.4,97,4,0.8,6,5,7,0.8,32,8,3,0.4,2.3,Education,8,8.3,5.5
Margaret Ortega,16,Female,South Joshuaton,4.6,6.3,74,0,1.4,8,9,9,0.5,58,12,3.3,0.3,0.8,Social Media,4,10.1,8.6
Sandra Ellis,18,Other,North Elizabethfort,4.5,7.3,50,9,0,7,8,10,1.7,28,6,1.3,2.2,1.7,Browsing,7,3.6,6.1
Gary Hayes,15,Other,Rhodeschester,6.2,6.2,56,1,0.3,9,2,8,1.4,89,15,2.4,1.7,0.9,Gaming,8,6.3,10
Angela Williams,14,Other,Claytonberg,4.1,6.8,78,3,1,3,7,10,1.9,103,20,3,0.2,2,Other,1,8.1,10
Tina Porter,18,Other,New Charles,8,5.9,84,5,1.6,7,6,3,0.5,34,17,4,0.9,0.9,Education,3,9.5,10
Stephanie Becker,13,Male,Brandonside,6.2,3.8,72,9,0,6,4,3,1.2,40,19,3.5,0.2,0.7,Education,7,4.9,10
Jennifer Winters,19,Male,Port Daniel,8,5.7,57,7,0.5,7,3,9,0.5,29,13,1.7,0,0.5,Social Media,2,5.6,10
Brett Bray,19,Female,West Christopherborough,4.3,4.9,100,8,2.2,2,6,3,1.1,124,9,2.2,0.8,0.4,Browsing,10,4,9.1
Tonya Parks,14,Male,Deckerbury,6.6,8.7,89,4,0.9,1,4,9,0.1,67,10,4.7,2.7,0.8,Social Media,2,6.8,10
Todd Peterson,19,Other,Levychester,4.3,5.4,80,5,1.1,1,8,6,0.5,23,13,2.1,2.2,0.6,Social Media,8,7.1,9
Diane Horn,19,Other,North Monica,2.5,6.7,90,10,0.3,7,7,3,1.2,41,9,2.9,2.8,0.9,Education,10,9.1,7.5
Kelly Marshall,16,Male,Wayneborough,6.2,7.1,51,1,0.4,3,1,6,1.1,21,11,2.8,3.3,0.7,Browsing,10,8.2,10
Casey Morton,18,Female,West Brian,5.9,5.9,58,0,1.6,9,4,9,0.4,44,10,2.8,2.4,0.3,Education,3,6.5,10
Juan Brown,14,Other,Campbellburgh,2.7,6,71,5,0,1,4,5,0.2,145,7,1.8,3.2,0.2,Social Media,9,5.9,9
Richard Smith,13,Female,Sandraville,4.6,5.5,52,3,0.6,1,6,3,1,57,7,2.1,0.7,0.6,Browsing,5,2.3,7.2
Shaun Bailey,15,Other,Port Nicholasfort,1.7,5.4,50,10,1.5,4,2,4,0.5,75,6,3.2,1.1,0.2,Education,1,7.1,6
Denise Williams,13,Other,Lake Dannybury,5.9,6.4,79,10,1.6,4,5,5,0.2,117,15,2.8,2.5,0.6,Browsing,2,6.7,10
Darius Fry,15,Other,East Brenda,6.1,7.3,94,0,0.2,8,3,4,0,54,16,5,1.7,0.7,Education,9,7,10
Joseph Morales,18,Male,Lake Stephanie,8.2,6.1,60,8,0.9,6,3,7,0,47,16,5,1.1,0.8,Education,3,4.9,10
Joshua Reyes,16,Male,North Maria,4.6,4.4,59,5,0,4,5,1,0,149,18,2.1,3.5,1.9,Other,7,5.2,10
Whitney Thompson,17,Other,West Benjaminview,2.3,7.2,55,10,1.2,5,7,4,0.1,141,6,3.6,2.4,1.6,Gaming,8,5.8,8.7
Donald Hernandez,13,Male,Shermanland,6.3,6.6,58,6,1.2,1,1,10,0.5,47,14,2.3,1.4,1.3,Browsing,1,5.1,10
Carly Garcia,19,Female,New Ryan,6.8,6.9,100,7,1.1,1,7,7,0,68,17,2.9,2.1,0.8,Gaming,10,6.2,10
Cathy Fisher,14,Male,Lake Jose,4.7,6.1,59,10,0,5,8,2,0.5,111,8,2.1,3.1,2.4,Social Media,9,7.2,10
Christopher Cox,16,Male,New Joseph,5.3,3.2,74,8,0.8,9,4,4,1.1,69,13,1.2,1.1,1.4,Social Media,1,5.7,10
Kathy Guerrero,15,Male,New Stacy,3.5,5.2,59,2,2.3,9,3,10,0.8,81,14,3.5,2.2,0.8,Social Media,10,5,10
James Miller,14,Female,South Michelle,8.8,6.9,59,8,1.7,10,9,9,1.5,84,19,4.4,0.3,1.3,Education,6,6.6,10
Dennis Lozano,14,Male,West Jenniferside,3.2,6.2,86,9,1,6,1,4,1.3,130,19,1.6,2.1,0.2,Browsing,6,5.7,10
Nancy Hansen,16,Female,East Jonathanstad,4.2,6.7,63,6,0.1,2,7,10,1.6,32,15,2.1,1.4,1,Other,7,6.7,8
Jason Perez,14,Male,Amandaland,2.3,5.5,74,5,0,7,8,8,0.8,78,19,1.2,1.6,2.3,Browsing,4,7.3,7.7
Matthew Lambert,17,Female,Summerland,5,8.9,78,9,0.5,7,1,10,1.1,147,13,2.4,1.7,1.8,Education,5,6.3,10
Heather Meyer,15,Male,Michaelstad,4.9,5.8,78,3,1.3,10,1,2,1.6,92,11,3.7,3.6,0.7,Social Media,3,4.2,10
Dominique Moore,15,Female,West Lynnstad,2.7,3.6,71,1,0,5,6,6,1.8,50,7,2.3,2.9,2.1,Browsing,4,10.5,8.5
Cynthia Sanchez,17,Female,East Lori,5.6,5,78,9,1.3,4,4,10,0.4,22,13,0.8,1.3,1.6,Gaming,8,5.2,8.2
Hayley Jones,16,Other,Benjaminborough,5.7,7.9,65,8,1.2,10,9,3,1.5,125,19,2.2,3.1,1.2,Gaming,5,6.4,10
Cindy Conley,19,Male,Briantown,4.4,5.9,82,10,2.3,1,10,5,1.5,94,15,2,1.4,1.4,Browsing,10,9.4,9.7
Hayden Hernandez,16,Male,Christophertown,6.1,5.7,78,9,0.9,2,5,2,1.2,122,16,3.7,1.2,1.8,Gaming,1,5.8,10
Jessica Hodges,18,Other,South Heatherside,5.2,9.5,89,1,0.5,10,10,3,0.4,133,16,3.4,0.7,0.9,Education,1,7.1,10
Kylie Cohen,18,Female,Shannonhaven,5.4,5,90,6,0,2,5,4,1.4,59,19,1.8,0.2,1.3,Social Media,1,5.4,9.9
Sheila Wright,16,Male,Sandraburgh,4.6,5.9,81,7,1.5,6,1,7,1.2,53,5,0.4,2,1.7,Browsing,6,9.5,6.1
Rodney Sparks,14,Male,New Rebeccastad,2.1,6.7,71,10,2.1,4,1,8,1.2,22,7,3.2,1.4,1.5,Browsing,7,7.4,5.2
Robert Silva,17,Male,East Rachelborough,6.2,6.7,96,8,0,5,2,6,2.1,35,19,3.9,0.7,2,Education,3,6.6,10
April Chen,19,Female,Morristown,5.6,4.5,51,2,1.4,9,4,4,1.1,143,11,1.7,1.6,0.5,Social Media,3,8.5,10
Michael Gibson,16,Male,Carolport,7.8,3.9,82,4,0.4,10,1,2,1.1,96,5,2.2,2.4,1.5,Social Media,7,4.4,10
Shelley Kim,14,Female,Gabrielleside,6.2,6.6,74,8,0,8,1,8,1.4,84,13,1.2,1,0,Other,3,7.4,9.4
Paul Church,17,Female,Katelynborough,8,5.8,95,5,0.1,6,4,9,0.3,136,6,3.2,1.7,0.5,Other,5,8.4,10
Steven Prince,18,Other,North Jordan,2.5,3.4,55,9,0.9,6,3,7,0.5,125,5,1.5,1.2,1.7,Social Media,7,4.8,7
Elizabeth Oliver MD,14,Female,Port Melissa,5,5.8,76,6,1.2,7,9,10,1,27,15,3.3,2.4,0.1,Social Media,6,9,10
April Rose,19,Other,Hicksview,6.3,10,82,10,0,9,6,4,2.3,58,14,2,3.6,1.3,Education,1,4.6,10
Gina Miller,16,Female,Davidtown,6.7,3.5,55,5,0,2,1,7,1.9,84,5,3.6,2.1,1.7,Education,10,7.7,10
David Vazquez PhD,18,Female,Phillipsburgh,1.4,4.5,66,7,0.4,8,10,1,2.1,113,17,2.7,2.5,1,Social Media,9,7.7,10
Ryan Schmidt,15,Other,South Edwardfurt,3,3.8,96,9,1.3,8,5,8,0.6,107,5,2.2,1.2,1.6,Social Media,9,4.9,7.6
Austin Hampton,19,Other,New Frederick,1.9,4.3,68,8,1.8,6,6,1,1.5,100,6,2.2,1.3,1.5,Social Media,8,7.7,6.4
Patrick Watson,16,Male,Port Dakota,2,8.3,61,8,0.3,1,6,9,0.9,42,14,1.6,2.7,1.7,Other,8,5.2,5.8
Miranda Lee,15,Male,North Henryfort,11,8.1,75,8,0.3,8,7,8,0.3,139,19,3.2,4,1.2,Social Media,5,4.1,10
Adam Berry,14,Male,West Lisa,4.3,9.3,93,9,0,4,3,2,1.5,106,18,3.6,0,1,Education,7,4.5,9
Carol Hughes,16,Other,Richardville,2.5,6.2,100,0,1,3,5,10,0.5,115,16,2.7,1,2,Gaming,4,1.2,8.6
Richard Williams,18,Male,West Joseph,8.5,4.9,63,4,1.4,3,7,5,1,90,18,2,0,0.9,Other,2,6.8,10
Jamie Salas,15,Female,North Jacobstad,10.6,7.5,81,9,2.5,9,8,8,0,39,12,1.1,2.4,0.5,Other,7,2.5,10
Elizabeth Olson,15,Female,Nixontown,8.9,3.5,91,3,1.5,8,4,6,1.2,77,6,1.2,1.4,1.1,Social Media,5,8.1,10
Jennifer Myers MD,18,Female,Samanthafort,4.7,7.2,84,8,0.6,1,9,3,1.4,61,19,3.7,2.2,1.1,Browsing,5,5.7,10
Thomas Kim,14,Male,North Gregoryside,8.9,6.5,75,0,0.8,5,9,1,0.5,64,20,3.8,1.3,1.5,Other,2,8.4,10
Theresa Thompson,17,Other,Lake Scott,5.8,5.6,83,0,0.1,3,2,5,1.3,136,15,1.6,2,1,Education,1,6.8,10
Michael Diaz,18,Male,Samanthaborough,2.6,8.8,55,8,0.9,5,9,4,0.3,132,14,2.1,2.3,2.1,Browsing,6,3.9,8
Raymond Williams,19,Male,Port Rachelbury,7.1,6.3,63,9,1.2,9,4,10,2.2,137,16,3.2,1.3,0.2,Education,3,7.1,10
Patricia Smith,16,Female,Dawnmouth,7.9,7.6,68,0,2.4,4,9,6,0.7,32,18,2.5,2,0.4,Social Media,6,7,10
Ronnie Allen,15,Male,West Sandra,5.1,6.5,58,5,0,7,1,4,0.5,99,18,1.4,2.6,1.1,Gaming,3,7.7,10
Joseph Smith,17,Male,West Gregorystad,6.4,4,72,7,0,7,6,4,0.6,78,7,4.9,2.4,1.3,Social Media,10,7.4,10
Kaitlin Riley,15,Male,Sarahside,8.2,8.7,84,8,0.5,3,3,5,0.8,78,17,1.1,3.6,1.3,Browsing,10,6.6,10
Lauren Chung,16,Female,Jacquelinehaven,4.1,9.5,51,6,2,4,7,6,0.8,56,6,1.6,1,0.8,Browsing,1,6.1,4.3
Troy Mann,14,Female,Martinezton,6.7,7.6,79,5,0.7,4,4,5,0.7,112,20,2.2,1.4,0.3,Education,4,1.5,10
Ryan Salas,16,Other,Jeffreytown,5.8,6.2,66,10,0.9,4,3,9,1.2,135,5,2.2,0.2,1.1,Other,1,6.6,8.8
Nicole Long,15,Female,South Jacob,3.2,6.8,63,3,0,4,9,1,0.6,126,19,2.8,3.1,0.6,Other,1,4.9,10
Mary Murphy,16,Male,Lopezview,4.1,9.3,54,10,0.6,5,7,2,1.6,73,12,4.1,0,0.6,Browsing,6,4.7,7.4
Gary Jones,18,Male,Zacharyland,2.9,3.9,60,9,0.7,4,8,10,0.3,87,15,1.4,0.7,2.2,Other,1,5.7,7.8
Justin Brown,19,Male,Port Nathanport,4.4,6.4,77,8,1.7,8,10,2,0.5,144,13,2.9,0.7,2,Social Media,8,6.9,10
Abigail Lowery,18,Female,Gregorymouth,6.5,8.9,68,7,1.5,4,3,9,1.5,20,9,2.4,0.6,1,Social Media,7,7.9,7.3
Tracey Barnes,13,Female,East Stanleyland,5.7,7.9,50,3,3.4,5,8,5,1.1,47,14,2.8,2.1,0.4,Browsing,5,7.7,10
Alexandra Koch,16,Other,North Thomas,4.9,5.8,94,4,0.2,2,6,7,1.6,58,14,1.9,1.2,0.1,Other,8,7.3,9.1
Jonathon Horton,13,Male,South Taylortown,4.7,7.5,83,9,0.9,4,1,7,0.9,149,11,1.7,2.5,0.1,Gaming,10,7.6,10
Andrew Huber,13,Male,East Michelleland,4.2,4.2,70,2,0,10,2,10,1.5,80,14,2.4,0,1.1,Other,4,4.6,8.9
Samantha Johnson,18,Other,North Caitlin,5.4,9.1,98,2,0,6,7,1,1.4,29,19,3.1,2.4,1.4,Education,3,3.9,10
Leah Collins,14,Other,East Amandastad,3.5,8,88,4,1.1,8,2,7,1.3,38,15,2.8,1.9,1.6,Browsing,5,6.4,8
David Maxwell,14,Male,North Nicoleside,3.8,3.9,100,8,1.2,5,2,5,0.5,135,5,0,2.5,2.3,Education,3,3.9,8
Richard Holder,18,Male,East Paul,6.6,7.5,79,7,0,10,7,9,0.4,26,16,2.3,2.3,0.6,Other,3,3.8,10
Andrew Lambert,13,Male,New Kevin,5.4,6.1,82,5,0.8,8,6,8,1.6,79,5,2.1,1.6,0,Gaming,3,7.9,8.6
Edward Melton,13,Other,North William,4.4,5.7,75,9,1.8,5,5,9,0.7,76,13,2.9,0.6,1.6,Other,7,9.9,9.2
George Williams,16,Female,Palmerport,6.3,6,59,1,1.9,10,8,9,0.5,37,12,0.5,0,0,Browsing,2,4.8,6.9
Julie Jones,19,Female,Lake Laurentown,8.5,6.4,54,9,1,4,5,6,0.5,23,18,1,1.6,2.1,Gaming,6,3.9,10
Annette Smith,16,Male,Hughestown,4.1,6.4,74,6,0.4,5,10,9,1,116,18,1.4,0.4,0.3,Education,8,4.8,8.6
John Jackson,16,Male,Port Garybury,6.3,9.1,64,1,0,5,3,4,1.6,106,7,1.2,2.4,0,Browsing,6,2.1,8.9
Richard Richardson,14,Other,Port Brendachester,6.3,4.9,89,8,0.4,9,7,3,0.5,134,18,4.4,0,1.6,Other,6,4.6,10
Nicole Valdez,15,Male,Martinfurt,5.4,3.6,97,2,1,6,8,8,1.2,99,11,2.6,0.4,1.2,Gaming,1,8.2,10
Jonathan Little,17,Female,West Kenneth,7.3,6.6,97,2,0.2,5,7,4,1.2,74,13,3,1.5,0.8,Browsing,7,4.9,10
Abigail Cox DDS,13,Other,Jasonburgh,6.8,7.5,100,2,0.1,1,5,1,0.6,36,11,3.3,1.4,1.2,Social Media,3,5.1,10
Kelly Gibbs,14,Other,Chavezmouth,5.1,6,94,10,0,1,6,9,0.7,98,14,3.9,1.4,0.6,Browsing,3,5.1,10
Robert Novak,15,Other,Lake Carolberg,5.1,4.7,85,5,0.4,10,5,8,1.1,57,6,1.3,1.2,0.7,Browsing,7,4.7,7.6
Justin Fleming,14,Other,Sandersland,3.5,6.4,60,10,2.3,2,6,5,1.5,35,14,3.5,0.6,1.3,Social Media,9,5.9,7.9
Regina Carey,17,Female,Katherinetown,0,8.1,75,2,0.7,4,9,7,0.6,138,11,3,2.8,1.3,Education,1,6.3,6.7
Michael Johnston,17,Other,Lake Ruthtown,5.3,5.5,75,7,2.1,6,8,10,0,38,7,3.7,2.3,0.7,Other,3,2,10
Autumn Lee,18,Male,West John,6.8,4.5,63,0,0.6,7,8,7,2,83,16,1.8,1.3,1.6,Social Media,3,6.5,10
Ashley Jones,15,Female,South Jessicatown,6.6,4.9,95,9,1.6,2,7,6,1.8,86,11,0.4,1.7,1.4,Other,8,7.1,10
Nicole Ferguson,18,Male,Wareshire,4.9,7.5,67,2,2.6,1,9,9,1,87,16,3.6,2.6,0.5,Other,6,5.7,10
Kevin Smith,17,Female,New Jason,8.4,7.1,90,2,2,7,7,8,1.2,71,9,1.3,1.4,1.5,Education,3,8.9,10
Sara Moore,18,Male,Schwartzborough,3.8,5.6,98,5,0.7,8,6,10,0.9,75,17,1.4,0,2.2,Browsing,4,4,7.3
Daniel Moran,15,Female,Port Jennifer,6,9.2,84,5,1,7,9,5,0.8,128,20,2.1,0.5,0.9,Browsing,2,3,10
Karen Alvarez,15,Female,East Andrewport,3.6,10,54,9,0.3,4,8,8,1,28,7,4.2,2.7,0.2,Other,3,4.9,7.5
Carl Cantu,15,Male,New Shannontown,4.3,6.5,64,3,0.6,10,7,4,0,67,20,3,2.8,0.7,Social Media,9,8.3,10
Steven Brown,13,Other,New Peter,9,8.1,92,1,1.1,1,5,3,0.9,21,18,2.9,0.9,0.9,Gaming,7,7.3,10
Frank Massey,13,Female,Thomasville,6.1,4,98,10,0.6,3,9,8,1,51,17,1.3,1.3,0.8,Education,8,9.6,10
Sabrina Burns,16,Female,Dianeport,4.2,7.6,57,0,0.5,8,8,4,1.6,102,5,3.2,2.4,0.7,Gaming,1,9.2,9
Teresa Reid,15,Female,West William,5.7,6.4,57,7,0,7,9,2,1.3,146,8,3.2,0.7,1.6,Other,6,7.6,10
Molly Daniels,17,Male,North Catherine,2.9,6.1,85,1,2,1,5,4,1.1,27,14,3.1,0.3,0.8,Gaming,1,4.4,6.6
Joseph Grimes,14,Other,West Steven,8.8,8.3,95,7,0,7,6,9,1,59,12,2.5,0.2,0.8,Other,4,6.3,10
Karla Carter,18,Male,South Meganmouth,9.3,5.5,51,8,2.1,1,1,6,1.2,85,6,3.3,2.6,1.4,Gaming,8,7.8,10
Melinda Gill,15,Female,East Aaron,3.6,6.1,89,0,0.8,2,1,5,1.6,26,15,3,1,1.7,Gaming,7,6.5,8.1
Vickie Olson,16,Female,North Cheryl,5.6,7.5,58,10,0.2,5,3,7,0.4,111,11,3.1,1.7,0.1,Social Media,4,4,10
Stacey Rivera,16,Other,East Kellistad,5.2,5.2,63,7,0,3,6,5,1.4,86,6,2.7,2,0.1,Education,6,5.8,10
Eric Briggs,14,Other,Port Staceyhaven,4,6.2,65,3,0.9,7,8,3,1.2,39,8,2.3,0.8,2,Social Media,4,5.7,6.4
Christopher Ramsey,18,Male,New Daniel,1.3,5.4,65,5,2.6,2,10,3,0.7,55,12,1.4,1.9,1.3,Gaming,7,3.5,5.4
Alyssa Tucker,18,Other,Lisafort,6.7,6.7,83,7,0.9,2,8,1,1.1,84,20,3.5,0.6,0,Social Media,3,6.8,10
David Castillo,13,Other,Moralesport,5.7,5.8,50,3,0.6,5,7,7,1.1,121,18,2.4,2.4,0.8,Other,4,4.4,10
Edward Snow,15,Other,Delgadoside,3,8.2,94,1,0.5,1,4,6,0.8,132,12,3.2,0.2,1.1,Browsing,2,4.9,7.3
Gary Hudson,14,Other,Barajastown,1.2,5.9,59,5,0,10,6,8,0,95,18,3.7,1.1,1.8,Education,7,1.8,8.5
Amy Johnson,16,Male,Landryfort,6.5,7.5,90,3,2.7,9,10,2,2.1,85,16,1.3,1,1.3,Education,2,8,10
Corey Carter,16,Other,Andremouth,4.5,3,57,1,2.5,1,9,6,1.2,108,6,2.2,0.9,0.2,Browsing,7,6,9.5
Christina Keller,17,Female,Reynoldsland,3.3,4,68,1,1.8,1,3,4,0.7,20,17,3.1,2.6,1.4,Gaming,10,6.3,10
Sherry Elliott,13,Male,South Amber,6.5,8.1,61,5,0.4,7,4,9,2.2,98,6,3.6,1.8,1.1,Browsing,8,2.5,10
Sharon Roth,16,Female,Lake Molly,7.7,6.9,81,10,1.3,5,2,9,1.7,75,16,3.8,2.9,0,Other,6,4.8,10
Michael Craig,14,Female,West Melissaburgh,6.5,9.1,59,8,1,6,7,8,1.3,26,5,1.7,0.7,1.3,Gaming,3,6.2,5.9
Jerry Patterson,17,Female,Alvarezborough,6.7,6,60,8,1.9,7,8,4,1.7,36,10,2.5,2.2,2.1,Browsing,1,6.8,10
Rebecca Ortiz,14,Female,West Stephanie,2.4,6.6,75,8,0.5,3,8,4,0.5,136,14,2.8,2.1,0.1,Gaming,6,9.2,9.5
Dan Murphy,17,Male,Lowemouth,5.1,6.5,54,7,0,4,10,10,0.9,59,20,2.9,0,0.8,Other,4,6.4,9.9
Stephen Norris,14,Other,East Zachary,6.9,4.2,59,8,1.1,10,10,5,0.9,65,5,2.6,3,0.4,Education,3,7.9,10
Michael Young,18,Female,Debrashire,6.8,7.6,60,6,1.1,2,7,1,1.4,77,11,1.1,2.9,2.2,Social Media,1,4.6,10
Jamie Cunningham,18,Male,South Kathryn,3.5,5.5,79,4,1.3,7,4,3,0.8,118,12,3.1,1.3,0.8,Social Media,4,7.5,9.9
Heather Reyes,13,Male,Gonzalezmouth,6.3,6.6,56,3,0.9,9,3,9,1,82,13,2.8,2.2,0,Social Media,1,5.7,10
Kenneth Vega,16,Other,New Chris,3.2,6.5,97,1,2.6,8,2,7,0.9,50,13,2.1,2.2,1.2,Education,9,5.3,7.9
Adam Mccormick,14,Other,Gonzalezview,6,7.1,69,3,1.3,7,9,6,1.5,53,12,3,1.3,0.2,Browsing,5,4.8,10
Ian Hughes,16,Female,North Nathaniel,1.9,6.7,89,10,1.8,1,6,9,1,35,19,2.4,0.9,0.6,Browsing,8,5.7,6.4
Ryan Moreno,18,Male,East Alejandro,9.4,3,62,0,1.7,10,9,2,1.3,101,20,1.5,1.7,1.1,Gaming,8,3.5,10
Robert Daniels,15,Male,New Mia,7.6,5.2,82,2,1,5,5,1,0.8,67,5,1.8,1,0.6,Gaming,1,7.4,10
Ryan Richards,14,Male,Erikastad,6.3,6.5,81,8,1.1,4,4,8,0.9,140,6,2.8,1.8,0.6,Education,5,9.5,10
Dawn Clark MD,19,Male,Edwardside,5.4,8.4,69,3,1.4,1,2,2,0.3,57,18,2.9,1.9,0.9,Browsing,10,2.9,10
Zachary Lee,18,Female,Mcculloughfurt,6.6,7.2,97,6,0.5,9,7,5,0.5,35,13,4.9,0.1,1.6,Education,5,4.9,10
Alexandra Gonzales,19,Other,North Danielville,2,7.1,68,2,1.9,8,1,1,0.6,145,11,2.6,0.8,0.2,Social Media,7,5.7,7
Todd Oneal,19,Male,Duffyhaven,3.5,7.7,81,4,1.2,2,6,9,1.6,104,10,2.8,0.7,0.2,Browsing,6,9.1,7.2
Christina Robinson,19,Male,West Anthonyland,5.2,7.5,95,7,1.1,2,6,9,1.9,48,10,2.5,2.5,1.3,Gaming,1,1.3,9.4
Julia Terrell,15,Other,Jenniferbury,9.1,8.8,96,8,1.3,1,7,8,0.6,21,8,3.8,1.9,1.4,Other,1,8.8,10
Amanda Lee,19,Male,Richardsonberg,4.4,7.1,74,1,0.8,3,9,2,1.7,54,11,2.7,1.6,1.7,Other,10,6.3,8.4
Amy Gregory,16,Female,East Dustinhaven,5.8,7.3,84,3,2.1,8,8,9,1.6,45,6,3,1.8,0,Browsing,7,6.7,9
Jesus Cruz,18,Other,East Ashleyview,0,7.1,83,0,1.9,10,3,6,2,77,11,1.1,2.3,1.5,Education,6,9,3.6
Yvonne Mccoy,17,Male,Lake Matthewside,6.2,5.2,56,6,2,2,3,6,1.4,85,17,1.8,0,0,Social Media,10,6.8,10
John Benson,14,Other,Nolanside,2.1,7.1,50,1,0.9,2,1,8,0.6,26,18,3.3,0.8,0,Education,8,7,6.8
James Anderson,14,Other,Lake Kenneth,4.2,6.3,63,3,0.8,8,7,3,1.2,70,6,2.4,2.5,1.6,Education,4,7.2,8.5
Robert Hodges,19,Other,North Michael,3.1,5.5,76,4,1.7,6,8,1,1.3,87,9,1.8,0,2.3,Social Media,3,6.9,5.7
Tina Chang,13,Other,South Joechester,2.4,7,91,8,1.2,1,1,4,2.1,108,11,1.9,1.4,0.3,Education,8,7.4,6.6
Alexis Hawkins,17,Male,Simsmouth,6.5,7.1,85,9,1.6,4,9,9,1.8,113,13,2,0.9,1.5,Browsing,1,4.6,10
Kelly Pollard,18,Other,Scottside,5.2,7.5,90,9,0.2,1,5,4,1,82,16,3,0.4,0.5,Other,7,2.9,9.7
Gabriel Smith,14,Male,Blackfurt,2,8,65,5,0,1,1,5,1.1,51,5,2.4,1.3,1.6,Other,6,6,3.7
Jessica Ortiz,15,Male,Kelleyland,5.3,6.5,86,6,1.3,6,7,1,1,91,8,0.8,3,1.3,Browsing,4,8.2,9.3
Christopher Bradley,19,Other,Brookston,5.5,8.5,93,6,2.1,8,8,2,0.7,27,6,0.4,2,1.1,Education,5,3.8,5.4
Alexis Carrillo,18,Female,Matthewtown,4.1,5.9,93,10,0.9,6,9,6,1.3,24,18,1.9,2.1,1.3,Education,2,8.4,9.2
Jenna Silva,15,Female,East Mark,3.2,7.4,100,2,2.4,10,8,7,1.2,114,7,3.7,3.1,0,Education,5,7.4,10
James Johnson,13,Other,Melissaland,1.3,7.1,73,4,1,7,1,8,2.1,38,11,1.6,0.7,2.3,Education,5,8.8,3
Zachary Herman,16,Male,Port Hollymouth,4.7,8.3,54,5,0.4,9,5,6,1.8,71,14,2.5,2.3,1.9,Gaming,8,4.7,9.6
Jaime Barajas,18,Female,West Timothyshire,0,7.3,90,3,0.1,10,9,6,1.2,34,18,2.1,1.8,0.2,Education,7,9.4,4.5
Heidi Foster,14,Other,Wellschester,7.4,5.9,98,7,0.1,7,5,3,1.8,124,13,2.4,1.5,1,Browsing,10,7.6,10
Lynn Floyd,16,Other,Callahanhaven,6.1,4.3,75,6,0.6,3,2,6,1.2,103,7,4.9,1.5,0.2,Browsing,5,6.2,10
Michael Dudley,14,Male,West Jasonstad,9.5,5.8,68,7,1.3,3,9,9,1.3,113,17,2.5,2,0.2,Social Media,3,7.6,10
Michael Brown,19,Female,Jonathanstad,5.7,7.9,93,0,0,7,6,6,1.7,87,8,1.4,2.5,1.8,Gaming,1,7.3,9
Teresa Wilson,14,Other,Port Donaldberg,6.8,5.6,74,1,1.3,2,4,10,1.5,99,19,4.1,0.9,0.3,Social Media,2,6.3,10
David Oliver,17,Other,Melendeztown,5.7,7.2,82,5,1.9,9,9,7,1.2,66,20,3.8,1.2,0.5,Education,9,4.9,10
Mark Quinn,14,Male,Port Travis,0,5.2,65,1,1.7,5,7,2,1.4,144,16,2.6,1.9,1.4,Social Media,6,5.3,8
Paul Nguyen,13,Other,Port Kristin,3,6.5,89,5,1.5,6,4,7,1,92,7,1.8,2.4,0.1,Social Media,9,7.1,7.2
James Olson,15,Female,Masonside,3.5,3.2,84,3,0.1,4,10,6,0.7,131,16,1.9,1,2,Other,4,8.2,10
Linda Andersen,14,Male,Dannyport,6.8,6.8,87,2,0.6,7,9,2,1.3,73,9,3.8,1.1,2,Education,10,7.2,10
Juan Travis,19,Female,Scottside,7.9,7.9,91,6,0.6,4,7,6,1.2,79,9,2.3,3.3,0.3,Gaming,2,9.4,10
Melissa Rivera,14,Female,North Jaredberg,5.1,7.4,98,4,1.4,4,9,10,1.8,105,8,1.5,1.3,1.9,Education,7,5,7.9
Natalie Phillips,18,Female,Williamtown,5.7,9,61,4,1.3,9,7,6,0.1,133,9,4.4,1.8,0.1,Social Media,1,6,10
Paul Dunn,16,Other,New Deniseville,3.1,4.2,61,9,1.1,10,3,7,1.1,112,11,2.2,0.4,1.7,Gaming,6,4.2,8
Jessica Berg,18,Male,Carsonshire,0.6,7.8,74,0,1.1,9,3,2,0.2,142,17,3.7,1.7,1.1,Browsing,10,6.2,8.3
Joseph Adams,13,Female,Deniseville,3.7,4.3,67,9,1,4,9,1,1,22,17,2.8,1.2,0.8,Browsing,5,10.4,9.4
Amanda Johnson,14,Female,Leachbury,6.5,5.1,62,3,0.9,4,5,3,0.8,69,13,3.5,2.1,1.6,Gaming,9,3.8,10
Robyn Ryan,18,Other,Port Adriantown,6.1,3,61,8,1.8,3,7,8,1.1,45,14,2.8,0,0.9,Gaming,4,4.5,10
Daniel Hughes,16,Female,Stevenmouth,4.4,7.4,74,2,0,1,8,3,1.3,107,6,3.3,0.8,2,Other,9,3.6,8.1
Theresa Ford,17,Other,East Anita,3.5,6,86,6,1.9,5,6,5,0,125,7,2.8,0.4,1,Other,10,8.3,7.6
Steve Dillon PhD,17,Female,East Isaacmouth,7.1,7.1,57,2,0,5,9,4,0.4,82,18,2.1,3.2,1.7,Browsing,1,4.4,10
Brandon Cole,16,Other,New Kevintown,4.9,8.5,70,5,0.3,2,6,10,0.5,76,15,2.7,1.3,1.7,Education,1,5.6,9.2
Cody Torres,19,Male,South Teresaside,4.1,5.6,74,10,0.9,9,9,9,1.4,125,16,3.2,2.3,1,Browsing,10,6.2,10
Dustin King,19,Female,South Rachelborough,6.8,5.8,72,8,0,2,8,2,0.6,32,18,1.1,2.2,1.2,Education,9,6.2,10
Donna Ross,13,Male,South James,4.7,5.8,87,0,0.9,4,6,2,0.9,149,11,3.8,1.4,1.2,Gaming,4,2.8,10
Jennifer Wilson,18,Male,Huntview,6.3,6.1,82,8,1.6,9,8,10,0.8,125,5,3,3.1,0.5,Education,9,4,10
John Duncan,16,Female,Dillontown,5,7.1,63,5,1.8,4,3,9,1,105,12,2.2,1.5,2.2,Other,8,1.9,9.6
Mario Jefferson,19,Male,North Lori,6,7.9,88,10,1.2,8,9,3,0.5,65,5,3.1,0.4,2.1,Gaming,8,9.4,7.8
Sarah Rivera,14,Other,Ericfurt,5.8,6.4,68,4,1.3,6,8,5,0.8,144,5,4.7,2.6,0.8,Social Media,6,5.8,10
Jonathan Smith,19,Other,Dianashire,5.8,6.3,78,6,0,6,7,9,1.2,63,20,5,1.8,1.6,Education,2,4.6,10
Candice Kennedy DDS,14,Other,West Stephen,3.3,8.7,71,6,0.3,9,5,5,2.1,63,12,1.8,1.3,0.6,Social Media,3,5.6,5.7
Charles Martin,18,Male,New Scotttown,5,6.1,70,9,1.1,8,5,6,0.6,93,15,2.9,1.6,0.8,Social Media,8,6.8,10
Tina Powell,13,Female,Heatherland,8,5.9,80,9,1.3,10,9,4,1.9,28,6,1.5,1.6,1.2,Other,9,5.9,9.9
Benjamin Baird,16,Male,Taylorview,0.8,6.8,65,5,1.4,5,7,1,0.7,138,14,4.2,0.9,0.3,Other,6,6.5,8.1
Scott Whitaker,16,Male,Port Cherylland,2.6,5.5,52,2,1.8,10,7,9,1.2,29,19,2.9,2.5,0.7,Browsing,2,2.9,9.6
Laura Carter,17,Other,Port Tracytown,6.7,5.2,89,2,0.2,8,9,6,1.4,76,5,3.7,1.2,0.8,Browsing,8,5.4,10
Ronald Jones,15,Other,Ramirezstad,5,4.1,54,7,0,1,8,5,1.6,136,18,2.8,2.5,0.1,Browsing,6,6.4,10
Kathleen Fischer,14,Female,Westburgh,4.9,4.1,54,8,1.6,5,10,9,0.7,82,8,1.8,1,1.9,Gaming,4,10.3,8.9
Anthony Ewing,15,Female,Lake Melissahaven,5.5,6.5,54,2,0.7,10,10,7,1.5,36,15,1.8,1.8,0.8,Education,2,8.2,9.6
Paula Walters,14,Female,Hannahside,7,4.4,56,10,2.4,7,6,8,1.1,25,6,2.5,3.4,1,Browsing,7,7,10
Tyler Wilson,15,Female,Fryehaven,5.7,5.4,51,1,0,3,10,2,0.7,67,10,4,1.2,1.6,Other,8,8.3,10
Keith Molina,19,Male,Lake Mitchell,3.8,8,57,8,1.5,3,9,4,0.1,129,8,2.2,4,0,Browsing,3,4.9,10
Troy Jones,14,Other,North Paigehaven,6.1,6.8,59,8,1.9,6,2,1,1.7,60,19,3.1,0,0.1,Social Media,3,5,10
Lucas Gonzalez,13,Male,West Tiffany,4.1,8.6,88,1,1.1,6,3,4,0.8,21,17,2.8,0.7,0,Social Media,10,4.6,7.1
Victoria Robertson,13,Male,South Christopherstad,5,4.8,60,5,0,9,9,8,0.9,42,14,3,1,0.9,Education,3,1.8,10
Michael Parker,15,Male,West Robert,6.9,7.9,50,5,1.4,10,10,1,0.8,55,19,2.9,0,1.9,Social Media,6,6,10
John Harris,18,Male,Hoodton,7.3,6.8,68,3,0.3,3,5,3,1.2,60,18,1.9,3.3,2.4,Social Media,10,4.9,10
Amber Graham,18,Female,Edwardsborough,7.7,7.3,92,0,1.2,10,1,7,1.1,109,18,1.6,1.2,0,Gaming,7,9,10
Corey Weaver,14,Male,Jamesfort,2.6,7.3,54,8,0.1,3,4,6,0.3,103,15,2.2,1.8,1.3,Gaming,3,4.8,8
Pamela Mendoza,19,Other,Beckfurt,5,6.3,78,4,1.1,9,6,10,1.6,111,12,2.6,0,0.6,Social Media,2,4.7,9.1
Amanda Green,18,Male,West Molly,6.7,8.3,98,6,2.1,1,10,6,0.6,36,6,1.7,1.6,1,Gaming,3,2.8,7.8
Lisa Rios,16,Female,New Ashley,5.3,5.9,96,5,0.1,10,2,10,1.4,143,12,3.1,1.1,0.8,Education,1,6.8,10
Lisa Figueroa,19,Female,Cynthiaberg,5.8,7.5,54,3,1.2,8,2,5,1.1,150,11,2.2,0.9,2.3,Gaming,8,9.3,10
Robert Adams,15,Other,North Matthewland,5.3,4.7,82,1,0.7,10,1,5,0,141,14,1.2,0.4,2.1,Other,8,6,10
Kevin Maddox,13,Female,West Miguel,5,7.1,89,8,1.9,7,6,4,0.9,146,6,2.5,2.6,0.8,Browsing,7,3.5,10
Brenda Wright,13,Other,Jeffreystad,2.3,6.2,58,6,1.1,3,2,1,0.7,102,11,4.6,1.5,1.9,Social Media,7,1.4,9.5
Rebecca Campbell,19,Male,Kristinmouth,7.4,5.7,95,0,0.8,1,2,3,1.5,59,6,1.7,1.3,0.9,Gaming,4,8.1,9.9
Thomas Ellis,17,Male,Grantmouth,6.1,7.4,100,3,0,6,4,3,0.4,82,15,3.9,2.5,0.2,Gaming,5,4.6,10
Justin Delgado,18,Male,Petersonport,6.7,5.8,90,5,1.5,5,9,8,0.8,131,13,3.8,0,0.5,Education,3,7.5,10
Krystal Hall,15,Other,South Christopher,4.4,8.5,59,0,0.7,10,5,5,0.7,74,7,3.2,0,0,Education,2,4.3,6.2
Brian Meyer,18,Female,New Maryville,6.3,8,56,4,1.1,2,6,2,0.7,29,20,3.2,2.3,2.6,Gaming,8,9.5,10
Michelle Shepard,13,Other,Emmashire,5.6,7.9,74,7,0.6,9,10,6,0.4,136,19,3.1,2.9,0.9,Education,4,3.5,10
Tristan Nunez,14,Other,Saraport,4.1,6.9,61,1,0.4,9,6,7,0.9,69,17,2.8,1.1,1.1,Gaming,4,8.6,9.3
William Campos,17,Male,North Matthewborough,4.7,3.9,62,2,0.4,8,1,6,0.2,62,18,3.7,1.9,0.8,Other,9,4.6,10
Donna Woodard,13,Other,Lake Davidbury,6,10,90,5,1.7,7,9,1,1,88,17,2.1,3.1,0.5,Other,6,8,10
Anna Castillo,13,Male,South James,8,5.7,65,7,0.9,7,8,3,1.4,36,10,3.3,0,0.5,Education,4,7.5,10
Shelby Stephenson,18,Female,Shannonville,6.6,7.7,55,8,3.3,9,10,2,1.2,83,11,2,1,2.2,Social Media,6,5.2,9.6
Lisa Cochran,18,Other,South Derek,6.9,10,90,5,1.8,10,9,8,0.7,96,11,2.9,3,0.5,Other,8,1.6,10
Kristina Bennett,13,Male,East Debraborough,2.1,7,88,5,0.1,6,6,2,1,51,6,3.3,1.9,1.4,Social Media,10,7.3,6
Robert Cole,18,Female,Gabrielleberg,4.4,5.7,57,7,1.6,2,10,1,1.3,49,20,5,0.7,1.8,Browsing,1,5,10
John Erickson,19,Male,Port Kenneth,2.4,8,52,8,0,4,9,8,0.9,20,20,0.7,0,0.8,Other,7,5.6,3.5
James Griffith,16,Other,Williamsville,4.3,5.4,54,1,0.5,7,2,4,0.4,61,8,3.6,2.6,1,Browsing,5,4.9,10
Eric White,14,Other,New Courtneyland,4.4,6.2,89,2,1.4,10,1,4,1.5,43,9,1.7,1.9,0.8,Education,8,1.1,7.6
Lindsay Scott,18,Other,Banksborough,4,6.7,56,9,2,2,4,4,1.4,125,10,2.1,2.5,1.8,Other,7,5,9.8
Zachary Kirby,19,Male,Bruceport,6,9.2,97,3,1.5,9,9,8,1.6,149,17,1.9,1.2,0,Browsing,3,5.2,10
Christopher Harper,16,Male,North Mark,5.3,5.6,62,7,0.7,9,4,6,0.6,97,15,2,1.8,1,Gaming,2,5.7,10
Katherine Perez,17,Female,Lake Alisonside,3.4,6.4,100,0,2.1,2,3,3,1.2,67,7,2.7,1.2,2.2,Other,4,6,6.8
Mrs. Cynthia Russell MD,17,Male,Jacobside,6.3,9.3,52,5,0.5,2,9,5,0.3,91,11,3.3,1.8,0,Browsing,2,6.7,10
Diana Hernandez,17,Other,Port Jennifershire,4.8,7,77,7,2.3,2,5,5,0.9,32,12,2.4,1.2,0.1,Other,10,6.6,7.9
David Martin,16,Male,East Mary,6,6.6,84,6,0.2,9,10,5,1.9,110,10,2.5,0.1,0.1,Browsing,9,5.9,9.5
Carrie Murphy,18,Female,Lake Heather,4.6,8,80,3,0.9,7,9,6,0.8,23,11,1.6,2.7,1.9,Gaming,3,5.8,7.6
Mary Golden,15,Other,New Melissaberg,5.2,7.5,72,6,0.4,10,10,3,0.6,96,18,2.2,0.4,0,Other,9,5.2,9.6
Pam Roach,14,Female,Kimberg,8.1,6.9,69,10,0,9,9,3,0.1,60,10,1.8,1.8,0.1,Gaming,8,7.7,10
Jacob Ferguson,13,Female,Padillamouth,7.4,8.5,78,4,1.3,10,6,9,0.5,44,20,0,1.5,0.2,Social Media,10,4.9,9.5
Samuel Perry,17,Female,West Tiffany,3.8,7.9,61,5,0,2,6,6,0.6,57,9,3.7,0.7,0.9,Other,7,2.7,7.2
Mary Anderson,16,Male,Lake Nicolechester,5.5,8.5,57,9,1,8,5,7,2.1,100,15,1.7,2,0.3,Social Media,5,6.8,10
Daniel Grant,19,Other,Lake Taramouth,7,5.9,63,2,1.1,5,3,9,1.1,89,9,2.4,1.6,0.9,Education,3,5.9,10
Patricia Mcdonald,17,Other,Rasmussenland,5,9.9,68,5,1.5,2,7,2,0.6,35,6,3.8,0,1.9,Education,10,2.4,5.7
Andrea Howe DVM,15,Other,South Emily,6.8,3.9,64,7,1,2,6,5,0.6,93,10,1.6,1.3,0.8,Browsing,7,4.3,10
Samuel Maldonado,14,Female,New Phillip,3.5,5.6,75,5,0,7,7,9,0.8,143,19,3.3,0.5,0.5,Other,10,7.7,10
Greg Sanders,17,Other,Murillobury,7.5,3.8,62,6,0.9,6,3,3,0.3,45,19,1.9,0.4,0.4,Browsing,8,4.9,10
John Collins,16,Female,Port Ashleyland,5.3,5.6,79,4,1.4,7,3,9,0.6,128,5,3.4,1.5,1.5,Browsing,6,8.6,10
Jessica Clark,18,Male,West Carlachester,4.1,6.1,78,6,2.1,4,1,5,1.7,36,16,3.4,1.8,1,Browsing,10,8.8,10
Emma Jones,15,Other,Kevinton,5.7,7.8,89,10,0,1,4,6,0.5,108,13,3.1,0.9,0.7,Other,2,5.5,10
Tammy Franco,14,Other,New Olivia,5.2,7.1,87,9,0.8,3,8,2,1,79,18,1.9,1.7,1.6,Social Media,8,7.5,10
Tracy Perry,19,Male,Evansmouth,1.4,6.5,55,1,1.1,8,2,8,0.7,133,20,0.8,0,2.3,Education,6,3.8,5.6
Rachel Harris,16,Other,Richardfurt,4.8,5.3,59,1,0,10,9,3,1.4,77,13,1,2.1,0.6,Social Media,9,6.6,9.4
Mr. Jacob Ryan,17,Other,Lake Carrie,5.3,6.4,83,4,0.5,4,1,5,1.1,145,9,2.2,1,1.8,Browsing,7,6.5,10
Kurt Singh,18,Male,Johnsontown,6.2,4.7,96,8,0.8,9,4,5,2,64,6,2.4,0.1,1,Social Media,1,5,8.8
Steven Brown,13,Female,Margaretville,9.3,4.8,73,0,0,1,1,10,1.5,114,8,2.6,2,1.5,Browsing,1,6.3,10
Daniel Klein,15,Other,East Jordan,7.4,6.8,63,1,0,9,8,1,1.7,97,16,5,3,0,Other,6,9.2,10
Jeremiah Miller,19,Other,New Tonystad,5.2,6,56,1,1.2,4,4,3,1.4,127,19,3,1.8,1.6,Social Media,3,4.2,10
Justin Williamson,19,Male,South Roy,5.5,7.1,86,10,1.4,9,6,7,1.3,72,17,4.2,2.7,1.5,Other,3,5.5,10
Robert Gardner,18,Female,Mitchellshire,4.8,6.8,51,2,0.9,7,2,10,1,79,16,2.5,0,2.1,Browsing,1,3.3,8.7
Ashley Johnson,14,Other,Lake Loriland,5.3,9.2,62,4,0.7,8,1,6,1.2,69,9,2.6,0.9,0.8,Browsing,2,7.3,7.4
Trevor Mata,14,Male,New Brittany,2.6,6.1,86,5,1.9,5,7,2,1.5,24,7,3.6,1.8,1.2,Education,2,5.7,6.8
Kevin White,13,Male,Andrewview,2.7,7.5,73,6,1.4,8,4,1,0.9,65,16,3.4,3.3,2.5,Browsing,3,7.3,10
Holly Marquez,17,Male,Lake Michelle,6,6,70,2,1.5,5,9,4,0.9,66,13,2.3,0,1.5,Browsing,2,5.8,9.2
Peggy Brown,17,Other,North Angelstad,3.7,8.3,57,0,2.8,10,2,9,1.3,26,13,3.2,0.1,0.6,Social Media,7,5,6
Kerri Miller,14,Male,Markfurt,10.3,9.8,86,8,0,3,7,2,0.9,68,9,2.9,0.7,0.7,Browsing,5,5.8,10
Andrea Wright,13,Male,North Melissa,2.7,6.8,62,1,1.3,10,1,9,1.5,34,8,0.8,4,1.1,Gaming,2,4.7,6.4
Daniel Glenn,13,Female,South Michael,4.1,7.8,76,7,1.2,4,1,8,1.2,91,14,2.1,0.2,1.3,Gaming,10,2.6,7.1
Kimberly Tanner,14,Male,Lake Sarah,3.5,5.6,58,0,1.7,5,7,9,1.2,109,8,1.7,1.7,1,Other,8,7,7.9
Andrew Gutierrez,17,Male,Smithside,6,5.6,98,3,1.3,9,6,2,0.8,113,7,2.2,0.4,0.3,Browsing,10,7.4,9.5
Allison Fisher,16,Male,Port Jacqueline,3.6,7,100,1,0,4,5,7,0.9,90,13,3.6,1.5,1.4,Gaming,3,7.6,9.6
Misty Patton,18,Female,Crystalborough,5,7.4,60,0,1,10,1,4,0.5,70,15,4.5,1,1,Education,5,3.8,10
Michelle Clark,17,Male,West Maryberg,4.5,8.2,98,10,1.1,8,1,9,1.8,53,19,2.2,2.9,2.2,Gaming,5,6.4,10
Carla Rodgers,14,Female,South Brianland,7.3,6.2,87,8,0.2,1,9,5,0,64,12,3.1,1.1,2.1,Other,5,6.3,10
Christopher Kerr,14,Other,Jonmouth,2.3,4.2,87,10,0.3,3,8,6,1.1,71,12,1.3,2.2,0.4,Social Media,8,6.4,7.5
Manuel Hunt,14,Male,South Christopher,3.6,4.8,88,5,0.7,4,8,2,0.3,21,11,2.9,2.1,0.1,Social Media,4,5.8,8.8
Travis Harris,14,Male,East Mariastad,8.7,7.1,98,7,0.5,1,4,10,1.7,94,16,3.4,1.9,1.3,Social Media,4,7.6,10
Gregory Johnson,19,Other,Lake Amy,4.3,5.5,52,2,0.6,2,1,3,0.7,68,18,2.5,1.3,1.5,Gaming,2,4.8,10
David White,19,Other,Andersonborough,1.4,6.1,62,5,0.4,8,2,1,0.3,77,8,1.4,1.5,1.3,Browsing,2,3,4.4
Luke Hamilton,14,Male,Ericland,5.7,5,62,9,0.4,3,3,1,0.5,58,18,3.9,3.4,1.1,Other,2,5,10
William Shaw,14,Female,East Anthony,7,3.5,94,1,0.4,2,1,1,0.4,87,19,4.4,1.6,0,Gaming,3,5.9,10
Robin Burns,17,Female,Campbellfurt,5.5,9.2,73,10,1.3,2,10,10,2.2,87,6,1.4,1.8,1.2,Gaming,9,7.9,7
Karen Webb,18,Other,New David,2.2,4.2,65,8,0.6,2,5,10,2,42,11,2.9,0.2,2.2,Browsing,1,8.6,6.2
Jesus Miller,16,Female,Ambermouth,6.4,5.9,81,9,1.4,3,6,6,0.4,27,12,2,1.7,1.5,Gaming,3,5.9,10
Miss Emily Jenkins DDS,13,Other,South Theresa,6,7,55,7,0.2,3,6,7,1.1,134,14,2.1,1.1,2,Other,7,5,10
Angela Lyons,14,Male,Howebury,6.4,5.1,50,8,0.5,2,4,9,1,82,15,3.3,0.2,0.8,Education,10,7.5,10
Christine Davenport,18,Other,East Jeffreyburgh,5.1,7.1,93,9,2.3,2,2,8,0.4,25,6,3.8,1.4,1.1,Browsing,6,6.8,8.4
Lauren Ballard,13,Female,East John,2.8,5.6,92,4,1.1,7,10,7,1.1,77,10,3.7,3.4,0.7,Social Media,5,7.1,10
Christina Davila,16,Male,Heatherfurt,6.3,5.7,87,8,2.9,6,1,8,0.2,36,5,2.1,2.3,2,Social Media,8,6.6,9.6
Joseph Watkins,15,Other,Emilystad,3.2,4.3,71,8,2.1,6,6,8,1.3,28,10,4.9,0,0.5,Browsing,1,10,8.5
Sandra Acevedo,17,Other,Robertsville,9,6.9,84,0,0.6,1,2,7,0.6,26,6,1.9,1.1,2.1,Social Media,2,7.4,10
Calvin Larsen,17,Female,Marieland,3.7,9.6,67,2,0.3,10,6,9,1,95,7,1.3,0,1.1,Social Media,8,6.1,3.5
Jesus Yates,16,Female,New Jennifer,3.9,6.4,53,4,0.9,7,10,2,0.3,80,15,2.7,1.8,1,Other,8,9.4,9.8
Bethany Murray,13,Female,Richardport,3.6,7.3,93,5,0,8,8,9,0.9,45,8,3.1,0,0.3,Gaming,9,5.2,5.5
Norman Hughes,14,Other,Rebeccaton,3.2,6.5,98,1,0,4,3,9,0.2,51,13,2.4,0.2,2.4,Social Media,9,5.9,6.2
Barbara Hinton,17,Female,Ramirezmouth,6.7,7.5,67,3,0.2,3,5,9,1.6,125,17,1.7,2.6,1.5,Browsing,4,6.1,10
Curtis Johnson,17,Male,Lake Alexander,3.5,6.9,79,4,2.1,4,5,5,0.6,117,8,0,2.3,0.1,Education,7,5.1,6.3
Shannon Francis,47,Female,Hansonfort,4,6.1,78,5,0.1,10,3,8,1.4,86,19,3.6,1.7,1.2,Browsing,4,8.7,10
Scott Rodriguez,66,Female,Theodorefort,5.5,6.5,70,5,0,3,7,3,0.9,96,9,1.1,4,1.8,Browsing,2,5.3,10
Adrian Knox,37,Other,Lindseystad,5.8,5.5,93,8,0.8,2,3,10,0.5,137,8,0.3,1.5,0.4,Education,6,5.7,9.2
Brittany Hamilton,38,Female,West Anthony,3.1,3.9,78,8,1.6,9,10,3,1.4,128,7,3.1,1.6,0.8,Social Media,8,3,9.8
Steven Smith,28,Other,Port Lindsaystad,2.5,6.7,56,4,1.1,1,5,1,1,96,20,2.6,0.9,1.1,Gaming,10,3.7,8.6
Mary Adams,98,Female,East Angelachester,3.9,6.3,89,3,0.7,7,1,3,1.1,135,8,3.8,0,1.4,Social Media,7,6,8.8
Hailey Moses,20,Male,North Jeffrey,6.3,6.7,89,3,0.9,6,7,9,0.8,129,9,1.8,2.7,1,Education,7,7.8,10
Veronica Marshall,57,Other,Jenniferport,5.1,6.1,70,2,2.2,5,6,8,1,34,7,2.3,1.6,0.5,Browsing,9,8,8
Edward Avila,76,Male,Leebury,3,9.1,79,0,1.8,1,7,6,0.9,70,13,2.7,2.2,1.3,Education,10,9.1,7.3
James Carter,26,Other,Prestonview,3.9,5.8,89,8,1.1,9,1,9,0.9,121,13,2.7,0.4,1,Other,9,2.9,9.1
Bobby Sparks,31,Female,Cherylburgh,4.9,7,74,5,0.6,4,3,2,0.6,84,20,3.1,0.6,0.8,Other,6,3.5,10
Ruben Walters,10,Male,Lake Mary,1.6,5.9,70,10,1.5,10,8,8,0.9,147,18,1.9,2.7,1,Browsing,7,3.2,9.8
Sarah Nguyen,76,Female,South Heatherton,7.4,5.8,70,4,0.6,4,9,3,1.1,59,19,4.3,0.4,0.4,Gaming,8,9.1,10
Melanie Phillips,62,Female,Port Angelaburgh,8.7,5.5,95,6,1.9,2,8,2,0.7,76,8,4.2,1.3,1.5,Education,5,4.6,10
Edwin Lambert,29,Other,New Emilyberg,6.4,8.5,79,3,0,2,8,9,0.5,50,14,5,1.2,0,Social Media,5,5.6,10
Gregory Hughes,43,Other,Port Charles,4.4,6.6,97,6,1.6,8,10,4,1.2,134,17,2.2,1.5,1.8,Education,4,6.8,10
Matthew Webb,14,Female,Lake Chase,5.4,7.8,87,4,2.3,6,6,9,0.9,36,20,2.6,1.3,1.1,Gaming,9,1.4,10
John Cooper,59,Other,Paulstad,3,6.1,80,5,1.4,1,4,2,1.2,95,16,3,1.9,0.2,Other,7,7.5,10
Amy Greene,48,Female,Port Nicholasberg,7.9,8.5,96,6,0.1,5,2,4,1,58,9,2.2,1.9,1.3,Education,5,3.5,10
Kathryn Perez,88,Male,South Thomas,5.4,5.9,69,4,1.3,2,7,8,0.6,83,19,1.6,1,0.4,Browsing,7,6.1,10
Michael Williams,74,Female,Margaretmouth,3,5.1,83,4,1.1,1,9,4,1.5,58,6,1.7,1.7,2,Social Media,8,6.7,6.2
Patricia Johnson,46,Female,North Scott,2.7,6.3,92,3,1.4,2,9,3,1.7,112,17,2.1,2.6,0.9,Gaming,10,5.7,9.9
Jennifer Davis,13,Other,Port Angelabury,2.7,5.1,60,9,0,4,6,2,1.7,117,16,2.5,1.3,0.2,Education,5,4.8,9.5
Desiree Brady,78,Male,East Amanda,6.9,3.6,79,5,1,5,5,10,0.8,32,7,2,1.3,1.2,Education,7,6.6,10
Mark Crawford,18,Other,Port Alan,4.6,7.2,85,7,1.3,7,6,4,1.1,71,5,1.8,0.8,1.1,Social Media,8,6.2,6
Samantha Sanchez,30,Male,Port Bianca,5.5,5.9,78,5,1.2,1,7,3,0.7,44,14,0.9,1.3,1.3,Gaming,3,3.9,8.4
Kelly Giles,50,Male,West Kimberlyfurt,6.2,4.5,65,3,1.3,5,7,1,1.1,115,10,2.1,1.6,1,Social Media,7,6.6,10
Jeffrey Crawford,85,Male,Shawburgh,4.9,9.3,50,4,0,7,4,1,0.3,117,5,3.5,4,0.9,Education,3,7,10
Tammy Gallegos,63,Female,West Cynthia,6.6,8.1,77,7,1,6,1,3,1.5,147,14,2,1.7,1.6,Education,8,9.2,10
Jared Bridges,72,Other,Jessicaberg,8.6,5.2,63,0,1.1,6,4,8,1.3,72,15,0.2,1.8,0.7,Browsing,9,6.6,10
Bailey Flores,96,Other,Lake Martha,4.1,4.5,59,8,0.8,10,1,8,0.6,32,10,2.2,1,0.5,Education,9,9.3,7.7
Jennifer Hudson,9,Male,Vickifurt,4.2,6.9,86,8,1.7,5,1,9,1,100,15,2.6,2.2,0.9,Browsing,4,6.9,10
Kathleen Friedman,64,Male,Port Ryan,8,5.5,87,7,2.2,1,8,5,1,26,16,3.3,1.3,2.6,Gaming,6,5.2,10
Cynthia Fisher,71,Male,Lake Jamiebury,3.3,5.3,50,4,0,7,1,6,0.3,141,14,0.7,3.2,0,Gaming,5,5.1,10
Amy Carroll,52,Male,South Williamfort,4.7,6.6,59,6,1.5,10,4,7,0.6,123,18,1,1.1,1.2,Social Media,2,0.3,9.6
Monica Roberts,13,Male,West Kristinaview,3.9,6.3,64,9,1.3,6,7,8,0.9,135,11,1.2,1.5,1.5,Social Media,7,2.2,8.4
Laura Steele,61,Female,Burketown,4.4,6.8,62,8,1.4,2,1,10,1.7,66,7,0.9,0,0,Browsing,1,6.9,4.6
Lauren Matthews,63,Male,Christineton,8.3,6.2,65,9,1.3,5,6,8,1.3,144,5,2.3,0,1.5,Other,1,2.9,10
Marcus Stephens,33,Other,Schmitthaven,7.4,6.9,67,0,1.7,6,6,8,1.6,117,16,1.6,0.7,0.7,Social Media,8,4.6,10
Cameron Hansen,8,Female,North Christina,1.7,6.8,68,9,0.8,5,9,1,0.7,107,18,2.4,0.6,0,Education,6,6.2,7
Richard Choi,70,Other,Jasonmouth,6.2,8.3,77,1,0.4,7,2,4,1.1,141,5,3.8,1.4,0.9,Browsing,8,6.2,10
Nicholas Gomez,10,Other,Roberttown,5.2,7.2,96,5,0.1,4,10,3,0.7,119,16,3,1.7,0.6,Gaming,3,6.1,10
Jessica Smith,82,Other,Andreville,3.3,5.3,89,7,0,9,6,9,0.3,77,18,1.1,1,0,Gaming,9,10.4,7.9
Brittany Myers,47,Male,Nguyenfort,6.9,6.2,89,4,1.1,3,2,7,0.3,140,13,3,1.9,0.7,Gaming,9,4.1,10
Alicia White,100,Male,Millerton,6.6,5,88,8,2.1,10,7,10,2,56,20,2.1,1.4,0.4,Education,9,6.2,10
Brandi King,53,Female,Evanschester,1,6.2,60,5,1.4,6,3,10,0.4,25,16,3.1,0,2,Gaming,4,5.8,4.7
Kenneth Travis,88,Male,Castilloside,6.7,4.7,67,3,1.3,10,1,3,0.8,129,6,2.8,0.8,1.7,Gaming,7,9.9,10
James Sanchez,21,Other,Adamsside,7.1,7.1,67,2,0.4,1,1,4,2.6,119,16,2.8,2.4,0,Gaming,4,5.3,10
Tyrone Cabrera,26,Male,New Ericview,4.7,6.5,69,6,1.5,10,3,1,1.3,119,5,3.4,1,0,Gaming,10,4.7,9.2
Curtis Castro,67,Male,East Amber,8.1,7.2,91,6,1.4,8,7,8,0.3,120,13,1.4,2.2,1.9,Education,9,6,10
Steven Chavez,72,Male,Yuport,4.3,5.9,75,4,2.5,5,1,8,2.2,105,17,1.9,1.4,1.4,Other,1,3.1,10
Cody Young,78,Male,Savagetown,3.9,8.4,97,3,0.5,1,7,8,1.2,66,13,4.3,1.6,1,Education,6,4.9,9.5
Victoria Clark,32,Other,Collinston,9,7.3,79,6,1.1,1,1,7,0.8,127,17,3.1,1.5,0,Education,1,6.9,10
Peggy Bond,16,Other,East Laurieview,4.5,7.8,93,5,1,7,7,2,1.3,83,17,2.6,1.2,2.4,Education,8,6,9.5
Candace Anderson,96,Other,Kimberlyburgh,4.4,4.1,56,9,1.7,7,7,1,0.8,129,16,4.9,1.4,0.6,Other,10,6.1,10
Tammy Payne,47,Other,South Thomas,5.9,8.5,87,2,0,4,10,9,1.5,48,6,3,1.5,0.7,Social Media,2,6.5,8.3
Mrs. Lauren Ayala,95,Other,Port Dustin,3.3,6.1,78,2,3.6,2,9,9,1.2,141,17,1.9,1,0.2,Education,8,5.1,9.4
Edward Jackson,57,Female,Davidberg,2.9,5.5,71,1,1.1,9,2,1,0.9,117,10,2,1.6,1.3,Gaming,7,4.6,8.1
Kathleen Hoffman,26,Male,Walkerburgh,3.4,4.7,79,10,0.9,8,4,5,0.6,123,6,3,1.7,0.7,Other,5,7.6,9.4
Kelly Carrillo,36,Female,West Tracey,6.3,7.4,77,8,1.6,4,4,10,1.4,110,8,3.7,1.5,1.9,Gaming,1,3.1,10
Derek York,71,Male,Shafferville,3.7,7.9,89,9,0.7,8,7,7,0.3,92,7,0.9,2.1,0.9,Education,7,2,6
Ashley Velasquez,24,Male,Johnsonstad,4.7,6.9,77,7,0.9,6,10,1,1,105,12,0.7,1.3,0,Education,8,8.3,7.8
Sara Williams,80,Other,Traceymouth,6.7,7.9,54,8,1.3,7,10,7,0.2,84,9,2.2,1.3,1.4,Education,9,7.9,9.7
Linda Fletcher,51,Female,Lake Samanthabury,5.3,7.7,63,1,2.2,10,6,4,0.7,135,6,1.7,2.4,1.6,Other,9,5.7,9.4
Jaclyn Salazar,86,Male,Alejandraburgh,8.7,5.2,87,5,0,4,8,2,1.2,146,10,4,0.6,0.4,Gaming,6,5.9,10
Stephanie Fletcher,48,Other,Port Jonathanside,3.9,8,80,3,1.5,4,5,10,0.3,41,11,2.6,0,1.1,Social Media,2,5.7,5.5
Zachary Parks,37,Female,Bradyton,7.4,6.6,100,3,1.1,2,3,5,1.3,90,19,2.1,0.8,0.6,Other,9,9.3,10
Chelsey Dillon,60,Female,Franciston,6.8,10,98,7,1.7,7,8,3,1.7,72,16,2.4,1,2,Social Media,10,7.6,9.8
Elijah Lewis,69,Female,Candacemouth,7,8,70,5,1.9,8,5,7,0.7,133,9,1.6,0.6,0.4,Gaming,5,1.8,9.7
Joseph Franklin,47,Male,West Lisaview,5.8,7.2,88,5,1,9,9,2,0.7,30,15,2.6,0.7,0.5,Browsing,10,9.7,9.1
Christine Hansen,65,Other,Jamesbury,4.1,5.5,67,2,0.2,1,7,4,0.5,120,16,4.3,2.1,2,Browsing,8,11,10
Kristen Holmes,62,Other,Hickschester,4.9,4.4,86,5,1.8,7,6,7,0.9,90,15,2.5,1.2,0.5,Other,2,4.2,10
Michelle Ellis,92,Male,West Erikashire,4.4,6.6,95,3,1.1,8,1,3,0.6,91,15,2.2,1.6,0.8,Education,1,3.9,9.7
Dr. David Howard,37,Male,South Taylortown,6.3,3,58,8,1.1,5,2,8,0.6,48,6,3.9,1.1,0.1,Other,6,8.5,10
Michael Tucker,68,Male,New Gregstad,5.8,6.9,84,8,2.3,3,9,3,0.5,106,7,3.1,1.2,1.5,Social Media,6,5.5,10
Brenda Lee,82,Female,Morganshire,6.5,7.2,58,10,0.3,9,6,5,1.1,74,6,2.6,2,1.1,Gaming,9,8.7,10
Jennifer Levine,3,Female,West Michael,5.8,7,76,8,1.7,5,5,5,1.7,116,19,3,2.2,2.2,Education,9,3.3,10
Joshua Moore,25,Other,Gonzalezland,5.1,7,64,4,1.5,10,6,7,1.7,140,5,0.5,1.7,0.9,Gaming,2,7.7,7.6
Marcus Gibson,55,Other,East Thomas,5.2,6,87,0,0.8,1,5,8,1.6,79,11,4.2,0,1.2,Gaming,6,3.7,10
Mackenzie Wright,43,Male,Antoniohaven,4.8,8.6,78,8,0,3,3,10,1,51,9,3,2.4,1.6,Social Media,7,7.1,8.7
Christopher Smith,23,Male,Lake Susanport,4.3,4.3,91,6,0,9,8,5,0.9,98,7,2.2,0.6,0.3,Social Media,8,5.2,8.3
Andrew Kim,74,Female,North Cristina,7.6,6.4,88,4,0,6,4,8,1.8,77,15,4.6,0,0,Gaming,7,7.1,10
Rebecca Reynolds,65,Female,Lake Adrianberg,5.5,6.9,65,3,0.4,6,9,9,0.4,82,6,1.6,1.1,0.2,Browsing,4,6.2,7.6
Catherine Bradshaw,35,Other,Sarahfurt,4.8,6.3,76,8,1.6,2,6,7,1.1,136,11,4.8,1.3,1.2,Social Media,8,5.3,10
Tammy Carter,50,Other,Marktown,7.4,6.3,75,6,1.5,9,7,2,0.3,85,9,2.9,2.9,0,Social Media,1,7.6,10
Maria Ochoa,50,Male,South Tonyton,3.8,5.1,85,1,0,8,7,8,0.6,104,10,1.8,0.5,1.3,Social Media,9,9.3,7.6
James Herrera,60,Other,Lake Nancy,7.3,5.6,84,1,0.2,4,1,8,1.2,22,11,2.2,2,0.9,Other,1,4.1,10
Brian Coleman,64,Female,Kevinport,0.7,4.6,64,6,1.3,10,1,9,0.4,146,10,2.2,0.2,1.3,Other,3,5.3,5.7
Gregory Martinez,78,Male,South Adamside,3,6.6,82,0,0.8,1,3,3,0.6,84,6,3.7,2.3,1,Other,9,6.7,8.6
Richard Nichols,32,Other,East Andrewport,4,7.4,83,3,0.3,10,4,4,0.6,55,18,4.1,0.8,0,Gaming,3,7.4,9.9
Steven Tanner,3,Other,Craigstad,8.1,6.8,59,1,0,7,3,1,0.6,129,7,0.7,2.5,1.5,Other,1,5.1,10
Michael Farmer,3,Male,Guerrafort,5.2,6.6,56,10,0.9,6,8,4,0.5,98,16,2.4,1.4,1,Other,5,8.1,10
Keith Ward,97,Other,Parsonsfurt,1.7,6.2,52,8,1.3,2,2,7,1.3,76,17,1.1,1.9,0.7,Social Media,7,6.5,6.5
Aaron Parker,27,Male,Port Maryborough,6.8,7.4,100,9,1.1,6,7,7,1.9,123,11,4.2,1.6,0.7,Social Media,5,6.8,10
Wesley Miller,98,Female,Sherryton,6.4,10,89,0,1.2,9,9,8,0.5,128,9,4.1,3.2,1.4,Education,2,4.6,10
Tiffany Santiago,8,Male,Wilsonton,7.2,7.4,63,7,0.1,2,3,8,0.7,112,11,3.8,0.5,0.5,Social Media,4,2.3,10
Lindsey Sloan,26,Female,Lake Adamfort,3.3,5.7,93,5,1.7,9,6,7,0.1,72,17,3.6,1.2,0.3,Other,10,6.6,10
Kristin Martin,64,Male,East Patrickburgh,4.7,8.5,98,3,0.2,4,5,8,0.1,20,16,2.8,1.3,0.3,Social Media,8,6.2,8.2
Valerie Blevins,57,Female,East Lynn,2.8,7,93,5,0.8,4,5,2,1.5,42,6,2.8,1,0.6,Social Media,10,8.2,5.1
Morgan Mills,8,Female,East Derrick,6.2,8.7,53,1,0.1,7,6,10,0.5,24,12,1.6,2.5,1,Other,7,6.7,8.8
Christian Perkins,3,Male,East Wendymouth,6.7,8.5,91,4,1.4,8,7,2,0.2,49,9,2.1,3.5,1.5,Browsing,8,5.7,10
John Evans,95,Other,Port Pamelatown,2.2,5.1,69,7,1,6,3,8,1.3,24,16,2.6,2.2,1.1,Other,9,7.6,8.1
Ashley Chang,19,Female,Harrisbury,4.1,6.3,57,3,2,5,3,7,0.4,78,13,1.7,2.2,0.3,Gaming,3,5.8,9
Julia Ross,5,Male,Taraland,5.3,5.9,85,9,0.6,6,1,2,0.9,98,14,2.3,2.6,0.9,Education,8,8.9,10
Ashley Foster,41,Female,South Shelleyfort,4.7,3.4,71,1,1.8,7,4,7,1.5,87,9,0.1,0,0,Education,7,6.7,6.6
Katherine Hensley,37,Other,East Angelaland,4.5,7.4,67,9,1.1,10,1,2,0.8,68,11,2.6,1,0.9,Gaming,4,7.4,8
Christopher Watts,81,Male,South Josephstad,5.6,5.8,85,4,0.6,1,2,8,1.4,44,7,2.1,0,1.5,Gaming,7,6.6,7.1
Benjamin Bradley,17,Other,Rhondafurt,7.3,5,67,2,0.5,8,5,5,1.4,77,18,1.2,1.1,0.8,Gaming,4,8,10
Rebecca Edwards,15,Female,Jaredmouth,4.6,9.4,55,2,0.8,2,4,5,1.1,113,7,1.6,1.7,1.6,Education,4,8.6,6.9
Sarah Harrison,68,Other,North Cherylburgh,2,5.9,74,5,0.9,2,9,6,1.1,47,12,2,1.3,1.4,Other,1,4.4,5.7
Kimberly Hooper,25,Male,Bentleytown,1.6,6.1,70,7,0,9,5,1,1.6,42,5,4.8,0.8,1.5,Social Media,3,1.8,6
Melissa Becker DDS,59,Other,East Pamelaside,2,7.5,76,0,1.1,1,7,2,0.9,115,7,1.4,1.9,1.3,Gaming,10,5.6,5.2
John Griffin,97,Male,Loveberg,3,4.7,51,10,3,1,8,1,0.3,42,18,1.7,3.3,0,Education,3,6.7,10
James Alvarez,23,Female,Port Veronicamouth,6.9,3.9,73,9,2.2,1,6,4,0.8,58,16,3.3,2.8,1.8,Education,3,4.9,10
Brad Sanchez,41,Other,Port Samanthaberg,5.5,5.4,63,8,0,5,10,3,2,72,14,1.4,0,0.8,Other,1,8.3,8.4
Cory Santiago,74,Female,Robertshire,6.6,9.5,53,5,1,8,4,1,0.8,121,13,4.5,1.7,2.8,Gaming,6,6.4,10
Shelley Curtis,18,Other,South Brittanychester,8.3,5.7,58,9,1.6,3,1,3,0.1,21,9,1.7,0.8,1.2,Other,10,6.5,10
Cheryl Thomas,16,Other,East Chadhaven,3.6,3.1,56,0,2.4,5,9,4,0.9,80,16,3.2,0.3,1.5,Social Media,7,7.3,10
Meagan Banks,42,Male,Glennshire,5.4,3.1,88,0,0,7,10,10,0.7,29,11,2.9,0.3,0.5,Social Media,3,1.7,9.8
Dr. Elizabeth Porter,50,Other,Mirandaborough,2.1,7.3,71,7,0.5,4,1,4,1.7,54,9,2.5,1.5,1.6,Education,5,2.1,5.3
Monica Shelton,74,Male,Brownchester,7.8,7.4,81,0,1.9,5,6,10,1.1,135,14,3.6,1.1,1.3,Browsing,6,4.5,10
Heather Wilson,16,Male,Chelseafurt,4.3,3.9,64,2,2.9,10,10,6,0.6,119,9,1.1,1.4,1.8,Other,4,6.7,9
Angie White,43,Other,West Maryport,7.4,7.4,80,0,1.1,1,2,3,1.9,57,20,1.9,0.9,1.6,Gaming,10,4.6,10
Grace Mullen,50,Female,West Donna,6.4,7.9,72,4,2,5,6,4,0.7,23,13,0.7,2.4,0.7,Other,3,7.4,8.6
Megan Colon,41,Other,West Jeremy,2,8.4,78,10,1.6,5,1,10,0.4,140,17,2,0.8,2.4,Gaming,1,5.1,6.8
Christine Cunningham,9,Male,Lake Laurastad,2.6,6.8,65,0,1.3,6,5,2,1,26,6,1.8,2.8,1.1,Other,6,9.5,5.5
Sonya Armstrong,58,Other,North Brian,4.4,5,68,7,3.7,2,4,8,1.8,70,18,2.4,1.1,0.7,Browsing,2,5.1,10
Heather Johnson,54,Other,Masonbury,4.8,6.5,57,7,0.7,9,10,8,0.8,68,16,0.5,3.7,0,Education,3,7.9,10
Jennifer Chen,34,Other,Port Anthony,7.7,5.9,75,2,2.2,2,8,10,1,74,16,2.4,2.9,0.9,Browsing,2,4.2,10
Charles Williams,69,Other,Lisaport,4.2,5.6,88,10,0.5,9,6,2,1.1,58,19,3.3,0.4,0.2,Gaming,5,7.1,10
Denise Peters,55,Other,Jonathonfort,4.6,5.7,98,4,0.6,8,5,1,1.1,46,18,2.2,2.5,1.7,Browsing,3,7.4,10
Pamela Torres,28,Male,Swansonhaven,2.9,6.5,94,5,0,8,7,5,1.3,126,15,3.3,1.1,0,Gaming,4,3.4,9.6
Sandra Hanson,91,Female,East Calebburgh,6.8,5.5,55,1,0.6,9,10,10,1.1,129,10,3.2,2.6,0.7,Browsing,8,4.9,10
Donna Shaffer,6,Male,Hugheschester,4.7,5.9,61,10,0.1,10,4,2,2,95,12,3.3,2.4,0.6,Social Media,3,5.1,10
Erin Garcia,83,Female,Nicholsburgh,4.1,7.6,85,6,0.1,3,3,3,0.8,25,20,3,0.2,1.5,Other,3,7.7,8
Amy Smith,8,Female,Port Jordanmouth,0,6,75,0,0.8,5,7,4,1.2,111,7,3,1.6,0,Education,1,3.6,5.2
Megan Knight,13,Female,Kimberlychester,4.3,9.3,61,2,0,7,8,4,0.3,31,5,2.6,2.6,0.8,Other,5,6.4,6.5
Valerie Henderson,10,Male,Melissashire,3.3,8,60,7,0.4,6,6,2,1.6,70,20,3,1.5,0.8,Education,9,4.9,9.2
Austin Nelson,73,Female,Wagnermouth,8,5.8,79,7,1.1,1,1,4,0.7,130,17,1.8,2.4,1.4,Browsing,4,4.5,10
Michael Evans,63,Other,Marioville,5,5.1,90,3,1,6,8,9,0.7,68,18,2.6,2.4,1.3,Browsing,9,8.3,10
Diane Day,97,Other,Lake Rachel,2.5,4.8,51,10,1.3,6,10,1,0.5,83,6,2,0,3,Gaming,5,4.5,5
Brian Mcdonald,61,Female,Meghanfurt,4.8,4,81,0,1.6,9,5,4,1.4,124,18,2.8,2.2,1.4,Browsing,6,4.7,10
Eric Hunter,77,Other,New Julie,5,5.5,71,6,0.4,7,3,10,1,92,14,1.5,0.6,1.5,Browsing,7,9,9
Victoria Huff,73,Female,Donnaside,7.1,3,56,6,0,1,4,1,1.4,116,18,2.2,2.3,2.1,Other,5,4.1,10
Ana Le,97,Female,Cameronbury,7.9,6.5,55,4,0,8,9,5,2,97,11,1.8,0.8,0.3,Gaming,9,2.4,10
Daniel Robinson,8,Male,Parksfurt,7.4,6.4,81,9,0.4,4,10,4,1.4,116,6,1.2,0,1,Social Media,5,3.9,8.9
Justin Collins,67,Female,New Kellystad,2.5,5.4,66,0,0.6,9,8,4,0.6,85,14,1.9,1.2,1.7,Social Media,9,5,7.4
Paula Jones,52,Male,Blackburnhaven,6.4,7.8,62,3,0,6,3,7,0.6,41,11,2.6,3.6,2.2,Other,5,9.4,10
Kathryn Matthews,93,Other,Lake Luis,7,7.9,89,1,0.7,3,10,8,1,56,11,2.4,0.8,0,Other,9,3.2,9.6
Michelle Jones,10,Female,Matthewland,5.1,4.3,63,9,1.3,4,8,6,0,49,6,3,0.8,2.2,Browsing,1,7.9,8.9
Erica Brown,78,Male,Nancyfort,6.9,7.1,98,8,0.2,8,4,8,1.2,54,7,1.3,0.8,0.3,Gaming,10,6.9,7.9
Michelle Perez,57,Female,West Alanfort,4,6.2,59,7,0.2,10,10,1,0.7,114,13,2.7,2.5,0.8,Social Media,5,6.9,10
Steven Davis,27,Male,Sanchezport,6.6,9.4,82,3,1.1,7,4,7,0.3,83,20,0.7,1.8,0.5,Gaming,5,3.5,10
Lynn Smith,50,Male,North Saraburgh,5.7,6.2,77,3,1.6,4,1,8,2,115,12,2.3,1,1.9,Education,3,6.2,10
Maria Fuller DDS,15,Other,South Jamesborough,2.9,5.8,67,9,0,7,3,1,1.1,86,13,2.6,1.7,0.9,Education,8,7,8.6
Sheila Bennett,44,Female,Boothside,4.8,4.1,63,9,1.2,9,7,7,0.3,91,20,1.9,1.6,1.4,Gaming,4,8,10
Elizabeth Harding,50,Female,Wilsonside,7.3,6.3,77,6,0.5,3,5,6,0.7,138,6,2.8,1.7,2.4,Browsing,4,8.6,10
Bradley Jones,25,Female,West Kathleen,4.9,5.6,98,8,0.4,4,2,3,0.5,121,10,4.1,0.7,1.3,Other,1,6.3,10
Juan Carpenter,95,Male,Flowersshire,6.7,5.9,79,7,0,2,9,7,0.2,130,17,2.2,2.1,0.2,Browsing,5,3.1,10
Michael Garcia,46,Other,Prestonfort,2.2,8.2,60,5,2,10,7,3,0.5,70,10,3.4,1.1,2.3,Gaming,2,9.7,6
Michael Parker,16,Male,New Christianfort,3.3,7.6,55,0,0,4,2,6,1.2,47,15,2.8,0,0.6,Browsing,1,7.2,6.2
Alan Torres,69,Other,Port Melvinshire,6.8,4.8,76,6,2.2,2,8,5,0.9,142,12,4,0,1.6,Other,5,7.9,10
Mary Roman,96,Other,Richardbury,5.2,6.6,93,4,0,8,10,4,1.1,36,18,2.5,1.9,1.6,Education,10,7.5,10
Joshua Moore,49,Male,Jamieville,6,3.1,78,1,1,4,4,2,0.6,130,6,2.7,1.8,1.6,Browsing,3,10,10
Douglas Mason,62,Other,New Darlene,5.9,5,74,1,1,9,8,3,0.8,94,6,4.6,2.7,1.2,Gaming,2,4,10
Donna Morgan,49,Female,Kellyton,3.7,4.6,72,0,0.6,4,10,7,1.2,146,18,2,2.2,1.8,Gaming,10,4.6,10
Russell Klein,60,Male,Port Waynehaven,8.4,7.7,57,3,1.4,6,8,5,0.5,49,14,1.3,1.5,1.4,Education,10,4.6,10
Alexander Bailey,77,Other,Jasminville,0.8,7.4,70,7,1.7,9,1,1,0.8,67,10,2.9,0.9,1.2,Browsing,6,8.9,4.2
Jordan Shelton,49,Other,Michelleside,7.2,3,84,4,1.8,3,8,5,0.9,83,8,2.9,2.6,1.6,Education,4,6.4,10
Robert Decker,46,Male,Adammouth,4.6,5.3,91,4,0.9,10,3,6,0.8,129,6,1.6,2.2,0.8,Social Media,6,3.4,9.5
Travis Ponce,100,Male,Port Natalie,2.4,6.8,63,8,0,9,8,7,0.8,50,16,2,1.3,0.9,Other,1,8,6.5
Jennifer Young,24,Female,East Christopher,4.3,6.6,94,9,1,2,10,4,0.8,47,17,1.6,1.4,0,Social Media,5,0.7,8.3
David Logan,83,Other,Duanebury,6.8,6.1,92,8,2,9,1,5,1,46,6,2.1,1.7,1.7,Other,5,2.9,9.7
Jonathan Roberts Jr.,87,Other,Lake Willieshire,6.3,5.4,100,8,2,5,5,3,1.8,30,12,1.6,1.4,1.8,Browsing,5,5.5,9.6
William Wolfe,83,Female,Joneschester,5.3,9.7,52,5,1,3,3,8,1.7,145,9,2.3,1.3,0,Education,6,7.3,8.8
Sharon Smith,100,Other,North Anne,4.4,5.7,99,2,1.2,1,4,10,0.9,58,9,2.5,1,0.6,Other,2,4.3,8
Brittany Kirk,94,Other,New Alicia,8.1,6.7,50,0,2,4,7,7,0.5,63,7,2.1,0,1.8,Other,7,7.2,9.5
Michael Harris,60,Other,Lake Lori,3.6,6,65,9,0.4,5,2,6,1.6,83,11,1.1,2.2,0.8,Education,4,4.5,7.8
Michael Rodriguez,13,Other,Johnsmouth,5,5.5,66,5,0.8,2,10,10,1.4,129,17,2.7,1.6,1.2,Social Media,1,7.1,10
Anthony Andrews,46,Other,Banksshire,4.1,7.2,57,10,0.9,3,10,1,1.4,145,10,1.5,1.7,0.7,Gaming,7,6.7,8.6
Dorothy Patel,60,Other,East Jakehaven,4.3,9.2,53,8,0.5,10,3,10,1.6,47,14,2.7,1.2,0,Social Media,2,5.6,7.3
Diana Hess,10,Male,Mccannshire,4.2,7.6,58,1,1.2,4,2,7,1.1,59,15,2.7,1.1,0.8,Education,9,4.3,8.4
Jeffrey Franklin,35,Male,Sharonside,6.4,4.4,60,5,0.5,7,1,3,0.6,42,10,2.4,1.2,0.4,Browsing,5,5.9,10
Christopher Juarez,58,Female,Peterfort,3.3,7.2,74,4,1.3,2,7,4,1,111,6,2.7,1.8,1.6,Other,6,4.3,7.6
Michael Crane,48,Female,Kerrchester,5.7,8,96,1,0.9,3,4,2,1.5,65,20,3.3,2.7,1.9,Gaming,3,7.8,10
Michelle Scott,82,Other,Taylorbury,5.7,6.2,97,4,1.4,7,2,4,0.8,134,14,2.3,1.5,0,Social Media,5,5.2,10
Brianna Clark,59,Other,Andrewview,1.8,4.1,98,2,1.3,9,6,9,0.5,49,6,2.6,1.9,0.8,Other,5,7.8,6.4
Michael Morris,46,Female,North Michaelland,0.2,5.4,60,5,1.5,6,3,2,2.4,102,17,1.7,1.2,0.1,Gaming,10,6.6,5.8
Alyssa Webb MD,11,Female,Jonesbury,2.7,6.9,55,9,0.7,6,8,6,2.1,139,13,1.6,2.9,0.9,Education,8,7.6,9.1
Holly Williams,34,Male,Lake Sabrinaburgh,4.3,6.7,93,6,0.4,7,9,6,0.8,33,13,2.5,0,1.8,Social Media,8,4,6.7
Audrey Hall,9,Other,Michaelside,4.5,6.5,85,6,0.8,10,8,10,0.5,22,18,4.3,2,1,Education,8,5.7,10
Barbara Hancock,43,Male,Martinport,4.6,5.6,91,6,1.6,3,7,9,0.7,128,14,2.9,0.9,1.6,Social Media,3,3,10
Luke Klein,61,Other,Parkerfurt,7.5,5.9,84,6,1.5,7,9,6,1.6,76,13,2.1,2.1,0.8,Browsing,8,11.5,10
Christopher Newman,66,Other,Brandonbury,5.3,6.1,98,2,1.7,9,4,2,1.1,51,7,3.2,0,0.9,Other,1,6.1,7.9
Eric Bryant,98,Other,Lake Crystalborough,4.9,4.8,73,3,1.8,5,3,2,1.1,105,14,1,0,1,Education,8,4.2,8.4
Kendra Everett,15,Male,Jacksonborough,5.4,6.9,57,10,0.6,9,3,9,1.2,45,5,0.2,1.2,1.2,Education,3,5.9,5.3
Jasmine Lin,69,Other,Ericamouth,0.5,6.2,57,7,1,6,6,1,0.9,73,7,4,2.3,1.2,Education,8,5.7,6.6
David Castaneda,89,Other,North Isaiahbury,7.6,6,100,3,1.4,4,4,6,1,105,9,3.9,0.3,1.3,Gaming,8,9.4,10
Teresa Nelson,71,Male,Hollyton,7.6,3,69,10,0.4,5,7,8,0.5,66,7,2.1,3.1,2,Social Media,5,5.8,10
Ronald Davis,87,Female,Kimberlybury,2.5,5.6,87,9,0.7,8,5,3,1.6,90,12,3.4,1.4,1.2,Browsing,2,6.9,8.7
Brandon Green,52,Female,Debrafurt,5.5,6.4,93,10,0.3,8,10,7,1.5,57,9,3,0.8,0.3,Education,4,9.9,9
Megan Bowman,22,Female,Lake Brian,2.7,4.6,51,6,0.6,4,7,8,1.3,100,12,3.8,1,2.6,Education,6,4.3,9.6
Melissa Castro,26,Male,West Samantha,7,5.4,96,0,0.5,5,9,9,1.2,100,18,2.8,1.8,0.4,Other,9,3.4,10
Alex Valdez,32,Female,South Stephaniebury,5.3,5,83,0,1,7,3,7,1,22,10,2.6,2.7,1.7,Education,9,1.7,10
Fernando Alexander,27,Female,West Melissabury,4.7,5.3,94,1,1.5,9,6,4,0.5,104,12,2.5,1.9,0.9,Social Media,4,4.5,10
Alexandra Lin,83,Other,New Kristen,5.4,4.9,68,10,1.2,1,2,6,0.6,127,12,3.4,1.1,2.4,Other,3,3.3,10
Amber Payne,10,Other,West Melissa,8.5,5.2,63,6,1,9,10,9,1.1,59,17,2.3,2.7,3,Social Media,9,9,10
Kimberly English,29,Other,East Deborahchester,6.2,4.4,56,4,0.9,1,5,6,1.5,46,14,2.2,1.2,0,Browsing,5,2.9,10
Sharon Schwartz,93,Female,Sabrinaton,2.7,5.1,82,9,0.4,3,5,6,0.5,67,17,3.5,0.9,1,Education,2,1.8,9.3
Jeffrey Mendoza,88,Male,Angelaside,3.5,5.1,77,6,1.7,1,1,2,1.2,91,9,2,0.9,1.1,Other,2,7.7,7.5
Devin Hansen,21,Female,North Catherine,3.5,7.2,94,0,0.5,1,6,7,2,84,11,2.7,2.9,0.8,Gaming,10,5.2,9.4
Brandy Miller,99,Male,Lake Raymond,6.6,5,84,4,1,2,6,8,0.4,63,16,1.7,0,1.1,Gaming,5,6.7,10
Adam Turner,53,Other,New Vincent,6.1,7.5,71,10,0.6,7,10,4,1.5,39,20,1.8,1.9,2.6,Education,9,5.8,10
Kathleen Price,75,Other,Emmamouth,3.3,5.6,59,6,0.6,7,4,10,1.2,140,5,2.6,1.7,0.2,Education,9,1.8,8.6
Bryan Horton,94,Male,New Teresa,6.3,7.2,81,7,0,3,4,3,1.9,77,15,2.5,0.4,1.8,Social Media,7,5,10
Tina White,45,Male,Cruzland,6.5,7.9,93,10,1.7,9,4,1,0.6,113,8,4.3,2.5,0.7,Browsing,10,7.1,10
Corey Howell,90,Other,West Colin,4.6,8.4,84,4,1.8,3,4,1,0.5,51,18,4.4,2.2,0.7,Other,9,6.8,10
Matthew Gutierrez,78,Other,Schultzfurt,1.6,6,75,9,1,8,4,4,0.3,62,17,1.7,1.2,0.9,Education,10,4.1,6.1
Jennifer Gomez,87,Male,Jonesside,8.1,7.7,71,5,0.1,9,3,5,1.4,143,6,2.8,0.7,0,Other,9,6.4,10
Amy Ponce,89,Female,East Williamborough,4.7,5.8,51,8,1.3,2,9,7,0.3,60,10,4.1,1.2,1.3,Browsing,6,5,10
Kimberly Mcdowell,38,Other,Elliottton,8.8,7.1,59,10,0.2,10,4,2,1.1,141,14,0.9,0.5,1.2,Browsing,8,5.5,10
Caitlin Cook,85,Female,Floresview,8.9,7,93,9,1.4,9,8,3,0,70,5,1.8,1.8,0.5,Browsing,9,4.4,10
Kyle Mercado,62,Male,Leonardfurt,3,3.5,83,1,1.9,1,4,3,0.6,35,17,2.3,3.3,1,Social Media,1,9.6,10
Daniel Carlson,23,Male,West Tammy,4.5,7.8,74,4,0.6,7,9,3,1.3,104,15,0.8,0,0.9,Browsing,4,4.1,6.5
Kathryn Cox,33,Female,Smithton,5.4,7.5,57,10,0,4,2,2,0.4,80,20,2.5,0.4,1.6,Other,1,5.1,10
Brandon Soto,29,Other,New Jaimemouth,6.3,3,74,10,0.7,6,2,4,0.7,95,8,2.5,0.9,0.2,Education,2,3.1,10
Scott Thompson,47,Female,Markport,5.9,5.8,71,2,2,6,7,1,1.5,76,18,1.4,1.6,2,Other,4,7.7,10
Michael Hopkins,5,Female,North Austin,10.6,9.1,93,8,2.8,10,6,8,1.4,36,7,3.7,1.2,2.5,Other,8,6.3,10
Wyatt Mills,87,Female,Campbellland,4.3,6.3,87,6,1.8,3,9,3,1.1,129,20,1.2,1.5,1.3,Gaming,7,6.1,10
Daniel King,66,Female,Lake Roger,7.9,6.5,61,9,2.1,1,3,7,1.1,49,5,2.6,1.5,2.3,Other,5,5.7,10
Abigail Mitchell,86,Male,Ortegafort,2.8,5.9,57,2,1,6,6,1,1,81,16,1.7,1.7,1,Browsing,2,8,8.1
Russell Pittman,12,Male,Lake Brent,3.8,6.7,60,4,2.8,4,4,3,1.1,24,19,1.3,1.8,0.4,Other,5,7.7,7.8
Stephanie Simpson,71,Other,Alyssaton,5.6,9.4,83,7,0.3,9,9,8,1.2,77,19,1.4,2.5,0.9,Browsing,8,4.3,10
Bianca Williams,61,Female,North Reginahaven,9.7,5.8,76,0,2.6,2,7,9,1.5,100,12,1.7,0.4,0.6,Gaming,7,7.6,10
Joshua Obrien,22,Male,Lawrencefort,4.3,8,74,9,1.4,8,3,4,1.3,22,16,2.6,2.4,1.9,Browsing,1,5.1,8.9
Justin Clark,49,Male,Port Royfurt,5,3.3,98,8,1.5,5,6,7,0,48,18,3,2.2,2.5,Social Media,7,5.2,10
Ryan Fletcher,72,Female,Ashleytown,4.8,10,57,0,0.4,10,4,7,0.2,92,7,2.1,1.3,0.5,Other,7,1.5,6.4
Matthew Floyd,64,Male,Katherineport,4.2,7,62,6,0.4,8,3,8,0.9,68,14,1.8,1.9,1.3,Other,6,4.3,8.6
Kelly Vasquez,25,Male,South Dawn,8.4,7.7,99,5,0.4,6,5,4,0.3,143,6,2.7,0.8,0.9,Gaming,1,8.1,10
Amanda Jacobs,59,Other,Lake Janetborough,6.2,7.9,79,5,2.6,1,4,2,0.7,71,17,0.9,0.6,0.2,Gaming,10,8.1,8.6
Angela Parrish,72,Female,East Kyle,4.8,5.4,82,2,1.3,5,8,2,0.9,39,14,1.4,1.6,0.5,Gaming,7,7.9,8.7
Lauren Flynn,78,Female,Port Marcus,8,7.7,75,1,1,4,6,4,0.2,107,11,2.7,1.3,1.6,Social Media,3,5.3,10
Tara Stevens,66,Female,West Carlos,6.7,3.5,74,10,0,2,7,3,0.6,70,11,0.4,1,0.2,Social Media,7,7.1,10
Joseph Sellers,46,Other,East Paula,7.2,4.4,52,5,0.1,6,2,9,0.5,50,13,1.5,0.3,0,Browsing,5,6.4,10
Daniel Mullen,50,Female,New Rebeccamouth,6,5.6,89,5,0.9,1,7,8,1.6,112,19,2.7,1.8,1.1,Social Media,7,4.7,10
Edward Bradley,39,Other,Port Lindseyberg,7.4,4.6,86,6,0,8,3,9,1.6,90,20,2.3,1.3,0,Social Media,2,7,10
James Mcconnell,76,Female,South Steven,7.5,8.5,82,7,1.2,3,9,8,2.2,45,15,2.2,0.7,1.1,Gaming,3,6.2,10
Emma Hendrix,52,Male,Aprilburgh,7,6.8,77,9,0,10,6,9,0.6,140,10,3.4,1.4,1.1,Social Media,6,5.1,10
Spencer Cook,49,Female,East Kelly,5.8,7.3,77,10,0.4,10,3,7,1.2,74,8,2,1.5,2.1,Education,8,5.9,8.7
Robert Ramirez,37,Female,Lake Brandonburgh,3.9,8,57,9,0.4,1,5,6,2.1,92,10,2.4,0,0.7,Other,1,7.3,6.1
Linda Cooley,60,Other,Lake Rebecca,5.3,6.2,91,6,1.3,6,10,7,0.8,143,16,1.7,0.2,0.7,Social Media,2,7.3,10
Anne Gonzales,16,Male,Lisaland,3,5.6,77,1,0.4,7,7,6,1.4,27,17,4,0.9,0.9,Education,1,5.3,9
Travis Ellis,25,Male,Lake Tonyfort,4.2,6.2,58,4,0.8,6,5,10,0.3,90,14,0.6,0.9,0.9,Browsing,2,7,7.2
Nicole Reynolds,7,Male,West Ryan,7.8,6.6,85,8,2.3,1,4,3,1.7,148,16,3.1,3,1.8,Other,2,6.9,10
Ivan Martinez,19,Other,Sophiachester,5,6.6,82,1,1.3,7,5,5,0.4,25,14,0.5,1,0,Other,1,4.8,6.5
Tara Carter,48,Male,West Michaelland,6.4,5.1,89,10,1,4,8,1,1.5,139,6,2.9,3.2,1,Gaming,5,5.3,10
Alicia Hill,90,Other,Lake Davidfort,4.7,3,83,10,0.9,8,2,9,1,102,5,2.1,1.2,1.4,Social Media,10,6.8,9.5
Victoria Morgan,32,Female,Lake Ashley,6.1,5.3,94,3,1.5,1,7,9,1.2,100,13,3.6,0.8,0.5,Education,6,7.8,10
Joseph Sweeney,27,Other,Reyeston,5,5.4,71,7,0,10,5,9,1.1,83,20,4.1,1.5,0.3,Social Media,2,4.6,10
Maria Mendez,32,Female,Shawnfurt,3.4,8.4,72,10,1.5,6,10,1,1,32,15,2.6,1.4,2.2,Education,10,2.8,6.8
Ruben Adams,21,Female,Brandyview,2,7.1,59,2,1.3,9,9,7,0.9,128,6,2.7,0.8,2,Other,7,9.7,5.7
Robert Morrow,36,Female,Garymouth,6.6,6.9,83,8,0,4,8,3,1.2,40,10,3.4,1.8,1.4,Browsing,8,1.6,10
Jeffrey Dunn,20,Male,Derrickmouth,2,7.9,99,5,1.7,10,8,2,1.4,103,8,3.2,0,2.1,Browsing,8,7.4,4.9
Shane Jefferson,94,Male,Wagnershire,3.5,6.5,100,9,2,8,4,5,0.9,150,12,0.2,2.3,1.6,Gaming,7,2.7,8.1
Christine Webb,69,Male,Rachelside,8,4.8,74,0,1.9,6,4,4,0.8,80,19,3.7,1.8,2.1,Gaming,6,1.5,10
Christopher Walker,61,Other,South Kimberly,7.5,6.2,65,5,0.9,1,9,5,0.5,77,20,1.8,0.6,0.2,Browsing,8,4.9,10
William Lee MD,11,Female,Martinshire,5,7.6,77,1,0.3,6,9,2,1.4,106,18,3.8,2.1,0.8,Other,8,4.2,10
Robin Smith,12,Female,Rebeccaborough,1.6,4.8,83,7,1.4,10,6,10,0.7,20,7,3.3,1.1,0.7,Browsing,8,6.1,5.4
Anthony Young,12,Male,Port Brandon,8.2,5.1,79,8,2.8,9,3,3,0.8,90,19,3.1,1.3,2.3,Other,7,6.3,10
Michael Williams,96,Male,East Kevinville,4,3.3,69,3,1.7,3,3,8,1,142,9,3,0.2,1.7,Gaming,6,10.8,10
Aaron Thomas,85,Female,Markfurt,3.5,10,50,5,0,7,10,7,1,50,11,1.9,0.8,0.6,Education,7,4.3,4.4
Michele Galvan,3,Male,North Robertstad,2.6,7,94,3,2.2,4,4,5,0.9,150,5,1.9,2.5,0.4,Gaming,10,8.3,7.5
Christina Wilson,56,Male,Laurietown,7.6,7.8,93,4,0,7,2,7,1.2,67,19,3.2,2.6,1.2,Other,2,6.8,10
Sandra Bolton,40,Male,West Michael,7.1,9.6,92,10,0.6,3,10,10,0.7,33,5,1,1.2,1.3,Social Media,6,6.6,6.2
Patrick Li,3,Female,North Richard,6.8,5.8,77,5,1.2,5,7,8,1.8,21,5,1.4,1.1,0,Social Media,2,9.7,7.8
Colleen Norris,38,Female,West Nathan,3.7,5.5,57,8,0,2,9,3,1,33,17,3,0.2,0.7,Gaming,7,3.6,8.2
Valerie Munoz,35,Male,Tiffanyton,5.2,5.2,68,9,1.3,5,1,3,0.7,20,13,2.4,1.4,0.5,Education,2,5.8,9.4
Steven Atkinson,21,Female,North Johnstad,6.2,6.2,80,3,0.9,4,9,10,0.2,35,10,2.4,1.4,1.1,Browsing,7,4.2,9.6
Marissa Smith,44,Male,Frankhaven,3.4,7.1,54,3,0.9,10,9,5,1.5,102,15,2.5,0.9,1.5,Gaming,10,8.2,8.3
Jeffrey Coleman,59,Male,Lake Richardside,3.2,5.4,78,3,1.4,4,10,9,0.4,145,17,2.4,1.1,0.5,Social Media,7,4.6,10
Courtney Mcclure,43,Male,Lake Stevenland,3.3,4.9,93,0,0.6,3,4,8,1.5,34,16,2,0,1.4,Gaming,1,2.4,6.7
John Fitzgerald,29,Other,Port Billyshire,4,4.4,58,10,1,9,6,1,0.8,92,14,2,2.8,1.2,Social Media,9,5.9,10
Matthew Schneider,20,Other,Lisamouth,4,8.8,71,8,0.7,10,5,4,1,120,16,1.7,3.7,0.9,Other,3,5.6,10
Bailey White,73,Other,Port Rebecca,4.3,7,55,4,2,6,1,7,0.8,142,13,2.3,1.5,0,Social Media,6,8.2,10
Neil Knight,69,Female,North Johnshire,3.8,6,76,6,0.9,6,2,8,0.8,123,14,3.3,1.6,0.9,Other,10,8.2,10
Rebecca Short,11,Male,Port Christina,2.6,6.7,59,1,1,2,8,1,1.5,50,19,1.2,2.7,2,Gaming,8,6.4,8
Mary Barrett,6,Female,Brockchester,6.3,5.9,88,1,0,9,10,9,0.5,141,11,3.5,1.1,0,Browsing,2,6.7,10
Nicholas Ford,31,Female,Port Jeanfurt,3.3,5,92,10,0,6,6,10,1.7,35,18,5,2.8,0.5,Gaming,6,7.1,10
Brandi Harrison,48,Female,West Elizabeth,5.9,5,88,10,0,1,3,5,0.8,112,15,1.8,1.8,2,Browsing,5,1.8,10
Taylor Sanchez,7,Other,Stephaniechester,2.9,3.3,56,2,1.1,2,7,2,1.5,89,11,2.5,0,0.6,Browsing,5,6.2,7.7
Robert Berry,2,Other,Melissatown,5.5,7.5,97,7,2.1,8,8,10,1.2,118,17,3.4,1.9,0.4,Gaming,8,6,10
Michele Romero,92,Female,East Steven,4.7,7.2,69,4,1.2,8,4,4,0.8,53,11,3,2.2,0.7,Browsing,1,6.2,9.6
Susan Hernandez,59,Female,East Juliaborough,8.6,8.1,72,7,0.6,5,2,3,1.5,101,19,2,2.1,2.1,Social Media,5,2.9,10
Diana Herrera,67,Female,West Tiffanystad,5,4.3,66,9,1,4,7,2,0.5,28,15,5,2.4,0.8,Browsing,7,6.9,10
Kimberly Adams,21,Female,Port Charles,7,5.7,57,3,0.9,2,4,10,1.1,57,12,4.8,1.2,1,Education,7,5.4,10
Steven Horne,64,Male,New Abigailborough,3.4,5.5,61,1,1,2,8,9,1.3,27,12,1.8,0.6,1.4,Other,10,5.5,6
Shawn Moreno,11,Male,Hugheshaven,2.7,7.3,82,8,1.5,10,1,2,1.3,131,10,2.2,0.9,1.7,Browsing,5,6.7,6.8
Claudia Kelly,29,Male,Contrerasburgh,4.6,8.9,93,6,1.3,5,7,7,1,44,8,1,0.8,0.3,Other,4,6.2,4.4
Jason Shaw,36,Female,South Nicole,4.2,7.5,87,5,0.3,9,1,8,0.9,75,8,1.5,3.8,1.6,Other,1,8.3,8.9
Pedro Diaz,14,Other,Wendymouth,4,7.1,98,6,1.9,6,1,8,0.3,79,16,1.8,3.4,1,Education,5,4.9,10
Xavier Ruiz,2,Female,Annafurt,5.3,4.4,68,10,0.2,2,7,6,0.4,136,9,2.7,1.9,1,Gaming,4,10.1,10
Mark Ellis,47,Other,Susanport,3.3,6.7,69,2,0.5,6,4,7,1.6,20,10,1,0,0.2,Education,8,5.4,3.3
Mrs. Jillian Pennington MD,47,Female,New Edwardfurt,3.4,6.2,79,10,1,10,5,2,0.9,109,11,4.3,2.3,2.3,Gaming,7,6.2,10
Joel Simmons,52,Female,Watersland,3.7,6.5,99,1,0.3,5,3,9,0.5,93,6,1,3.3,1.3,Other,3,2.8,7.8
Michelle Williams,57,Female,South Dana,5.2,6.3,76,10,0.8,10,10,5,1,125,20,3,0,0.7,Social Media,3,2.8,10
Bill Lopez,53,Female,Hortonmouth,8.2,7.6,62,10,1.5,2,6,2,0.8,61,10,2.2,0,1.2,Social Media,3,7.7,9.8
David Williams,32,Other,Daughertyshire,6.2,6.1,67,8,0.2,10,10,3,0.8,95,11,2.6,1.9,0.7,Social Media,3,4.2,10
Kimberly Vazquez,54,Female,Carlastad,7,7.4,93,7,2,7,4,8,1.3,94,19,3.1,1.6,1.3,Social Media,2,3.5,10
Kim Christian,65,Male,Millsbury,3.7,5.3,79,3,1.2,8,3,4,1.4,96,7,2.5,1.6,2.2,Browsing,7,5.3,8.5
Michelle Krueger,48,Other,Hernandezbury,8.2,5.1,76,4,1.1,6,1,4,0.9,29,12,2.3,1.4,1.5,Gaming,3,7.5,10
Jessica Herrera,77,Female,North Kellychester,7.5,8.4,95,10,0,8,4,5,1.9,56,7,1.8,2.3,1.2,Browsing,8,5,9.9
John Kim,16,Male,Lake Pamelaberg,2.5,6.7,81,1,1.6,7,1,8,0.6,85,6,1.2,2.1,0.7,Other,5,7.4,5.4
Marcus Walker,38,Other,Brendastad,6,6.7,80,7,1.1,7,1,10,1.7,133,7,2.9,2.2,0,Education,8,5.4,10
Rhonda Hurley,61,Female,Hartmouth,4.8,4.8,59,0,0.8,7,1,5,0.5,55,13,2,1.2,1.5,Other,7,3.3,9.3
Michele Green,15,Female,Williamsfurt,4.5,8.7,57,9,0.3,9,8,1,0.4,147,10,1,0.9,0.3,Other,5,2.8,7
Brandon Sanchez,59,Male,South Raymondmouth,6.2,6.9,67,2,0.3,8,9,2,1.1,122,16,2.3,1.4,1.9,Education,6,4.7,10
Latoya Thomas,66,Other,Angelaburgh,7.8,5.4,91,8,0.9,9,6,4,1,147,11,2.8,1.3,0.9,Browsing,10,2.4,10
Renee Lee,70,Male,West Jenniferfort,6.5,6,85,0,0.1,8,4,9,0.3,108,18,1.4,0.7,0,Gaming,6,5.3,10
Nicole Shaw,55,Other,Robertsside,4.1,10,56,2,0.5,6,2,1,0.8,128,6,1,1.6,0,Browsing,10,8.9,5.5
Kelly Kelly,15,Female,New Charles,4,6.5,87,8,0.2,2,10,9,1.7,59,6,4.1,0.4,0.3,Social Media,1,5.3,7.6
Timothy White,56,Other,Davidfort,3.8,7,96,4,1.4,5,7,7,0.4,128,17,2.4,0,0.4,Social Media,3,5,8.7
Robert Booth,93,Other,West Aaronchester,5.3,5.7,76,0,0.8,9,3,9,0.2,71,19,1.5,2,0.3,Education,9,6.8,10
Kevin Welch,24,Male,New Sherry,2.4,7.2,85,7,0,9,6,8,0.4,40,18,3.3,1.9,0,Gaming,4,4.4,8.4
Rachel Garrett,68,Male,West Vanessaport,3.3,5.7,83,10,0.8,7,5,8,1.6,120,7,2.8,2.9,2.2,Gaming,10,8.1,10
Jennifer Spencer,93,Other,East Claudiafort,6.8,8.5,69,3,0.6,1,3,3,1.7,50,7,3.7,3,0.3,Other,1,5.3,10
Ricardo Maynard,91,Male,Taraport,6.2,5.8,53,2,0,3,6,5,1.7,109,19,2.1,1.9,1.1,Other,5,4.3,10
Victoria Cisneros,93,Female,South Vincentshire,3.9,5.3,63,10,1.3,8,2,7,1.6,141,19,1.3,2.4,0.3,Other,8,3,10
Anthony Sutton,51,Female,Fosterberg,3.7,6.7,53,6,1.9,10,8,7,1.7,26,9,2.3,0,0,Education,7,8.2,5
Jonathan Nash,22,Male,Christinafurt,4.5,5.3,62,7,0,4,1,9,0.6,44,17,1.6,1.7,1,Gaming,7,7.7,9.4
Nicholas Pena,25,Female,Port Robinbury,7.3,4.4,62,0,0.3,10,7,9,1.6,62,14,4.4,2.5,1,Other,8,9.1,10
Thomas Huber,98,Male,New Williamchester,6.9,8.3,83,6,2.4,3,1,1,0.7,107,16,1.4,1.4,1.4,Education,1,8.6,10
Brandon Anthony,63,Male,New Joshua,6.9,8.1,76,10,1,1,5,2,0.4,67,20,0.9,1.8,0.5,Browsing,10,6.5,10
Daniel Reese,32,Other,Lake Danielleburgh,6.8,5.4,75,3,1,9,9,6,0.8,25,20,1.7,0.3,1.6,Other,10,4.1,10
Rose Gordon,43,Male,Port Shaunhaven,4.7,6.9,78,9,1.3,9,2,3,1.2,91,6,2.6,0.9,1.3,Education,8,4.6,7.8
Christina Williams,36,Female,West Tony,4.3,3.8,93,6,0.6,1,7,5,0.6,89,9,2,1,0.7,Social Media,5,4.7,9
Taylor Hernandez,30,Male,Port Andrea,2.2,3.8,94,6,1.2,8,9,6,1.4,100,16,3.5,3.3,1.2,Other,4,6.3,10
Benjamin Taylor,68,Female,East Michaelside,4.3,5.4,56,10,1.6,9,2,10,0.9,144,8,3.3,2,0.2,Education,4,7.7,10
Megan Burke,59,Male,Ryanview,4,6.7,89,9,0.6,5,8,7,1.6,26,20,2.9,1.1,1.4,Gaming,5,6,9.2
Robert Hays,4,Other,East Daniel,9.2,8.3,96,2,1.3,10,3,9,2,95,14,1.6,1,1.9,Education,4,4.2,10
Alexandra Brown,73,Male,Butlertown,6.7,5.8,95,6,0,4,8,10,0.9,53,11,2.4,1.4,1.7,Education,8,2.6,10
Chloe Moore,60,Other,New Ashley,5.3,8.5,99,5,0.5,5,3,9,0.7,85,15,2.6,0.7,1.1,Browsing,5,2,9
Christopher Hamilton,90,Female,North Cindyberg,2.9,8.1,82,0,1.2,1,2,7,1.4,129,5,2.1,2.3,0.8,Browsing,10,7,6.8
Robert Pham,26,Male,Port Lisaville,5.1,9.9,84,9,1.2,4,4,10,0.5,66,7,3,1.2,1.2,Other,7,6.9,7.1
William Watkins,40,Female,Williamsbury,3.2,8.8,79,6,0.8,6,6,10,1.3,75,12,2.1,1.7,1.4,Other,9,5.7,6.5
Vanessa Knapp,97,Male,Colemanville,6.1,7.4,73,6,0.1,2,7,7,1.5,59,5,2.6,2,1.1,Social Media,10,5.3,9.2
Edgar Smith,57,Other,Beverlyfort,3.4,5.4,92,4,2.2,6,1,7,0.7,25,16,2.3,0.8,1.1,Social Media,7,7.4,7.5
Christopher Blevins,68,Male,Port Amandastad,5.7,5.8,95,8,1.1,1,3,8,1.4,64,19,2.5,1.4,1.2,Education,6,9.7,10
Katherine Williams,78,Female,West Dakotaview,3.1,9.2,75,8,1.2,2,10,2,1.3,41,19,3.5,1.1,0.2,Social Media,8,7.5,7.7
Michelle Neal,67,Female,West Danielland,2.6,6.9,86,2,1.6,4,7,5,0.8,44,9,2.2,2.2,2.9,Other,10,5.1,6.2
Lisa Cardenas,72,Other,Jacksonmouth,4.3,6.4,73,10,1.7,5,7,3,0.7,73,9,1,1,1.2,Gaming,4,3.3,6.4
Tiffany Briggs,23,Other,North Jacob,6.7,6.6,95,0,1.2,8,2,6,0.7,93,15,3.8,0.3,1.7,Browsing,2,4.1,10
Christina Gallegos,18,Female,Port Dawn,8.6,6,56,0,2.1,7,10,9,1.3,114,17,2.1,0.1,0.9,Education,10,5.4,10
Lisa Adams,37,Female,North Danastad,3.2,7.3,74,1,0.2,6,8,7,1.4,106,11,1.8,0.3,1.4,Social Media,9,5.3,6
Aaron Anderson,47,Female,Troyburgh,7.1,8.7,100,1,0.7,8,7,5,1,82,14,2.9,1.6,1.1,Education,7,5.8,10
Martin Clark,78,Other,Howardbury,6.8,7.5,84,1,2.7,7,8,10,1.7,116,9,1.3,1.2,1.3,Education,4,7.7,9.7
Peter Nguyen,66,Other,North Michael,8.8,6.8,83,9,0.3,2,2,1,1.4,149,5,3,1,2,Social Media,10,6.3,10
Joshua Williams,12,Female,Omarborough,5,6.6,50,2,0.9,9,3,5,1.1,69,16,3.6,1.7,2.2,Other,7,4.8,10
Terri Walter,5,Male,Bowmanport,5.5,6.8,51,4,1.8,10,1,8,1.1,96,13,3.3,4,0,Other,9,6.5,10
Richard Wilson,54,Female,Markbury,4.6,6.6,99,3,1.7,5,4,7,0.9,43,5,3.2,0.5,2.5,Browsing,10,2.5,6.9
Amy Phillips,61,Male,North Harold,4.8,7.5,68,9,0,4,2,2,0.7,102,11,2.7,1.1,1.2,Browsing,1,5.9,9.1
Drew Mitchell,53,Female,Schneiderbury,4.3,7.1,63,3,1.5,6,5,10,0.9,65,5,0.6,3.1,0.8,Other,7,2.4,6.7
Shane Davis,84,Female,East Alicia,6.4,6.3,89,1,2.6,5,9,9,0.2,31,12,3.7,0.7,1.3,Other,7,4.4,10
Denise Lin MD,74,Male,South Juliaton,2.2,4.9,62,9,0.1,3,4,7,1.4,127,8,3.1,1.5,2.4,Browsing,4,6.1,8.5
Steven Andrade,43,Other,Robertburgh,6.9,7.4,50,5,0.9,5,3,4,0.7,58,20,0.9,1.3,1.2,Social Media,3,6.9,10
Angela Brown,63,Female,Barbarastad,3.8,6.5,91,4,1.6,7,2,8,1.9,134,11,4.3,1.2,1,Gaming,8,7.5,10
Daniel Sherman,62,Male,East Brian,4.1,7.5,93,9,0.9,3,5,6,0.4,25,9,2.7,1.6,1.4,Browsing,6,4.5,7
Makayla Smith,45,Other,Watkinsville,5.1,7.9,51,0,0.5,1,5,4,1.7,115,5,2.9,1.2,0.7,Other,5,7.9,8.5
Jeremy Carter,19,Female,Lake Marybury,1.8,6.7,73,10,1.6,1,9,5,0.7,143,8,4.6,1.8,0.7,Social Media,9,1.7,9.3
Jennifer Rangel,81,Male,Morrisonville,6.1,7.2,56,2,1.2,4,9,4,1.3,99,14,4.2,1.6,0.5,Social Media,2,6,10
Tina Thomas,65,Male,Thompsonport,4.8,7.7,64,9,0.4,2,9,7,1.7,23,8,2.4,1.2,1.2,Other,3,4.8,6.6
Mark Donovan,16,Female,South Keith,8.4,6.6,92,7,1.7,7,10,1,1.7,87,14,0.5,2.5,0.2,Social Media,3,8.4,10
Sarah Frye,98,Female,Port Jillianton,6.5,5.6,58,2,0,5,1,8,0.5,79,9,2.9,3.1,1.2,Social Media,5,6.8,10
Mr. Jaime Martinez,98,Other,Ryanhaven,3.7,6.8,64,2,1,5,4,7,1.9,123,10,2.8,2.4,0.6,Browsing,8,8.5,10
Kelly Briggs,14,Male,East Josephborough,8.9,3.9,91,5,0.7,9,3,4,0.9,33,13,2.7,1.4,3,Gaming,3,5,10
Mrs. Karen Allen,5,Male,Perezfurt,4.1,6.8,52,7,0,9,8,3,1.4,30,7,2.3,2.9,0.7,Other,5,10.3,7.9
Richard White,82,Other,Goodmanton,4.1,4.4,71,2,0,1,3,6,0.4,110,13,2.2,1.3,1.5,Education,7,6.7,10
Alex Schneider,86,Male,West Rachelshire,4,7.2,69,4,1.5,5,7,10,0.9,102,7,3,1.6,2,Other,6,6.3,8.4
Michael Bell,100,Other,Abigailberg,6.8,8.8,56,10,0.9,9,10,7,1.2,132,19,2.5,0.2,1.9,Gaming,8,5.5,10
Angela Allen,67,Other,Lambury,3.1,7.3,77,3,0.3,4,4,2,0.8,128,7,2.7,1.8,0.8,Gaming,10,6.3,7.9
Mrs. Kristina Watson,39,Female,North Janetview,7.6,6.5,88,8,0.6,5,6,4,1.3,134,12,2.1,1.6,1.2,Education,4,12,10
Virginia Brown,55,Male,Smithhaven,5.5,5.2,78,5,1.8,1,3,4,1.1,136,11,2.3,1.4,0.5,Browsing,6,6.8,10
Morgan Williams,35,Other,South William,4.9,3.3,99,10,1,9,1,8,1,60,9,0,1.1,1.1,Other,8,10.6,7.4
Robert Gomez,24,Male,Lisaburgh,6.1,6.1,86,9,1.6,7,4,7,0.1,93,18,3.1,2,0.5,Social Media,4,5.9,10
Anthony Padilla,2,Other,South Cassandra,2.2,3,58,4,0,6,3,10,2,44,14,2.2,0.6,0.8,Education,4,4.1,7.2
Dr. John Sullivan,61,Other,Loriview,7.7,7.3,70,4,0.7,5,8,6,1.5,79,10,1.9,1.6,1.6,Other,4,6.4,10
Holly Adams,57,Male,Samuelfort,1.9,3.9,50,0,1,1,5,9,1.9,41,7,2.8,2.2,0.9,Social Media,6,5.5,7.2
Matthew Lee,43,Male,Castillofurt,5.6,4.1,80,3,1.5,9,9,9,1.7,42,19,2.6,3.6,0.9,Education,9,8.2,10
Karen Smith MD,92,Other,South Johnview,3,8.9,82,2,1.5,6,4,5,1.5,141,7,3.3,0.2,1.1,Social Media,6,6.5,6.3
Madison Jackson,86,Male,East Carlmouth,1.8,5.7,85,7,1,2,10,2,1.5,120,18,2.9,2.8,0,Gaming,7,7.7,10
Benjamin Vance,48,Male,North Gary,4.5,5.2,95,6,0.4,3,6,1,1.4,146,8,3.3,1.5,0.7,Gaming,3,2.5,10
Geoffrey Green,33,Other,New April,3.1,8.1,70,3,0,5,8,1,0.4,55,17,2.3,2.3,1.6,Education,5,5.7,8.1
Alex Cook,8,Male,Martinezberg,5.8,5.7,55,4,1.8,4,6,9,1.3,143,12,1.4,1.2,0.6,Browsing,6,8.5,10
Edward Kemp,53,Female,Johnsshire,7.6,6,63,8,1,9,1,6,0.9,27,19,3.3,4,1.5,Other,6,7.3,10
Erika Brown,42,Female,Lake Alyssabury,6.2,6.1,75,6,0.2,8,3,2,1.2,76,8,2.1,1,1.4,Social Media,6,6.5,9.4
Katherine Kelley,55,Male,Diazmouth,1.4,5.2,77,6,0,8,8,8,0.4,86,11,2.6,2.2,1.4,Gaming,8,4.9,7.5
Mr. Mark Higgins,86,Other,Peterchester,4.4,6.2,56,1,1,1,9,9,0.7,57,17,1.3,2.8,0.9,Social Media,6,1.9,9.9
Charles Lewis,98,Female,Cooktown,7.4,6.5,90,2,2.5,4,1,1,0.6,103,7,1.3,0.6,2,Other,5,3.3,9.5
Matthew Watkins,87,Female,Bryanville,6.5,3.4,84,2,1.2,7,6,10,0.5,26,10,1.8,1.8,0.8,Social Media,9,7.5,10
Michael Walters,41,Other,Mitchellhaven,3.9,4.4,65,10,1.1,3,6,2,0.5,51,16,3.7,1,1.5,Other,6,5.9,10
Luis Nelson,98,Other,Ambermouth,4,5.3,62,6,0.8,7,1,7,0.7,119,8,3.5,1.2,0.8,Social Media,4,4.9,10
David Smith,47,Female,Hallfurt,3.3,8.8,91,10,1.4,1,3,10,1.7,114,5,3.5,0.4,0.8,Gaming,1,8,6.1
Ian Lawson,33,Female,North Charlesmouth,6.5,6.9,53,2,0.9,3,7,5,0.9,64,15,1.8,0.9,1.7,Education,5,4.7,10
Dr. Jason Yates,66,Male,Buchananfort,5.4,3,91,2,2.4,6,4,9,0.4,24,6,4,0.5,1.3,Browsing,5,3.9,10
Melanie Bowman,21,Other,New Timothy,3.1,8,98,10,0.9,4,4,9,1.1,45,19,2.2,0.5,1.8,Education,9,4.5,6.5
Steve Graves,86,Other,Port Nicholasborough,4.4,7.3,77,9,0,10,5,4,0.8,72,9,2.2,1.2,0.5,Education,2,4.9,7.4
Tracy Lynn,88,Other,Marquezview,4.9,5.2,60,9,2,7,9,10,0.1,125,19,2,1.1,2.3,Education,4,7.6,10
Ray Henderson,29,Male,Port Kimberly,5.6,8,73,9,0.9,6,7,9,0.6,75,13,2.1,0.3,0.5,Gaming,1,6.8,8.1
Kurt Gallagher,14,Male,Kathleenbury,6.4,7.1,94,6,1.3,8,5,10,0.9,113,16,2,0.6,1.8,Other,3,3.8,10
Ian Riley,14,Other,Port Stephen,8.7,8.6,97,9,1,10,3,2,0.5,59,5,3.4,2.2,1.9,Social Media,2,9.7,10
Steven Hendricks,46,Male,Rasmussenport,6.7,3.9,90,6,0,10,1,3,1.4,31,14,2.1,1.6,0.3,Browsing,4,4.7,10
Eric Cunningham,2,Other,West Amyfort,8.7,6,87,9,1,1,8,8,0,137,5,1.6,1.3,1,Browsing,6,6,10
Kevin Jensen,13,Male,East Melinda,1.9,3.6,70,3,0.3,5,5,9,0.8,53,11,3.3,1.3,0.7,Browsing,4,1.7,8
Jared Collier,96,Other,Lake Jamestown,7.8,5.3,67,9,1.3,6,4,4,0.9,122,20,2.9,1,0,Education,8,7.3,10
Michelle Hicks,59,Female,Stewartport,3.7,5.9,83,6,1.4,3,1,5,1.2,83,11,1.5,0.9,0.9,Browsing,1,5.9,7
Mr. Brian Garcia,7,Other,Cynthiaville,8.4,5.2,95,2,0.4,9,6,6,0.6,108,14,2.6,2.9,0.1,Browsing,1,2.3,10
Monica Hill,9,Male,North Stevenshire,8.8,7.3,80,10,1,4,3,3,1.1,58,10,3.5,1.9,0.6,Other,3,4.7,10
Peggy Butler,54,Male,New Natalieside,6.2,6.2,64,8,2.5,10,3,3,1.9,41,13,3.4,1.9,1.6,Social Media,8,8.5,10
Ralph Allen,64,Other,New Jessica,3.8,3.9,73,2,1.8,5,1,8,0,85,6,1.5,1.9,1.3,Other,7,6.5,8.2
Robert Foster,61,Other,Smithburgh,6,7.4,57,5,1,9,8,3,0.9,113,18,2.5,0.4,0.6,Education,8,5,10
Sabrina Hicks,2,Other,West Justin,2.4,8.3,100,8,0,6,3,9,0.6,93,18,3.3,0.2,0.9,Social Media,7,3.3,7.2
Tony Smith,18,Female,North Alexis,5.7,5.5,77,6,1.1,10,1,9,1,114,10,3,1.4,2.2,Social Media,5,7.9,10
David Hays,80,Other,South Susan,6.3,6.5,94,8,1.7,7,9,10,0.5,85,5,1.9,0.2,0.8,Education,4,8.7,7.8
Debbie Thompson,85,Other,Martinezborough,6.3,5,74,10,0.1,8,8,9,0.4,24,9,1.8,0.7,0.6,Browsing,2,7.9,8.6
Beverly Carter MD,66,Male,Susanton,0,6.6,66,10,0.5,2,3,6,0.9,136,15,2.1,0.8,1.3,Browsing,4,2.6,5.3
Jeremy Hayes,54,Other,South Lisaborough,6.3,8.8,63,0,0.4,9,3,8,2.1,32,20,1.8,3,2.2,Social Media,3,8.4,10
Curtis Jones,36,Other,Shaneburgh,5.2,7.4,87,9,0.2,6,3,9,1.5,57,13,2.2,0.7,1.8,Browsing,9,6.9,8.1
Jill Wilson,18,Male,Stacychester,3.5,5,97,4,1.1,9,2,5,1.6,34,5,1.1,1.6,1.5,Browsing,8,6.9,5.4
John Elliott,40,Male,Jamesberg,4.5,8.2,57,1,1.7,8,4,7,2,32,18,4.2,2.4,1.8,Social Media,1,3.5,10
Angela Davis,32,Female,West Traceymouth,4.9,6.5,85,10,0,9,8,2,0.9,110,19,3.9,2.1,1.1,Gaming,2,5.4,10
Kevin Davis,93,Other,Juarezmouth,4,4.8,82,8,0,10,10,1,0.7,23,18,2.4,1,0.3,Other,7,6.4,9.1
Rachel Lopez,52,Male,South Davidstad,4.2,5.1,75,5,0.9,7,8,8,0.7,128,11,3,1.7,1.3,Gaming,10,8.1,10
Tyler Silva,77,Male,Robinsonfurt,6.2,6.7,57,1,0.6,5,9,1,1.6,71,19,2.2,0.8,1.6,Gaming,6,6.9,10
Stacey Walker,59,Male,Smithton,3.8,8.8,55,10,0.8,9,1,7,0.5,83,15,3.4,1.8,0,Social Media,5,7.5,9.3
Leslie Price,88,Other,Lake Manuel,4.1,3.6,77,9,2.3,9,2,3,0.8,140,14,2,2,0.5,Education,4,6.3,10
Manuel Moody,70,Other,South Christopher,4.3,6.4,75,10,2,6,2,8,1.6,73,7,0.4,1.5,1.4,Browsing,9,4.8,5.9
Parker Lopez,6,Male,Laurentown,4.7,8.3,97,6,0.2,3,8,6,1.3,119,9,3,0.6,1.1,Gaming,9,5.5,8.3
Catherine Collins,33,Male,North Carlosstad,4.5,5.3,82,9,0,3,3,2,0.7,37,18,0.8,1.7,1.9,Browsing,1,6.8,8.7
Danielle Bush,87,Male,North Christopher,3.5,5.5,58,6,1.5,5,5,9,1.5,70,8,1.7,1.2,0.4,Gaming,10,8.1,6.6
Ryan Haney,12,Other,Matthewmouth,4.1,5.7,79,1,0.6,5,9,3,1,108,19,1.2,0.4,1.3,Social Media,9,4.6,8.8
Natalie Wood,6,Female,Lopezchester,4.9,7.2,56,7,0.5,10,10,8,1.1,42,17,2.8,1.1,2.4,Social Media,1,6.7,9.4
Louis Rodgers,16,Male,East Matthew,7.3,5.4,87,2,2,7,6,7,1.5,134,7,1.9,0.3,1.8,Other,5,4.7,10
Taylor Martin,97,Other,Elizabethport,6.7,6.1,61,1,2,8,8,7,0.6,137,17,2.9,0.8,2.3,Browsing,1,6.1,10
Douglas Fisher,84,Female,Bonnieland,6.5,7.4,51,6,0.8,6,1,7,1.3,108,6,2,1.6,0.9,Other,6,2.9,9.8
Donald Sutton,28,Male,Meghanmouth,7.3,10,94,4,0.5,1,10,4,1.7,122,19,2.1,2.2,0,Browsing,2,7.1,10
Laura Smith,92,Other,New Adamchester,6.8,7.7,53,0,1.2,6,5,2,1.7,55,18,3.2,1.5,0.9,Other,8,7,10
Erika Hill,61,Other,Joannmouth,3.7,7.5,53,6,1.3,7,4,3,0.2,115,18,3.1,1.8,0.4,Other,2,4.5,10
Diane Walters,6,Other,West Rodneyfurt,5,6.9,50,0,0.4,9,9,2,0.7,108,19,1.8,2.3,0,Social Media,3,6.7,10
Madison Thomas,7,Male,Williamschester,6.8,9.4,67,6,0.8,8,1,2,1.3,57,20,1.1,1.1,1,Social Media,6,7.1,9.4
Lindsey Sheppard,40,Male,Brownstad,6.6,8.6,61,8,2,10,9,8,1.3,133,5,1.6,2.1,0.9,Other,7,7.8,9.7
David Williams,18,Male,Lake Amanda,3.8,5.2,75,5,0.9,1,2,7,0,123,18,4.5,0.4,1.6,Gaming,4,3.9,10
Phillip Campbell,56,Male,Martinezberg,3.9,8.4,61,8,1.1,5,7,1,0.4,76,5,1.1,0.6,1.7,Social Media,2,6.3,3.9
Sarah Smith,69,Male,Anthonyland,2.5,6.1,67,9,1.9,3,1,7,0.6,43,19,2.7,1.3,1.3,Education,8,7.9,8.1
Becky Perkins,81,Female,Davidshire,5.5,7.5,90,7,0.9,6,2,2,0.7,55,7,2.5,1,0.3,Other,9,4.4,7.8
Brenda Taylor,92,Other,West Deniseport,3.4,9,56,3,2.1,7,8,7,1,74,12,1.6,1.3,1,Other,5,5.7,5.7
Henry Wilkerson,79,Female,Gilbertburgh,5.9,7.7,81,6,1.6,1,10,3,0.5,136,6,1.3,1.6,0.7,Education,9,3.1,8.9
Dr. Hannah Johnson,36,Male,Lake Anne,6.7,5.1,75,3,0.8,6,7,1,0.5,59,8,3.1,1.5,0.5,Browsing,4,8.7,10
Melanie Villa,36,Male,Anthonyview,5.4,6.2,50,1,1.8,5,7,10,0.8,79,13,2.2,0.6,2.3,Other,8,5.1,9.3
Justin Edwards,26,Other,Cooktown,5.1,7.1,85,8,0.9,1,1,2,0,39,7,2.4,1.3,0.5,Browsing,5,2.2,7.4
Lawrence Miles,14,Other,Taylorview,4,7.1,96,8,1.6,7,2,3,0.3,32,15,3.4,0.4,1.6,Social Media,2,5.8,7.9
William Anderson,9,Male,Lauriestad,2.1,5.2,66,9,1.2,4,9,1,0.7,97,13,3.7,2.6,1,Social Media,2,10.6,10
Julie Watson,16,Other,Nathanielbury,8.6,6,53,6,1.7,2,4,9,0.7,128,15,1.2,1.7,2,Browsing,1,6.4,10
John Potts,64,Male,West Maria,6.2,6.5,58,6,0.9,5,3,3,0.7,109,18,3.2,2.3,2,Education,5,6.1,10
Alexa Simmons,92,Male,Davishaven,3.8,3.7,78,9,2,1,5,9,0.3,64,8,1.7,0.9,1.2,Education,6,9.6,7.4
Jennifer Anderson,54,Male,Ambermouth,7.4,4,96,5,1.5,1,4,2,1.2,146,14,3.2,1,1.3,Other,9,8.6,10
Amber Rodriguez,53,Female,Stephaniestad,5.4,4.3,93,2,1.2,8,10,4,1,38,20,3.5,3.4,0.9,Browsing,8,3.3,10
David Harvey,41,Male,Port Carrietown,5.2,8.6,76,1,1.8,10,3,6,1.1,33,8,2,1,1.6,Other,5,8.8,6.2
Kathleen Hansen,2,Female,East Reneestad,7.2,3.9,60,2,1.7,4,5,10,1.7,26,17,4.4,0.3,2,Education,1,4.8,10
Andrea James,55,Female,Lake Kevin,2.8,6.1,96,7,1.5,8,1,4,1.7,33,13,1.8,1.9,2.2,Education,7,8.1,6.7
Emily Moore,97,Female,Sandrahaven,7.8,7.9,79,4,2.2,2,5,9,1.3,30,15,1.7,0.2,0.5,Browsing,8,5.2,9.3
Logan Ortega,68,Male,Robertsfort,4.7,7.6,58,9,0.4,10,6,9,0.2,98,16,3.5,1.1,0.2,Education,1,9.6,10
Brian Sanchez,99,Male,Courtneyland,5.6,6.1,91,9,1.5,9,7,9,0.2,111,12,2.7,0.4,3,Other,7,2.9,10
Rebecca Williams,37,Male,Port Shawnland,3.8,7.1,99,7,1.1,3,7,10,0.8,26,20,4.1,1.8,0.1,Other,6,6.2,10
Lisa Baker,72,Female,North Brookebury,5,8.5,99,4,0,5,2,6,0,134,15,4.1,1.3,1.2,Education,1,6,10
Jessica Stevens,38,Other,East Bailey,5.2,8.7,51,1,1.5,3,10,8,0.9,81,18,2.6,0.1,0.3,Browsing,3,5.7,8.8
Christopher Juarez,58,Male,Butlerhaven,10.2,10,64,6,2,2,1,1,0.2,73,17,1.6,1,1.6,Social Media,10,5.3,10
Kathryn Bowman,35,Female,Jamieview,1.1,9,98,0,1.1,4,4,1,1.6,132,19,1.7,2.6,1.7,Education,6,5,7.3
Angela Morales,60,Other,South Louis,2.4,6,84,3,0,9,7,5,0.3,65,20,2.1,1.5,1.4,Gaming,8,4,8.3
Allison Lyons,50,Male,Reginafurt,5.5,7.4,93,7,1.3,9,5,5,1.5,81,6,3,1.5,0.6,Gaming,5,5.7,9.1
Tracy Werner,89,Male,East Michaelmouth,5,7.9,100,0,0.3,4,9,8,0.9,26,15,1.6,0,0.8,Social Media,4,8.4,6.2
Erica Lowery,34,Other,South Sarahville,2.2,7.2,79,0,1.5,8,1,3,0.1,56,9,2.5,0.7,0.7,Gaming,6,7,4.7
Troy Flores,86,Male,Lake Erikabury,5.2,7.6,76,9,0.8,9,1,6,1.3,147,14,3.2,0.9,1.4,Gaming,1,7.9,10
Kara Simmons,11,Other,East Lindsey,4.6,6.8,90,4,1.1,1,9,10,0.5,131,14,2.9,0,0,Other,4,3,9.5
Kelly Collier,34,Male,South Rachelfurt,7.6,6.6,76,4,0,7,3,9,1.3,79,12,1.5,2.9,2.1,Other,7,6.8,10
David Gonzalez,69,Other,East Erik,5,6.8,86,6,1.4,3,2,1,0.7,76,13,0.3,0,2.5,Browsing,5,8.2,6
Ronald Mueller,66,Female,Beckfort,4.9,4.7,66,8,1.5,7,4,1,0.9,92,20,1.3,1.1,0.4,Social Media,7,3.3,10
Douglas Powers,41,Other,Douglasfurt,7.1,7.9,84,10,0.5,5,6,6,1.1,110,6,0,3.2,0.5,Education,6,10.2,9.8
Vincent Fischer,30,Female,Thomasport,3.6,4.8,70,6,1.8,6,7,6,1.1,145,10,1.3,0.9,0.3,Other,8,5.3,8.3
David Steele,7,Other,Bestshire,6.4,6.4,77,8,1,2,7,2,0.8,148,10,2.3,1.9,0.5,Education,9,6.4,10
Vanessa Farrell,73,Other,Lake Brenda,4.4,8.7,88,1,0.3,10,4,1,1.1,150,20,3.2,0.1,0.8,Other,4,5.4,10
Benjamin Young,55,Other,Carolineborough,4.8,7.1,50,5,0.7,8,9,7,1.4,108,17,2,0.7,1.2,Education,2,6,9.5
Micheal Barnes,20,Male,Turnerfurt,10.2,4.7,83,0,1.3,2,8,4,1.1,53,16,2.7,2.2,1.3,Gaming,10,7.8,10
Johnny Vargas,87,Female,North Marisaside,5,7.7,70,6,2.6,3,3,7,1,110,20,2.7,0.9,0,Social Media,6,3.7,10
Annette Rodriguez,2,Male,North Taylor,6.8,6.2,87,7,0,1,4,10,0.6,72,5,1,1.1,0.4,Social Media,2,4.3,8.2
Joshua Butler,47,Male,South Taylor,4.1,5,58,5,2.3,10,7,10,0.9,80,20,2.6,1.3,1.4,Other,3,6.4,10
Mr. Paul Chen,56,Male,West Davidfort,7,4.3,53,0,1.6,9,6,5,1.4,133,13,1.7,2.2,0.7,Browsing,2,9.5,10
Leslie Salazar,75,Female,Lake Mariafurt,5.8,6.9,88,2,1.5,2,9,4,0.6,122,5,3,2.4,2,Other,7,6.6,10
Jamie Brown,43,Female,North Chase,4.2,3.6,60,6,0,5,5,9,0.9,137,15,1.7,2.3,1.4,Gaming,4,4.5,10
Andrew Hammond,50,Female,South Timothymouth,4,10,56,2,1.9,5,5,9,0.2,83,6,2.3,0.7,1.3,Other,5,5.5,4.9
Timothy Barber,47,Female,Stewartburgh,4.6,3.3,67,7,1.6,7,1,9,1.1,71,17,1.4,3.4,0.8,Browsing,5,5.9,10
Randall Foley,39,Other,Lake Jacobport,5.4,8.7,91,8,1.7,1,7,6,1.2,58,9,1.8,0.2,0.7,Education,10,5.7,6
Robert Wilcox,40,Male,West April,3.9,6.5,77,4,1.2,8,4,1,0.9,20,7,4,1.3,0,Gaming,9,6.6,7.8
Troy Rodriguez,81,Other,East Christine,4.3,3.8,50,10,0,8,9,6,0.4,73,7,3.4,1.1,0.4,Gaming,3,5.2,9.8
David Johnson,78,Male,East Marktown,3.6,7.2,92,3,1.8,1,5,9,1.5,36,9,3.3,0.1,1.1,Other,1,4.5,5.9
Elizabeth King,47,Male,Carolynland,2.8,8.9,91,5,2,3,3,10,0.7,51,15,4.1,0.3,0.7,Browsing,1,4,6.8
Joe Riley,22,Female,Port Cynthialand,4.3,7.4,91,6,0.7,2,4,1,0.8,24,20,2.9,1.6,2,Social Media,3,6.3,9.6
Christopher Padilla,9,Male,Leeside,8.6,6.6,78,10,0.9,2,8,6,1.1,108,16,2.1,2.2,0.7,Browsing,6,4.6,10
Sarah Butler,33,Male,Lake Stacey,6,4.4,77,8,0.6,7,4,3,0.9,110,12,1.3,0.1,0.8,Education,5,6.6,9.8
Christopher Meyer,51,Male,Port Charles,3,6.1,90,2,0.5,4,2,6,0.3,129,7,3.6,2,1.1,Browsing,5,7.5,9.5
Amber Schneider,86,Other,New Mary,2.7,6.6,82,10,2.7,1,2,7,0.2,94,11,2.4,2.4,0.3,Browsing,5,6.1,8.3
Charles Jackson,94,Other,Christopherberg,7.2,7.5,93,8,0.3,1,3,6,0.4,55,6,1.9,3.1,1.1,Education,5,1.2,10
Brandon Washington,46,Other,East Raymondhaven,3.3,5.2,96,2,1.1,7,3,10,1.3,21,12,1.3,1.3,0.3,Gaming,9,5.4,6.1
Kristin Lambert,61,Female,New Gilbertburgh,5.7,5.8,88,3,0.5,2,5,2,1,81,15,3.2,2.9,0.8,Gaming,10,8.6,10
Lance Ortega,54,Female,Hurstville,2.8,5.1,61,6,1.4,5,4,6,1.3,39,5,1.4,1.2,1.4,Social Media,6,4.6,4.6
Jacob Beard,69,Other,Janicestad,7.1,6.2,100,3,0.9,10,7,5,0.6,119,10,2.1,1.5,0.9,Social Media,7,6.5,10
Joseph Carpenter,49,Other,New Sandra,3.4,7.9,77,10,0,3,6,7,1.4,83,20,1.9,2,0.8,Education,6,2.8,9
Devin Richardson,71,Other,South Kristi,5.8,7.1,91,7,2.2,8,6,10,0.8,76,14,2.6,1.4,0.7,Education,5,4.8,10
James Hopkins,71,Female,Lake Lisaview,3.9,8.9,50,5,0.8,1,5,10,1,50,17,1.3,1,0.6,Social Media,1,6.9,6.2
Whitney Reyes MD,69,Male,Payneport,6.2,6.2,54,1,0.9,8,10,8,1,109,7,1.3,2.6,0,Other,7,6.3,10
Rhonda Craig,34,Female,Rodriguezfurt,0,6.7,66,8,1.9,2,6,5,0.7,122,7,3.6,1.7,1.3,Browsing,3,7.3,5.8
Katie Rodriguez,56,Other,New Kristenland,5.6,8.8,87,2,0.5,4,5,5,1.1,44,18,3.3,2.7,0.7,Gaming,6,8.3,10
Michael Duke,73,Female,Gordonton,2.5,6.6,53,8,1.4,4,10,8,0.6,71,9,2.6,0.6,0.9,Education,1,6.3,5.6
Dennis Anderson,95,Male,Andrewview,8.1,6.4,91,6,0.7,4,8,4,1.2,128,19,1.5,2,1.9,Other,2,5.2,10
Megan Sullivan,48,Male,Lake Sandraborough,3.8,7.2,88,7,1,3,2,9,1.4,65,12,0.7,1.8,0.9,Education,4,6.2,6.4
Michael Alvarez,10,Other,East Michaelchester,9.3,6.3,55,4,1.2,3,1,2,1.3,27,17,2.8,2.5,0,Social Media,8,6.6,10
Carrie Maynard,32,Female,East David,0.4,7.5,86,10,1.3,5,1,4,1.8,59,11,2.3,2.5,1,Social Media,10,9.3,4.8
April Wilkerson,6,Male,Perkinsfurt,3.6,8.3,61,8,0.5,4,8,8,1.3,40,9,3.3,2.2,1.7,Social Media,6,5.6,7.5
Emily Cooper,92,Female,South Garyport,4.1,6.4,76,4,1.7,2,3,2,1.1,123,20,2.7,2.7,1.1,Education,10,7.3,10
Courtney Bennett,74,Female,South Sara,2.3,7.2,71,8,1,8,9,10,0.6,131,15,3.7,1.2,1,Other,1,4.2,9.2
Justin Weiss,12,Male,New Shannonmouth,4.3,4.9,84,8,2.1,9,7,7,1.4,67,10,1.9,1,1.4,Education,9,7.1,8.1
Diane Riley,66,Female,North Grace,4.6,7.3,58,4,0.7,1,10,10,0.7,143,20,3.9,2.1,0.4,Social Media,7,8.6,10
Eric Brown,56,Male,New Thomasville,6.1,4.8,66,0,1.1,1,3,6,1.3,24,20,1.7,2.3,0,Gaming,2,8.1,10
Robin Wilson,53,Female,North Kevin,3.9,8,67,9,2.4,8,1,7,0.4,133,17,1.8,2.1,0.2,Gaming,6,5.8,9.9
Brooke Horn,27,Other,North Joseph,3.9,6.6,72,7,0.1,5,1,7,1,78,8,2.1,0.5,0,Other,9,6.1,6.4
Morgan Johnson,91,Male,Anthonybury,3.8,4.8,53,6,1.9,6,1,7,0.8,29,7,1.9,1.4,0,Browsing,5,4.7,6.7
Melissa Gordon,45,Male,Julieshire,2.2,5.1,65,5,2.3,5,4,2,0.8,148,12,2.5,1.2,1.1,Social Media,4,7.7,8.7
Heather Gonzalez DDS,24,Female,East Samuelland,3.2,3,76,7,1.4,10,4,10,1.7,39,17,2.8,1.7,0.2,Other,4,6.5,10
Matthew Dillon,83,Male,Omarview,6.1,8,50,5,0.8,7,2,2,1.1,22,14,1,1.6,1.4,Browsing,7,5.9,7.9
Megan Morales,60,Male,Ashleystad,7.6,7.2,86,3,1.8,10,3,9,1.4,117,10,1.9,1.7,0.7,Education,5,7.5,10
Lisa Gibson,29,Male,Lake Georgeton,4.5,7.3,91,5,0.8,8,1,8,1.3,135,13,2.7,2.4,1.4,Other,4,6.7,10
Melanie Hughes,66,Other,South Jillmouth,5.9,4.9,57,5,0.2,6,1,2,1.3,21,19,2,2.8,0.3,Gaming,9,7.9,10
Seth Martinez,57,Other,Drakeland,2.2,10,62,6,1.7,1,1,10,1.6,46,14,4.1,3.6,1.3,Education,5,5.2,8.6
Anne Chavez,54,Male,North Jeffreyhaven,5.3,5.7,56,3,0,7,5,6,0.6,104,9,2,1.3,1.5,Gaming,10,6.9,9.6
Patrick Jenkins,86,Other,Lake Rachael,3.4,5.6,93,2,1.7,9,3,7,1,56,15,3,2.1,1.2,Browsing,1,4.8,9.8
Michael Davis,6,Female,East Ronald,6.6,5.1,93,10,0.4,2,3,3,0.4,117,7,2.9,3,1.5,Social Media,10,6.5,10
Sharon Kelly,94,Other,North Michael,6,3,88,7,0.3,9,10,2,0.7,27,8,3,1.2,1.1,Browsing,8,4.7,10
Mr. Brian Huber,5,Male,New Robert,4.7,4.6,73,8,0.7,9,10,1,0.8,65,15,3.7,1,1.3,Social Media,4,7,10
Rachel Diaz,99,Male,Stephenview,5.7,5.4,93,8,0.9,9,10,6,0.9,71,12,2.9,0,0,Other,4,4.2,9.7
Willie Silva,13,Other,East Stephaniehaven,3.2,3.6,72,1,0,4,2,3,1.5,57,8,3.9,2.1,1,Gaming,1,6.2,10
Melissa Anderson,15,Other,Pierceburgh,2.4,5.6,80,7,1.9,8,7,4,1.9,102,11,3.1,1.7,1.1,Other,5,5.7,8.6
Jennifer Cantrell,20,Female,Wallaceville,4.2,6,87,3,1.2,5,7,3,0,22,7,2.8,1.1,1.5,Other,7,10.6,6.9
Daniel Stephenson,50,Other,Nicolefort,7.2,8.4,56,8,0.2,1,8,9,1.5,72,14,2.2,3,0.1,Other,8,6,10
Joyce Johnson,26,Male,East Earl,4.6,6.7,73,8,0.2,1,10,1,1.7,51,7,2.6,0,1,Browsing,4,11.8,6.3
Patrick Robinson,79,Male,Washingtonchester,1.1,7,58,9,1.1,4,5,3,0.8,135,10,2.4,3.3,2.1,Gaming,6,6.6,8
Debbie Alexander,47,Male,New Josephhaven,4.5,4.4,86,9,1.6,9,10,4,1.8,46,13,3.6,0.6,1.5,Other,1,7.7,10
Nathaniel Fleming,34,Other,Port Julieburgh,1.9,6.2,58,0,1.9,2,9,10,1.6,32,14,2.9,3.4,0,Education,7,3.6,8.5
Eddie Maynard,39,Male,West Tylerside,4.1,8.5,91,9,0.8,6,2,5,0,49,15,2.2,1.3,1.9,Social Media,9,4.7,7.3
Ashley Cowan,46,Other,New Barbara,7.3,8.1,58,9,0,9,9,4,0.9,39,18,3,0,1.9,Education,1,6.3,10
Marcus Meyer,56,Other,North Laura,9.1,4.7,59,3,1.7,1,10,6,0.9,135,19,2.2,2.8,0.6,Education,2,6.7,10
Kathryn Miller,83,Female,Danielville,4.8,7.8,62,10,2.4,7,6,6,0.6,52,12,2.3,2,1.5,Other,4,4.1,8.6
Rachel Mills,61,Other,Melissaside,5.9,7.5,98,5,1.7,1,4,2,1.8,108,18,1.1,0.3,0.3,Gaming,3,5.6,9.3
Maurice Jones,20,Female,Jeffreyburgh,4.1,4.2,83,2,0.2,9,7,3,0.7,101,6,2.3,0.6,0.1,Social Media,8,8.5,8.1
Jennifer Watson,46,Other,North Christie,1.5,8.6,60,8,1.5,3,8,8,1.8,119,15,4.3,3.2,2.2,Browsing,8,3.2,10
Barbara Joseph,3,Male,West Martin,5.4,4.7,91,2,1.9,4,10,1,1.1,126,13,5,1.4,2.6,Social Media,3,3.8,10
Derek Boyd,48,Male,East Valerieberg,2.3,7.1,64,5,0.7,4,5,8,1.5,140,18,2.7,0.4,0.6,Other,1,4.5,8.2
Terri Ruiz,29,Female,Bonillaborough,5,6.5,55,7,1.2,8,9,7,1.1,32,9,1.8,3.3,0,Gaming,3,6.4,9.3
Mr. Zachary Randall,66,Male,East Colleenburgh,4.2,7.9,67,3,0.7,9,7,1,0.8,56,19,2.4,1,0.7,Social Media,10,7.4,8.6
Mrs. Sarah Adams,19,Female,Donaldtown,0.2,5.4,78,4,1,9,8,4,1.5,102,14,1.6,0.3,0.4,Social Media,2,7.7,4.2
Olivia Walker,80,Male,Christinestad,8.6,7.4,68,1,1.3,5,5,9,0.5,31,5,3.9,2.7,1.5,Browsing,7,4.4,10
Maurice Burns,18,Female,East Elizabethtown,4.2,7,96,6,0.9,5,9,7,0.4,128,8,1.4,1,0.7,Social Media,9,8.1,7.3
Danny Griffin,8,Other,Jeffreytown,4.3,6,59,8,0,10,2,8,0.6,20,19,3.4,2.3,1.6,Gaming,3,6.5,10
Ivan Dillon,10,Female,Danieltown,5.4,5.1,75,10,0.3,2,2,7,1,66,19,2.6,0.8,1.6,Social Media,3,2.8,10
Charles Hendricks,56,Male,Danielfort,6.3,5.3,82,7,0.5,3,6,8,0.4,45,19,2.5,3,0.2,Browsing,1,3.7,10
Robert Bond,100,Male,Harttown,7.2,8.4,97,4,1.7,9,4,5,1.2,33,11,2.4,4,1.6,Other,5,4.8,10
Michelle Sweeney,16,Female,West Caitlynview,6.7,6.6,68,5,0.1,3,3,5,1.4,134,14,2.6,2,1.6,Other,8,4.8,10
Timothy Williams,8,Female,West Christina,7.3,7.1,84,1,0.5,4,2,10,1.5,92,13,2.9,2.3,1,Other,10,6,10
Karen Bailey,85,Female,West Karinafurt,5.2,5.3,80,9,0.8,10,2,8,1.1,80,14,4.4,3.2,1.8,Gaming,8,8.8,10
Maxwell Garza,94,Female,Port Jennifer,5.7,9.9,91,9,0.8,5,7,7,0.9,29,14,1.4,2.8,1.5,Education,3,9.2,8.3
Kenneth Gray,11,Other,North Johnny,4.6,8.8,96,1,1.5,3,8,9,1,25,14,1.3,2.3,1.2,Social Media,2,5,7.1
Grace Zimmerman,37,Male,East Larrychester,3,7.8,62,4,0,2,7,6,0.6,36,14,1.7,2,0.6,Browsing,8,10.6,6.3
Tara Berry,52,Female,New Ian,3.1,6.8,53,10,1.4,2,7,9,0.4,33,15,2.6,1.4,1.1,Other,9,6.8,7.4
Steven Gardner,56,Female,Port Kimberly,4.3,6.5,88,4,0.4,1,4,7,1.7,82,9,4.1,2,1.3,Other,7,2.8,10
Courtney Adams,37,Male,Manuelhaven,4.4,7,76,8,0.7,2,7,5,1.4,111,20,4.8,1.4,1,Other,8,5.7,10
Julia Rogers,86,Female,Desireeland,10.5,8,97,10,2.2,7,9,8,1,128,16,1.9,0,0.9,Social Media,10,3.7,10
Margaret Williams,96,Male,Michelleton,2.1,7.6,95,10,1.4,9,4,10,1.1,145,11,1,1.5,1,Education,4,0.9,5.9
Mariah Walsh,57,Other,East Matthew,5.4,4.2,80,10,0.7,10,5,6,1,129,20,3.9,1.4,0.3,Education,3,5.3,10
Eric Williams,60,Other,East Elizabeth,4.4,5.2,72,10,1.4,1,9,10,0,145,13,2.6,0.8,1.8,Other,2,3.3,10
Lauren Martinez,69,Male,Smithport,1.9,4.6,56,1,2.6,6,6,1,1,101,15,2.1,2.4,1.8,Browsing,6,7,9.1
Deborah Goodman,38,Other,Eatonton,6.4,5.8,86,9,0.4,5,6,1,0.7,101,14,2.7,1.3,1.7,Browsing,1,5.1,10
Joseph Arnold,39,Other,Ernestburgh,4.9,7.1,66,7,2.1,10,1,6,0.6,40,18,4.3,3.1,1.2,Browsing,4,5.2,10
Kristina Morgan,10,Female,Annstad,4.3,7.3,95,9,2.1,4,3,3,0.7,130,16,3.8,0.6,2.5,Browsing,7,6.2,10
Mckenzie Ball,82,Female,North Billyhaven,6.1,6.6,52,10,0.9,7,4,1,0.9,39,18,3.6,1.1,1,Education,2,4.1,10
Joseph Rodgers,4,Male,Lake Rachelville,3.9,7.7,58,9,0,4,7,7,0.9,51,16,2.7,1.4,0.8,Education,9,3.4,8.4
Dustin Wood,81,Male,Andrewside,6.2,8.3,59,2,1,3,1,9,0.8,123,16,2.7,2.1,0.8,Gaming,9,7.5,10
Katherine Estrada,29,Other,Mooreburgh,3.2,4.2,67,5,0.1,7,2,3,1.5,89,9,3.1,1.1,0.9,Other,9,0.7,8.9
Rachael Brown,97,Female,Port Tommyview,3.9,6.3,59,2,0.7,5,2,2,1.2,120,18,5,4,2.5,Education,10,4.3,10
Brian Alvarez,51,Female,Hartland,9.1,5.8,99,8,2.2,4,7,1,1.7,36,16,2.2,2.6,0,Social Media,9,7.6,10
Brittney Myers,61,Male,Nicolechester,2.8,6.4,68,10,0,1,7,5,1.3,108,17,1.9,0.9,0.6,Social Media,1,4.4,8
Kenneth Rios,13,Male,Sierraville,8,7.5,76,5,0,2,4,3,0.6,83,9,3.4,1.3,0.7,Social Media,8,5.9,10
Steven Hill,13,Other,Patrickberg,6.7,5.9,72,1,1.1,1,3,10,1.6,75,16,2.3,2.7,0.3,Education,5,9.3,10
Mitchell Kline,79,Other,Nicolehaven,5.7,6.7,74,5,1.1,1,6,10,1.7,54,5,2.1,3.9,1,Gaming,8,4.9,10
Shannon Ford,52,Male,Gonzalezport,7,7,98,3,1.8,5,1,5,0.4,119,15,2.3,1.8,1.9,Social Media,5,5.6,10
Charlotte Hudson,90,Other,Jamestown,7.4,5.4,80,10,0.6,3,9,2,0.8,148,19,4,0.6,0.5,Other,6,6.2,10
Teresa Thompson,19,Male,Robertville,6.8,4.6,87,3,0,2,4,6,1.1,55,6,4.9,2.2,0.8,Gaming,9,5.6,10
Linda Matthews,63,Female,Millerport,8.1,6.9,78,4,0,4,1,4,0.2,103,12,1.7,1.2,0.4,Other,2,6.8,10
Gregory Washington,80,Other,Hollymouth,4.7,6.8,86,8,1.1,4,2,4,0.4,105,5,1.8,0.9,0.7,Browsing,7,4.6,7.1
Matthew Miles,73,Male,West Andrewchester,7.5,7.8,71,9,0.2,9,7,1,1.3,22,8,1,0.1,1.5,Browsing,8,9,6.7
Judith Snyder,86,Male,Kimberlyfurt,3.7,5.8,67,8,1.5,8,1,5,1,60,20,2.7,1,1.5,Social Media,10,8.6,9.7
Scott Ramirez,3,Female,Williamsbury,5.3,3.4,83,1,0.6,3,6,4,1.9,144,12,2.2,1.6,1.1,Browsing,7,4.9,10
Alfred Crawford,73,Other,West Eric,5.2,7.8,75,8,4,5,9,4,1.4,134,15,1.5,1.8,0.2,Other,6,5.7,10
Jose Williams,43,Female,North David,2.4,4.2,53,10,1.1,4,7,4,0.8,108,10,1.9,1.6,1.1,Browsing,8,3.9,8
Jerry Acosta,81,Other,Allenborough,0.5,5.3,89,8,1.3,10,9,4,0.4,43,5,1.7,1,1.1,Social Media,1,5.3,2.4
Lori Henry,84,Male,East Janettown,7.6,7.9,87,4,0.2,9,3,4,0.6,146,14,2.8,1.1,1.9,Education,2,6.4,10
Darin Macias,68,Female,Swansonbury,7,7.1,52,2,0.8,9,4,5,1.3,148,6,3.4,0.1,1.2,Browsing,10,5.7,10
Dennis Mcneil,15,Female,Harrisport,3.6,7.8,59,9,0.3,1,7,1,1.7,85,16,4,1.2,0.7,Other,5,8.1,9.8
Susan Martinez,45,Other,Ronaldbury,6.2,6.3,67,8,1.7,9,6,9,1.6,47,20,0,1.1,0.5,Education,6,6.2,9.1
Christopher Jackson,9,Male,South Nicoleside,8.3,6.9,97,0,0.8,7,9,2,1.3,70,7,2.7,1.9,0.8,Gaming,4,3.7,10
Grant Salinas,16,Female,East Jonathon,6.6,5.9,65,2,1.1,2,7,4,0.9,113,16,2.4,2,0.7,Other,3,7,10
Megan Williams,53,Female,Lake Johnfort,6.7,5.2,75,6,2,8,4,7,0.1,122,16,2.6,1.7,0.5,Other,4,4.2,10
Margaret Martinez,37,Male,East Lisabury,4.7,7.9,82,8,0.7,4,6,7,1,39,15,3.2,2,1,Education,5,5.5,9.7
Monica Lara,70,Female,Jennybury,5.5,5.3,93,1,0.9,5,10,8,0.6,44,18,2,0.6,1.1,Browsing,10,5.9,9.9
Andrea Davis,15,Female,Port Eric,4.9,5.9,88,8,0.9,4,8,1,1.3,21,20,3.6,0.7,0.5,Education,9,4.6,10
Brian Garcia,73,Female,Port Jenna,6.7,6.5,56,2,0.8,3,7,8,1.1,72,5,2.8,1.2,0,Social Media,3,5.1,9.9
Mitchell York,21,Female,Audreyburgh,7.3,6.6,50,4,2.5,9,10,7,1,35,15,2.7,0.8,1,Education,4,4.5,10
Brandon Chandler,43,Other,New Michelleport,4.7,5,89,9,0.2,9,2,10,0.9,39,8,2.5,1.6,0.7,Browsing,2,5.7,8.7
Tyrone Perkins,43,Male,Bettyburgh,5.3,6.8,84,3,1,6,4,1,1.5,106,11,1.9,1.7,1.4,Social Media,5,6.2,9.8
David Frost,66,Other,West Josephborough,7.3,8.1,76,0,2.4,1,1,5,1.5,51,8,1.9,1.5,1.6,Social Media,2,4.9,9.3
Jessica Jones,31,Other,Smithberg,5.5,5.3,69,0,0,1,7,1,0,45,12,1.9,1.3,0.9,Social Media,9,6.6,9.4
John Garcia,32,Male,North Thomasview,2.6,7.2,73,3,0.6,8,9,1,0,107,9,4.6,1.5,1.4,Education,8,5.9,9
Louis Robinson,26,Male,North Jerry,2.4,7.1,52,1,2.3,5,4,7,0.5,81,18,2.4,0.7,0.7,Browsing,1,3.5,7.2
Makayla Parker,64,Male,North Christopher,4.3,5.8,100,10,0.4,2,1,9,0.9,126,15,3.4,1.3,1.2,Other,8,5,10
Brooke Gay,2,Female,South Richard,1.1,6.8,77,9,1.9,3,9,4,1.6,38,19,4.2,3.8,0,Education,2,3.7,10
Jason Whitaker,92,Female,Shawntown,5.7,8.6,55,0,0.3,5,6,5,1.3,121,6,2,2.1,1.7,Other,4,4.4,9.1
Mary Warner,70,Other,Huntland,6.9,7.9,52,4,3.3,10,2,5,0.9,92,10,3.3,1.8,0.9,Social Media,4,7.9,10
James Garcia,30,Other,North Sydney,2.9,5.9,92,4,1.2,5,9,6,0.8,45,6,2.1,0.1,1.3,Browsing,4,4.3,4.2
Patrick Flowers,21,Female,New Michael,4.6,7.4,60,2,0,3,9,4,0.3,150,6,3.6,2.5,1.9,Social Media,4,3.7,10
Stephanie Diaz,31,Other,Mariahport,5.3,5.9,96,2,0.9,8,3,8,0.9,51,15,4.4,1.3,0.2,Gaming,5,10.2,10
Megan Hill,77,Male,West Maryland,3.9,3.7,85,8,0.7,8,2,6,1.1,39,19,2.1,1.9,0.8,Browsing,2,6.2,10
James Sullivan,93,Male,West Austinchester,5.1,5.5,80,10,1.7,6,6,6,0.9,77,6,3.7,1.2,1,Browsing,2,4.8,10
Robert Estes,58,Female,Hahnborough,4,5.1,79,10,0.9,8,9,1,2,81,17,2.5,2,1,Gaming,2,6,10
Debbie Small,2,Female,East Brian,8.8,7.7,62,5,1.7,8,6,3,0.6,34,18,3.2,1.2,1.5,Gaming,6,5.6,10
Angela Chandler,78,Other,Port Emilyside,1,5.9,74,4,1.7,10,6,8,1.1,92,20,1.9,2.8,1.7,Social Media,2,5,8.6
Russell Booker,50,Female,West Jenniferchester,5.7,6.2,52,9,1.3,2,8,10,1.9,82,5,2.3,1.8,0.7,Gaming,9,4.1,9.3
Jeffery Thomas,2,Female,East Melissafurt,5.4,7,90,9,0.2,10,10,1,1.3,47,17,4.7,1,0.8,Gaming,6,9.5,10
Christopher Miller,33,Female,North Ruben,4.4,7.6,69,4,1.8,2,7,10,2.4,73,17,2.7,1.7,0,Browsing,2,3.3,9.9
Terry Walker,76,Male,New Michael,6.3,4.4,52,6,0.6,2,1,5,0.7,74,7,2.8,1,1.5,Browsing,2,6.9,10
Alex Martin,39,Female,Christopherton,7.8,4.6,56,0,1.5,6,10,9,0.6,126,6,0.9,2.1,0.9,Other,4,8.2,10
Caleb Garrett,71,Female,West Morgan,2.9,4.9,84,5,0.3,5,1,7,1.6,74,9,1.9,1.4,0.8,Other,3,8.8,7
Donald Horne,33,Female,Lake Jonathan,4.1,6.7,82,0,0.6,8,6,1,1.3,150,6,1.6,0.5,0.2,Social Media,6,3.4,7
Sandra Barton,54,Female,Port Lisamouth,5.5,5.5,62,8,0.8,9,4,7,0.7,67,18,3.8,2.9,0,Social Media,7,6.7,10
Daniel Jones,66,Male,Bateschester,8.5,6.7,69,1,1.7,5,2,6,1,47,10,1.7,1.7,0.9,Education,7,10.4,10
Margaret Garcia,43,Other,Edwardborough,3.3,8,69,4,1.2,9,9,1,0.6,112,6,0.8,2.1,0.9,Other,8,4.2,5.6
William Vaughn,5,Other,East Kevinland,3.9,5.8,95,6,1.7,1,6,8,0.4,83,19,2,1.2,0,Browsing,1,4.6,9.7
Maria Jackson,49,Other,South Jay,5.6,5.2,73,2,3,2,1,1,0.5,98,11,2.2,0.8,0.3,Other,1,7.8,10
Samuel Williams,70,Male,New Michaelhaven,0,7,89,7,1.7,1,4,10,1.5,60,7,2.7,0.3,0.9,Education,8,4.4,2.1
Laura Clements,94,Other,Port Andrew,4.4,5.4,69,9,0.9,2,8,1,1.2,142,18,3.4,1.6,1.1,Browsing,9,6.6,10
Daniel Schmitt,57,Male,Port Craigview,5.9,5,54,3,0.5,7,10,5,1,53,10,2.8,0.8,0,Education,9,6.1,10
Sandra Edwards,71,Female,South Daniel,3.5,8,63,9,1.3,6,7,8,0.7,35,13,2.4,0,0.5,Browsing,3,4.7,5.2
Shawn Underwood,26,Female,Lake Virginia,4.8,9.5,64,2,1.4,3,1,7,0.7,40,17,3.1,3.1,1.5,Education,5,6.6,10
Meredith Norris,69,Male,North Margaret,3.1,5.6,52,5,0.2,10,2,10,1.2,31,6,3.7,3.5,2.2,Education,9,4.2,9.3
Julia Harris,61,Other,North Anthony,3,6.1,77,8,0.4,9,5,7,0.6,141,13,1.9,2.6,0.6,Gaming,10,3.1,9.9
Samantha Russell,72,Other,New Tarashire,3.8,5.2,87,9,2.6,2,8,4,0.7,60,13,1,1.1,1.1,Education,6,8.7,7.1
Katherine Montgomery,45,Male,Masonburgh,4.9,7.7,87,7,0,5,5,6,1.4,86,11,1.3,2.8,1,Browsing,7,7.4,9.1
Edward Gilbert,31,Male,Diazberg,8.4,9.3,84,7,1,8,3,2,1.6,28,7,2,1.2,1,Social Media,8,5,8.9
Francisco Sanchez,31,Other,South Jenna,2.4,3.4,53,2,1.2,2,4,8,1.4,126,5,2.5,2,0.1,Browsing,1,6,8.7
Kelly Stanley,86,Female,Lake Joseph,4.6,8.7,98,7,1.2,4,6,1,1.4,122,10,3.8,1.9,0.2,Browsing,5,9.5,10
Lawrence Fuller,58,Male,East Willie,5.3,8.4,67,10,0.7,9,4,8,0.5,70,18,3.4,0.9,0.7,Education,10,4.9,10
Veronica Evans,94,Male,East Amberberg,5.6,5.3,73,5,0.6,5,4,9,2,100,9,2.7,0,1.1,Social Media,1,7.8,9.5
Joshua Young,82,Male,Bettyberg,5.7,5.6,67,9,0.5,10,8,2,0.8,126,9,2.7,0.6,0.3,Education,1,8.5,10
Christopher Garcia,23,Male,South Peter,2.5,10,60,5,1.4,7,10,9,0.6,133,17,2.9,1.5,0.1,Gaming,6,6.1,8
Charles Wolfe,100,Other,Malonetown,3.2,8.5,58,3,1.9,1,3,3,0.7,71,11,2.5,0,1.5,Browsing,6,5.3,5.1
Daniel Hines,80,Female,North James,6.6,5.5,68,2,2,4,2,9,1.4,138,19,3.6,0.5,2.1,Browsing,3,6.7,10
Joshua Howard,43,Other,Stephaniehaven,2.8,6,79,8,0.7,1,8,4,0.6,78,5,2.2,1.3,0.4,Gaming,4,6.7,5.9
Hector Mendez,55,Other,Camachoberg,4.6,5.1,51,2,1,8,7,6,1.3,89,17,2.8,0.8,2.1,Gaming,7,6.8,10
Zachary Perkins,56,Male,Marqueztown,6.4,7.3,84,3,0.2,10,6,1,0,52,12,1,2.4,0,Gaming,6,9.2,9.6
John Weber,61,Female,West Cliffordside,3.7,5.7,90,6,0.8,3,6,7,0.6,117,20,3.2,1.3,1.6,Other,10,5.5,10
Jacqueline Fisher,32,Other,Lake James,6,7.5,63,0,0.8,8,10,6,0.7,66,16,2.4,1.5,0.7,Other,5,3.8,10
Kristin Palmer,23,Male,Perrymouth,6.5,6.9,88,7,1.2,7,5,2,1.2,93,19,2.3,2.3,1.7,Gaming,3,6.1,10
Joel Roy,42,Male,Dawsonville,4.7,5.5,68,5,0.3,8,1,6,1.5,77,8,1.9,1.3,0,Social Media,1,5.5,8.3
Nathan Davis,14,Other,Georgemouth,4.4,7.8,55,9,1.5,5,3,9,1.1,131,15,0.3,1.5,1.4,Social Media,5,7.5,7.9
Marc Young,50,Male,Port Brandy,3.8,4.3,89,2,0,5,6,1,0.9,56,19,2.7,1.9,1.9,Other,1,5,10
Daniel Reyes,55,Other,North Kelly,9.3,6.9,88,2,0.7,6,2,3,1.2,106,9,2,0.3,0.9,Gaming,8,8.6,10
Ryan Gonzalez,37,Female,North Johnmouth,3.8,6.2,95,4,0.8,7,1,2,1.5,32,9,3.1,1.6,1.4,Gaming,5,2.1,7.8
Caroline Bowers,61,Male,South Kayla,4.8,6.4,77,5,0.2,7,3,2,1,62,18,2.9,1.1,0.1,Education,9,6.1,10
Shane Walker,13,Male,Cooperland,4.9,7,94,3,1.3,6,9,8,0.6,109,13,2.3,0,0,Gaming,6,5.4,8.5
Emily Montgomery,78,Other,Virginiaside,5.7,6,74,1,0.4,8,3,9,1,63,20,2.6,0,1.7,Browsing,8,3.3,10
Jody Quinn,70,Female,Jacobhaven,5.4,4.9,88,8,1.3,1,7,9,1.7,131,8,2.9,1.7,0.2,Gaming,2,5.4,10
William Johnson,47,Male,Ashleychester,6.6,8,81,8,1.4,6,4,1,0.7,87,17,3.8,2.6,1,Browsing,4,7.1,10
Samuel Fischer,42,Other,East Megan,6.5,6,64,10,0,4,5,1,1.1,50,6,3,1.6,0.2,Education,2,6.2,10
Dana Rodriguez,90,Female,North James,7,5.3,59,5,0.4,10,8,9,0.8,134,11,2.4,1.5,0.4,Other,10,3.5,10
Caitlyn Baker,63,Female,Lake Melissatown,4.1,6.8,62,10,1.5,3,8,10,1,127,15,4.2,1.5,0.3,Education,10,5.3,10
Krystal Gomez,55,Female,West Matthew,3.2,4.3,82,6,0.6,10,3,4,1,23,11,2.6,2.5,0.9,Education,9,6.9,8.8
Jennifer White,70,Other,West Davidchester,5,7.2,80,8,0.2,4,4,1,1.7,122,16,2,2.2,1.2,Social Media,7,7.4,10
Jessica Harris,85,Other,Lake Michaelport,4.3,4,95,6,1.3,8,6,8,0.5,24,13,3.5,2,0,Gaming,8,6.9,10
Nicholas Villa,39,Other,Haleyhaven,5.4,7.8,77,7,0,5,4,7,1.4,120,12,4.3,0,0.4,Gaming,10,3.1,10
Kurt Brown,99,Male,Russellton,3.7,4.2,85,7,1.7,7,2,10,2,132,6,1.4,1.1,0.1,Browsing,9,2,7.9
Steven Peterson,50,Other,Lake Amandahaven,5.2,6.1,93,6,0.6,8,8,5,0.9,93,11,4.2,2.4,0.3,Social Media,4,9.3,10
Erika Jones,100,Male,New Jessemouth,2.5,7.6,90,7,0.1,5,2,10,1,61,7,2.6,1.9,2.4,Browsing,3,2.1,5.8
Anthony Allen,4,Female,South Stephanieton,4,5.7,55,0,1.4,4,5,2,1.3,48,18,2.7,3,0.7,Other,8,8.3,10
Brittany Klein,87,Male,Lake Julianborough,7.6,7,61,7,2.7,10,3,7,1.6,121,5,3.1,1.7,1.9,Social Media,10,11.6,10
Daniel Burgess,57,Female,Port Brittanyville,4.9,4.7,79,8,1,3,4,2,1.3,122,12,2.3,1.2,0.6,Gaming,10,5,10
Paul Rodriguez,24,Male,Lake Holly,2.8,4.4,60,8,0,2,4,7,1.2,95,9,2.8,0.4,0.5,Gaming,10,8.1,7.5
Philip Patel,30,Female,North Christopher,0,4.5,63,5,0.4,5,10,9,0.8,141,18,3.3,0,1,Social Media,1,6.1,7.5
Ronald Simmons,26,Female,Port Theodore,2.9,6.7,64,8,0,5,7,9,1.5,115,14,3.4,1.2,0.4,Other,3,5.1,9.2
Gabriella Winters DDS,26,Other,West Phillipfort,4.1,7.1,80,3,0,10,8,6,0.7,121,17,1,0.4,1.1,Browsing,6,6.2,7.8
Dawn Solis,17,Male,West Beverlyton,8.3,5.7,98,8,0.9,3,9,10,1.4,83,7,4.5,0,0.8,Other,3,6.1,10
Theresa Russell,56,Female,East Tylermouth,0.6,5.7,72,7,0.5,7,2,7,1.8,26,7,4.4,2,1,Social Media,5,4.5,6.1
Steven Morgan,98,Female,Wellsland,5.6,4.7,98,10,0.9,5,5,4,0.8,108,16,4.2,3,0.4,Other,2,9.1,10
Joseph Reynolds,59,Other,South Carrie,6.5,5.6,83,0,1.5,10,4,3,1.5,64,11,2.2,2.7,1,Social Media,2,7.3,10
Jacqueline Holland,63,Male,South Michael,5.3,6.1,54,4,1.3,3,4,3,0.7,146,6,2.3,2.4,1.1,Browsing,9,8,10
Robert Lee,21,Male,Port Anthony,4,7.5,52,1,1.4,7,4,5,0.7,67,14,2.4,1.8,0.5,Education,8,6.9,8.6
Pamela Johnson,11,Male,Derrickville,11,7.7,59,2,0.4,7,7,2,2.1,81,10,1.6,1.6,1.4,Browsing,8,6.2,10
Lori Johnson,15,Other,Floresmouth,6.3,7.5,83,5,1.3,8,10,4,1.6,40,14,4.4,1.3,1.2,Education,2,5.7,10
Annette Thomas,99,Female,New Willie,0.3,5.8,64,7,0.4,4,9,2,0,43,18,2,1.1,0.7,Social Media,6,2.7,5
Steven Sanchez,67,Male,Marissaberg,4.8,4.7,61,3,0.6,10,1,1,1.7,26,12,1.4,2.5,0.9,Education,10,2.9,9.3
Nicole Martinez,8,Other,North Tony,4.4,9.1,100,6,0.5,6,2,6,1.4,109,11,4.1,0.7,0.8,Education,5,7.2,9
Lisa Patel,100,Male,Lake Crystal,6.3,4.3,57,3,1.3,8,7,8,0.5,53,15,2,2,1.1,Education,7,7.8,10
Bobby Mccarty,84,Male,Andreaville,6.4,7.3,66,1,2.2,8,7,8,0.5,144,11,1.9,0.4,1.9,Browsing,4,3.9,10
Cassandra Ortiz,70,Male,East Michael,4.7,6.4,88,0,1,6,8,6,1.3,99,13,2.8,1.3,1.6,Other,7,3.6,10
William Rich,77,Female,New Clinton,4.2,4.1,74,4,1.1,10,6,1,0.6,131,11,2.4,1.5,1.1,Browsing,6,12.4,10
Lisa Sweeney,94,Male,Staceyfort,5.9,6.3,89,0,0.7,3,6,9,1.3,54,19,3,2.3,1.4,Browsing,8,7.5,10
Scott Harris,80,Other,Jessicabury,8.1,8.2,86,0,1,3,6,2,1.1,73,19,1.8,2,0,Education,6,5.9,10
Heather Cunningham,79,Female,Priceville,6.4,5.2,97,7,1.9,5,2,2,1.2,55,13,1.6,0.8,1.1,Browsing,5,6.7,9.9
Kristen Sosa,63,Female,Port Marcus,5.1,4.2,82,8,0.2,1,7,8,1.3,127,20,2.2,2.2,1.5,Other,9,3.2,10
Matthew Livingston III,70,Other,Stephentown,5.3,10,60,6,2.2,6,1,7,1.4,93,17,2.3,0.4,0.5,Other,3,6.3,8.3
Mary Ruiz,10,Male,North Dwaynemouth,5.6,7.7,75,9,0,3,9,5,0.2,72,14,2,1.9,0.7,Browsing,3,3.1,9.9
Andrea Young,92,Male,Jamesstad,6.7,5.2,84,6,1.2,2,10,7,1.9,60,19,1.4,1.1,1.4,Browsing,1,3.6,10
Cindy Adams,62,Female,Shelleychester,3.8,7,96,6,1.1,4,5,10,1.6,122,8,2,0.1,0.7,Browsing,1,9.6,6.4
Mr. Angel Hansen,31,Other,Port Patriciahaven,3.5,6.6,88,9,1.5,8,6,4,0.5,130,20,3.9,2.9,1.3,Social Media,10,5.5,10
Michelle Jackson,67,Female,Adamsside,4.5,7.6,93,1,1.2,3,9,1,1.3,70,13,1.7,1.2,0.7,Social Media,4,5.4,7.6
Brandon Vargas,34,Female,New Jessica,7.8,7.8,69,2,0,4,8,8,1.5,68,17,0.4,3,1,Browsing,2,5.8,10
Elizabeth Torres,12,Male,Port Catherinetown,4.1,6.6,80,9,1.8,8,5,2,0.2,73,16,3.7,1.6,2.6,Education,9,4.9,10
Maria Ellis,22,Other,West Thomasberg,6.3,4.4,74,7,1.9,8,10,6,0.7,129,10,1.5,1.6,0.4,Browsing,10,6.7,10
Brett Bowman,27,Female,Alyssaton,5.4,6.1,69,9,1.4,4,7,1,0.9,132,11,3.8,1.2,0.7,Browsing,7,6.5,10
Jessica Soto,55,Other,Bowenmouth,2.4,5.6,79,10,1.5,5,2,3,0.4,34,12,1.4,3.8,1.1,Gaming,5,5.9,7.9
Kimberly Clements,26,Other,Howeside,0,7.6,71,6,0.8,6,8,6,1.7,98,5,2.2,0,1.3,Social Media,3,11.1,1.4
Matthew Smith,94,Male,Smithberg,0.3,6.5,56,2,2,1,1,1,1.3,135,16,1.1,0,1,Browsing,2,5,4.1
Jerry Taylor,28,Male,North Ericland,5.2,8.2,91,9,0.4,6,7,7,1,91,8,1.8,0,1,Other,6,6.1,6.3
Shelley Olson,5,Female,Port Steven,4.4,9.5,84,5,0.9,1,2,10,0.9,71,13,3.2,1.9,0,Education,4,7.9,8.8
Dennis Swanson,19,Other,South David,4.5,9.1,78,1,1.3,4,8,3,1.7,133,20,3.8,1.6,1.5,Browsing,9,4.3,10
Megan Dominguez,15,Other,South Jonathan,4.6,7.1,82,6,0,6,9,6,0.9,79,20,3.4,0.9,0,Other,6,8.3,10
Stephanie Diaz,39,Other,Millerhaven,6,6.1,71,8,1.9,9,10,6,0.6,99,17,4.7,0,0.7,Education,9,3.5,10
Anthony Wilson,11,Female,Torresport,5.8,9.9,50,7,2.2,5,7,6,1.2,137,12,3.1,1.1,1.3,Social Media,6,4.1,10
Michael Wheeler,89,Other,North Tara,5.3,8.7,85,2,1.6,5,4,4,1.2,58,11,0.7,0.3,0,Gaming,2,6.8,5.3
Mr. Jorge Patton,19,Other,Lake David,5.5,7.3,66,4,2.3,1,8,1,0.5,89,7,3.3,3.8,1.1,Education,10,7.7,10
Jennifer Wilson,94,Other,Hobbsland,4.9,5.7,95,7,0,8,2,2,0.8,88,17,3.5,3.1,0.7,Social Media,8,5.4,10
Robert Powell,92,Female,North Shawnberg,5.6,8.3,94,2,0,4,6,9,1,144,5,1.8,0.9,1.8,Social Media,9,5.7,8
Erica Allen,66,Female,Desireeville,4.7,5.2,58,10,0.5,2,10,5,0.6,65,17,2.2,0.7,1,Social Media,8,6.1,9.7
Melissa Horn,84,Female,Brendaport,3.4,6.8,87,2,1.1,9,1,4,0.5,80,11,2.2,1.2,1.7,Social Media,6,6.3,7.2
Shannon Evans,60,Female,Spencerland,3.9,5.8,73,9,1.5,3,4,3,1.5,103,11,1.6,0.7,0.3,Browsing,5,5,7.6
Lauren Rivera,44,Male,Kellyton,3.4,6,85,2,1.2,1,2,7,1,97,13,3.2,0,0.3,Education,6,5.2,8.1
Michelle Morgan,72,Other,Ronaldfurt,4.5,5.7,92,10,1.1,3,10,10,1.1,144,12,3.7,0.6,1.3,Education,2,7.2,10
Jason Brown,74,Female,Kennethfurt,7.3,7,87,5,0,2,2,8,0.5,35,8,1.9,3.3,3,Browsing,6,6.5,10
James Frazier,80,Male,Jenniferbury,7.5,5.2,68,6,0.8,7,6,7,0,84,11,2.1,2.7,0.1,Browsing,3,6.8,10
Matthew Gardner,72,Female,Clarkton,8.5,7.5,98,2,0.6,8,8,1,1.5,73,12,1,1,0.3,Other,4,5.5,10
Robert Ruiz,84,Female,Claireville,1.4,8.4,63,1,1.1,3,4,10,0.9,130,20,3.2,1.1,1.5,Browsing,4,5.5,8.1
Brandon Peters,20,Other,Lake Anthonyland,3,5.7,66,6,0.7,2,3,2,1.4,39,14,2.8,1.8,0.3,Education,2,6.5,8.3
Alyssa Davidson,92,Other,Bryanhaven,3.9,6.8,50,10,1.2,2,1,9,0.8,115,19,2.3,1.6,1.8,Education,10,3.5,10
Andrea Booth,99,Other,East Jamesbury,5.7,7.7,51,6,1.9,4,3,2,1.2,121,9,1.7,0.7,0.7,Social Media,6,2,8.5
Erika Miller PhD,92,Female,Lake Samantha,0.8,5.7,65,10,1.8,5,6,1,1.2,128,11,3.2,2.3,2.4,Gaming,3,7.2,8.2
Heather Castro,39,Male,Stewartchester,8.1,9.5,65,6,1.8,6,2,1,0.6,38,20,0,1.3,0.4,Browsing,5,2.8,9.4
Kirk Hart,87,Male,Ashleemouth,6.8,8.4,95,5,0.4,1,5,7,1,103,8,1.2,1.1,0.9,Gaming,2,12.6,8.6
David Fitzgerald,13,Female,West Jessica,4.6,6.8,93,9,1.7,9,2,5,1,150,16,3.7,0.6,0.7,Education,4,3.4,10
Abigail Arias,84,Other,Lake Lawrence,4.1,6.1,69,1,2.5,9,6,1,1.1,119,15,1.5,3.1,1.4,Social Media,5,6.3,10
Brandy Williams,25,Male,Stephanieburgh,7.7,7.5,58,0,1.4,9,10,6,1.2,41,9,3.6,1.2,1.7,Browsing,10,4.7,10
Laura Griffin,94,Female,Lake Stephanieport,3.9,6.3,98,4,1.5,8,3,7,1,84,9,1.5,0.8,1.1,Gaming,8,3.7,6.5
Marcus Bullock,43,Female,Port Allisonfort,3,4.2,67,0,0.8,7,8,2,0.2,42,19,1.1,2.6,1.4,Gaming,6,6.8,9.2
Laura Rice,94,Male,Woodshire,7.8,8.5,71,9,1.2,6,5,10,0.7,41,10,2.9,3.1,0.9,Education,2,7.4,10
Casey West,92,Male,Pageville,6.5,8,85,8,0.8,2,5,4,1,135,13,5,1.8,0.6,Browsing,2,7.5,10
Debbie Schmidt,16,Other,North Kevinshire,1.9,6.8,99,7,1.4,1,4,3,1.7,80,18,2.2,0.9,1.4,Browsing,4,6,6.8
Timothy Davis,32,Female,South Tracystad,4.6,5.2,88,9,0.6,8,10,1,0.7,129,15,1.1,2,0.4,Other,9,8.1,10
Christian Jimenez,89,Female,North Lisaton,7.5,5.7,70,8,0.9,4,10,5,1.4,52,13,1.4,1.4,1,Browsing,8,3.5,10
Amanda Baker,37,Male,Alvarezview,2.4,6.2,63,2,0.5,7,8,5,0.9,88,5,1.1,1.8,0.9,Social Media,1,4.5,5
Sue Harris,73,Female,Timothybury,7.2,9.7,74,0,0,4,1,4,1.3,140,14,2.5,0.7,0.9,Gaming,8,10.7,10
Mrs. Brittney Greene,26,Other,Ianborough,0,5.7,94,2,0.6,5,5,7,1.4,122,18,3.2,0.9,1.7,Education,6,5.7,7.3
Thomas Gaines,57,Other,Graceshire,1.8,6.6,75,8,0.4,2,3,4,0.9,67,16,1.6,1.2,0,Education,6,3.1,5.8
Jessica Kane,98,Female,New Stephanie,6.2,6.2,73,4,1.2,7,8,6,1.1,24,16,1.8,2.9,1.1,Browsing,5,9,10
Nathaniel Brown,27,Other,West Willie,2,7.3,58,8,1.8,3,9,1,2,92,6,1.4,1,0.5,Gaming,10,6.9,3.8
Jacob Mccullough,23,Other,Raymondside,3.1,6.8,84,3,1.4,5,5,10,1.4,85,7,2.2,2.3,2.1,Education,1,8.7,7.3
Miss Lisa Kennedy,36,Male,North Joseph,8.1,7.1,77,1,0.9,7,4,8,0.9,22,6,3.4,0.8,1.9,Gaming,4,5.6,10
Robert Holland,11,Other,East Kelly,3,7.3,92,3,1.1,9,8,6,0.4,72,13,3.5,0.5,1.6,Education,5,5,7.4
Raymond Callahan,85,Other,Butlerstad,3.8,6.4,78,1,0.7,6,6,8,1,25,7,2.8,2.5,1.6,Browsing,3,7,7.8
Eric Kline DDS,13,Other,West Peterfurt,3.9,8.4,98,7,1.1,9,2,5,1.2,82,8,4.1,2,1.6,Browsing,6,11,9
Jeffrey Walker,65,Other,Markmouth,5.1,4,98,1,0.9,10,1,7,0.6,138,20,1.9,3.2,1.1,Other,6,5.2,10
Kathryn Romero,48,Female,West Nancyfort,3.8,6.3,65,10,0.3,1,5,7,1.5,83,18,3.1,3.7,0.9,Browsing,2,5.9,10
Craig Morales,29,Female,Patriciatown,5.8,6.4,53,10,3.4,7,5,2,0.6,100,5,2.5,0.2,0.9,Browsing,6,6.9,8.3
Amy Woods,76,Male,South Katieshire,3.9,7.2,66,5,0,10,10,1,1,84,13,3.9,1.6,0,Social Media,5,4.7,10
Sheila Woodward,80,Male,Montoyaville,8.4,6,88,6,2.5,3,2,2,0.8,77,8,1,2.5,2.4,Social Media,4,4.4,10
Richard Dawson,85,Male,West Jody,4.8,7.7,50,8,0.9,2,4,8,0.9,102,8,2.2,0.6,1.7,Social Media,4,8.9,7.4
Rachel Richardson,89,Male,Wagnertown,3.4,7.3,82,4,0,6,9,2,0.6,51,12,2.1,0,0,Gaming,1,3,5.3
Ethan Marquez,92,Male,Port Zacharyborough,4.7,5.2,99,7,1.2,5,4,1,0.2,36,16,2.6,1.6,1.6,Gaming,2,0.7,10
Mary Booker,18,Male,North Josephmouth,6.8,7.9,97,7,2.2,3,10,9,0.4,126,11,2.2,2.6,0.8,Education,10,5.9,10
Michael Young,65,Other,Amychester,6.7,5.2,59,6,1,4,1,1,1.5,68,16,5,1.1,0.4,Social Media,5,2,10
Krystal Ellis,56,Female,New Denise,1.5,9,95,4,0,8,8,3,0.5,84,10,3.3,2.5,1.4,Gaming,1,4.6,6.5
Andrew Brown,52,Female,Nixonville,3.8,5.5,96,3,0.4,10,1,9,1.3,102,15,3.1,1.5,1.2,Social Media,5,6.8,10
Yvonne Davis,75,Female,Peterside,3.7,6.9,65,6,0.1,2,4,10,1,149,10,1.1,0.1,1,Social Media,6,6.1,6.4
Kyle Woodard,95,Female,Bakertown,1.5,6.3,87,1,0.9,6,1,10,1.4,45,8,3.1,2.8,0.7,Social Media,4,8.1,6.7
Christopher Chavez,37,Female,Davidhaven,6.6,7.6,61,5,1.5,6,2,2,0,28,20,3,1.8,1.2,Other,2,5.4,10
Lisa Snow,25,Other,South Lisaport,6.6,9.1,64,10,0.9,6,1,8,0.8,147,10,2.8,1,0.9,Social Media,7,7.8,10
Joshua Welch,54,Other,Port Jason,4.3,7.4,72,8,0.6,3,4,9,1.5,32,16,4.1,0.9,1,Other,3,8,9.4
Zachary Moore,89,Male,Lake Emilyhaven,7.8,5.5,96,8,1.6,8,1,6,1.1,74,18,2.7,3.2,0,Gaming,6,6.8,10
Lindsay Fry,83,Male,Sherryfort,7.1,6.8,86,10,1.7,4,7,8,0.9,45,5,4,0.1,1.3,Education,7,7.1,9.7
Savannah Gonzales,86,Other,Lake Jacqueline,5.3,4.5,96,8,1.5,5,5,3,2,108,18,2.3,1.2,1.3,Gaming,1,4.8,10
Linda Moore,40,Male,Lozanoport,5.9,7.9,77,9,1.1,1,10,8,1.5,132,10,1.7,0.6,0.4,Social Media,3,3.6,8.9
Joan Mooney,94,Male,South Travis,4.5,6,81,8,0.1,2,7,9,1.2,58,18,2.1,2.5,0.9,Education,2,4.8,10
Matthew Pena,93,Female,East Michaelville,5.6,9.7,95,4,0,8,5,4,1.3,128,5,0.2,1.9,0.3,Social Media,2,8.3,6.4
Donna Martinez,24,Male,Andrewsmouth,4.5,6.8,85,0,1.7,1,5,7,1.1,143,7,2.1,0.7,0.7,Other,4,6.3,8.2
Stacey Mercer MD,14,Female,Amyland,6.9,6.4,85,7,0.9,6,10,4,1.5,124,12,1.7,0.7,0.6,Gaming,6,6.6,10
Brendan Mcdaniel,74,Other,Georgeton,4.5,6.4,61,7,1.2,10,6,5,1.4,121,15,0.9,0.7,1.4,Education,7,6.5,8.3
Marcus Villanueva,84,Male,Marieberg,7.1,8.3,55,10,1.6,3,6,7,0.9,29,13,3.5,2.9,1.4,Social Media,1,9.2,10
Jesse Gonzalez,6,Other,South Brandonfurt,4.9,6.7,52,10,1.3,9,3,1,0.1,67,10,0.8,1.8,0.6,Gaming,8,6.1,7.5
Dr. Jordan Hamilton,33,Female,Williamsside,4.9,6.8,58,10,0,10,4,3,1.7,72,19,1.3,2.2,1.3,Gaming,2,10.6,10
Elizabeth Horn,74,Male,North Michaelton,4.8,9.1,75,2,1.4,2,7,7,0.4,103,16,1.6,2.4,1,Browsing,1,5.3,9.5
Ashley Ingram,81,Female,Sawyerchester,7.6,7.5,61,0,2.1,4,8,4,0.6,100,16,2.1,2.4,0.8,Other,7,5.6,10
Jason Mccann,45,Female,Cynthiastad,3.2,5.9,60,5,0.7,3,9,2,1.6,102,19,3,0.2,0,Other,5,4.8,9.3
Jennifer Cabrera,5,Other,New Hannahmouth,5.8,9.7,90,3,0.7,9,2,10,0.7,133,12,2.5,1.8,1,Browsing,8,5.6,10
Sean Dillon,44,Female,Santiagofort,4.3,6.6,68,3,1.4,5,7,7,0.8,150,6,2.4,1.4,0,Gaming,3,9.8,9
Dylan Brown,42,Male,Lake Sharon,6.5,4.5,90,8,2.6,4,5,6,1.5,82,19,2.8,2.5,1.3,Gaming,3,2,10
Amber Erickson,99,Female,Klineburgh,4.3,7.8,73,7,0,3,4,10,2,69,15,2.7,1.5,0.6,Education,1,7.5,9
Lisa Smith,10,Other,Carlsonview,3.5,5.6,86,3,1.6,1,7,3,0.5,65,8,0.5,1.2,0,Other,2,7.6,5.3
Miguel Williams,52,Male,East Brianstad,5.9,8.1,65,8,0.3,5,10,1,1.8,140,17,2.3,3.2,0.5,Education,1,7.5,10
Veronica Kramer,36,Male,Suzanneland,2.5,3.4,87,1,1.1,7,3,2,1.3,55,12,3.9,1.3,3,Gaming,8,7.9,9.5
Peter Villa,82,Female,Frankborough,5.5,5.7,92,7,0.6,10,10,5,1.2,91,12,2.3,0.9,1.4,Browsing,1,3.9,10
Elizabeth Myers,16,Other,South Nathan,4.2,6.3,51,1,1.2,1,1,4,0,27,8,1.9,1.5,0.4,Education,8,10.6,6.6
Adam Young,84,Male,Matthewstad,0,7.1,78,3,0.3,8,10,8,0.4,22,14,4,2.3,0.3,Education,1,7.3,6
Evan Henry,57,Female,Bradfordstad,8.3,3.3,54,4,0.3,1,1,3,0.2,75,8,2.1,2.2,1.1,Education,9,5.8,10
Lisa Ross,55,Other,North Jodi,6.1,7.6,75,8,1.7,5,1,9,0.4,69,18,2.3,0.5,1.4,Social Media,2,8.4,10
Wendy Huerta,37,Male,North Davidhaven,4.4,6,98,9,1.8,8,5,4,1,95,14,3.7,1.8,1.8,Other,3,6.8,10
Melissa Snyder,82,Male,Penaborough,2.2,5.5,72,4,1.4,5,1,1,1.1,131,5,1.9,1.5,1.7,Social Media,4,4.7,6.5
Pamela Collins,57,Female,South Christopherville,7,8.2,68,4,0.6,3,5,7,1.1,148,17,3.5,2.1,1.3,Gaming,1,5.4,10
Nicole Sanders,70,Male,West Johnhaven,3.8,6.8,78,7,1.4,2,9,2,1.2,43,7,2,2.3,0.7,Browsing,2,8,7
Michael Garcia,26,Male,Greenstad,5.7,6.2,99,3,0.5,6,10,1,1.2,36,6,3,1,0.7,Gaming,2,6.4,8.5
Debbie Floyd,70,Female,East Ashleyshire,9.1,6,56,7,0.1,10,1,1,0,120,9,1.5,2.3,1.5,Browsing,8,3.4,10
David Newton,6,Other,West Scott,2.8,7.1,64,1,0.1,4,2,4,0.8,109,12,3.1,1,1.6,Social Media,7,4.6,7.9
Dylan Spencer,83,Female,West Jared,2.2,6,83,2,1.4,8,1,6,0.5,92,16,1.1,2,1,Gaming,5,4.4,7.3
Jason Smith,88,Female,Wardmouth,7,5.1,96,5,1.8,2,8,4,0.8,142,7,3,2.3,0.8,Other,10,4.7,10
Kimberly Brown,33,Male,Robertside,4.8,8.6,59,5,0.7,5,6,1,0.6,93,9,1.6,3,1.7,Browsing,8,6.2,8.8
Jerome Grant,62,Male,Gallagherland,7.9,9.7,84,8,1.1,3,2,1,0.7,47,20,4.7,1,0.6,Gaming,6,6.8,10
Kevin Wagner MD,60,Female,New Stephaniemouth,3.9,7,90,2,1,6,5,7,0.5,143,16,2.4,0.3,0,Social Media,6,5.2,9.2
Dawn Henry,15,Male,Johnhaven,5.2,6.4,61,10,2.4,5,6,8,0.8,136,7,2.6,3.5,0.7,Education,1,5.7,10
Michael Strickland,56,Male,Jonesborough,5.9,7.4,84,8,0.6,10,2,1,1.5,49,12,2,1.7,0.2,Education,10,4.1,9.3
Randy Hunt,23,Male,Jennybury,2.1,4.6,57,1,1,3,6,7,1,86,13,2.3,2.1,0.8,Education,9,5.4,8.5
Michael Maldonado,43,Other,Lake Michael,4.3,7.8,78,8,1.6,6,1,10,0.9,42,19,2,0,0.8,Education,9,7.6,7
John Fletcher,65,Other,Jimenezside,5.6,6.9,96,8,0.5,10,1,1,1.2,87,17,3.7,0.3,0.8,Education,10,6.5,10
Joseph Taylor,82,Male,Lake Nicole,5,8.5,55,9,0.3,8,4,7,0.7,133,5,1.8,0.1,2.2,Social Media,7,6,6.3
Henry Acosta,87,Female,Greeneland,6,6.9,77,10,0.7,4,6,5,0.9,54,7,2.6,0.2,2.2,Gaming,5,8.2,7.8
David Cox,100,Female,Gonzalezton,3.3,8.7,72,9,1.4,10,4,5,0,144,9,1.7,0.6,0.7,Education,4,10.4,5.9
Daniel Rowland,8,Male,East Jonathan,4.2,8.3,81,7,1.6,9,10,8,0.4,96,20,1.9,3.8,0.3,Education,10,5.3,10
Samantha Castillo,73,Male,Douglasport,5,7.1,74,9,1.7,9,9,5,1,66,18,3.1,2.2,0.2,Browsing,9,9.3,10
Frank Davis,5,Female,West Kelly,7.3,4.9,73,6,0.8,10,9,8,1.2,33,15,2.5,0.6,0.6,Browsing,3,7,10
Bradley Brooks,73,Other,Port David,7,5,50,9,2.1,5,10,1,1.3,51,19,2.5,1.8,1.8,Other,10,7.9,10
Patricia Mcfarland,73,Male,Derekborough,3,3.1,66,7,0,3,6,9,1.4,33,20,3.4,1.6,1.2,Gaming,6,5.5,10
Rebekah Martinez,91,Other,South Maurice,6.1,4.6,85,4,1.4,5,2,7,0.1,39,5,2.6,0.4,1.2,Gaming,5,5.8,8.6
April Patton,24,Other,Port Michaelhaven,3.4,4.4,85,7,0.2,9,7,7,0,51,20,2.6,0,2,Other,6,4.7,8.8
Kathryn Anderson,62,Other,Port Katie,6.3,6.9,71,3,0.4,6,9,5,0.8,32,17,2.5,2.8,2.3,Gaming,6,4.2,10
Michael Campbell,32,Female,Hicksburgh,4.7,8.6,73,7,1.4,10,6,8,0.7,115,10,2.8,1.7,0.9,Other,6,7.3,9.2
Joseph Johnson,87,Other,Parkerburgh,6.1,5.3,75,6,0.4,7,8,5,1.8,58,12,5,0.2,0.9,Browsing,4,5.3,10
Ashley Mathews,4,Other,South Sandra,5.2,5.7,53,6,0.1,5,6,4,1.1,24,7,3.5,0.6,0.6,Gaming,2,4.8,8.3
Derek Moore,63,Female,Candicechester,4.4,3,94,3,0,2,1,2,0.2,142,8,3.4,1,1.3,Social Media,7,7.3,10
Jennifer Navarro,68,Other,West Gary,3.1,6.3,59,8,2.3,6,10,2,0.6,39,18,3.3,2.3,1.5,Other,2,3,9.9
Felicia Prince,40,Other,Zacharyland,6.1,5.8,99,7,1.7,8,7,7,0.2,66,19,4.2,0,1.3,Gaming,7,8.9,10
Tracey Green,37,Male,Ortizview,7.7,3.5,71,10,0,2,2,5,0.9,32,19,4.2,2.8,1.4,Gaming,5,5.6,10
Joel Patterson,83,Other,Jessicabury,8.1,7.8,84,8,1,2,5,7,0.9,53,10,2,0,0.5,Browsing,2,7,9.3
Ronald Robertson,85,Female,West Amber,5.3,8.8,99,9,0.7,4,9,3,1.3,119,11,0.7,2.9,1.8,Other,4,6.2,9.1
Nicholas Brown,26,Other,South Jose,4,6,51,2,1,4,6,3,0.3,113,20,3.7,1.9,0,Other,4,7.4,10
Jennifer Chavez,7,Female,Robertside,4.5,6.2,97,6,0.8,3,10,10,1,90,7,3.1,0.4,0,Browsing,8,8.9,8.1
Sheila Powell,35,Male,New Davidhaven,5.4,6.1,80,10,1.3,1,5,8,0.8,108,13,1.3,0.7,1.2,Gaming,6,1.4,9.1
Melissa Johnson,2,Female,North Austin,5,5,77,9,0.4,7,1,8,0.4,124,9,3,1.5,0.1,Education,9,7.5,10
Erin Green,75,Female,Jonesfurt,4.5,3.1,74,7,0.8,2,8,4,1.2,45,12,2.2,3,0.7,Social Media,7,5.4,10
Frederick Roberts,93,Other,Port Ronaldmouth,2.9,8,76,0,1.6,4,7,6,0.7,128,5,1.5,0.2,0.7,Other,4,3.6,4.2
Jeffrey Jordan,7,Male,South Michael,4.5,8.7,100,2,1.9,5,10,5,1,127,6,2.7,2.4,1,Browsing,2,5.5,9
Jeremy Stone,80,Female,East Tiffanyton,7.1,7.7,99,10,0.2,3,1,9,0.7,96,13,5,1.6,1,Gaming,7,6.7,10
Debbie Walters,35,Male,Thomasville,5.4,9.2,57,0,1.6,3,5,3,0.1,66,14,1.7,0.1,1.1,Gaming,6,8.9,6.7
Troy Stephens,80,Female,Port Joyborough,5.5,9.3,57,8,1.3,2,4,10,0.8,119,19,2.5,1,0.5,Gaming,6,5.1,10
Savannah Taylor,81,Male,South Colleenborough,1.9,6.3,61,1,2,7,3,5,1,26,20,1.6,1.7,1.9,Browsing,2,8,6.6
Mark Caldwell,26,Other,Joneschester,3.7,7.1,64,0,1.4,3,10,5,0.9,148,16,2.1,2.8,1.7,Browsing,7,6.2,10
Samuel Johnson,46,Female,New Gregory,6.7,4.6,85,7,1.2,8,7,1,2.1,115,5,2.2,1.7,0.9,Education,4,4.7,10
Kristen Moore,100,Other,East Alyssaside,4.5,5.6,95,3,0,1,6,4,1,27,18,2.6,1.8,0.8,Gaming,4,9.2,10
Donna Wood,98,Other,Stevenshire,7.8,8,61,1,0.5,1,3,2,1.1,89,18,2.9,0.5,0.8,Education,1,8.8,10
Michael Johnson,89,Male,New Lori,4.1,6.2,61,6,0.2,3,7,10,1.3,46,12,2.7,2.6,0.8,Social Media,1,4.4,9.6
Duane Rivers,62,Female,North Alexton,5,6.1,53,0,1.6,1,4,8,0.6,85,5,3.5,0.8,1.1,Education,9,6.6,9
Robin Dougherty,90,Other,South Jasmine,1.3,7.4,77,1,0,8,10,4,1.6,106,16,2.6,1.7,0.2,Other,2,5.9,7.2
Bridget Santos,22,Other,South Bobbyland,10.6,6.7,79,6,0.2,4,5,5,0.5,97,20,1,1.8,2.2,Education,1,7.4,10
Autumn Walters,88,Other,North Terry,4.7,5.6,65,10,2.2,8,4,5,1.5,125,13,3.3,0.4,0.1,Other,10,7.9,10
Shelley Bass,50,Other,Sherryburgh,7.1,3.8,91,7,1.4,7,4,10,1.3,67,5,2.7,1.2,1,Education,1,4.1,10
Joseph Avila,68,Other,Davidberg,7.3,3.5,83,9,0.7,5,8,6,1.1,20,19,2.7,0.9,1.6,Social Media,8,4.4,10
Evelyn Martin,56,Male,Deborahfort,6.6,7,60,0,0.5,5,2,9,1.1,66,13,2.6,1.1,0.1,Social Media,6,6.2,10
Cheryl Castillo,16,Other,Paigefort,4.1,5,54,1,0.2,7,9,9,0.7,31,11,3.1,0.9,0.7,Education,8,7.7,8.4
Erika Dean,86,Other,Margaretville,6.6,5.4,58,6,1.7,3,10,3,2.3,83,9,2.7,2.8,1.7,Browsing,6,6.2,10
John Sullivan,95,Female,Port Peterhaven,4.2,7.4,98,2,1.3,10,1,8,0.3,65,5,3.2,1.9,1,Education,7,14,7.9
Angela Johnson,95,Female,Holmesburgh,8.2,6.9,50,6,0.9,6,7,1,1.2,22,7,1.4,0.7,1.4,Browsing,3,3.1,8.7
Nancy Anderson,67,Female,Lake John,6.5,4.9,90,10,1.6,8,7,4,1.1,46,13,3,1.3,0,Social Media,9,8.7,10
Melissa Griffith,16,Male,Port Michaelfurt,4.3,8.4,61,10,0,2,1,8,1.1,147,9,1.9,1.1,0,Other,10,4.2,7.8
Whitney Montes,16,Male,West Taylor,4.7,4.9,90,1,1,3,3,5,1.8,101,12,2.1,1.6,1.2,Gaming,6,6.4,10
Scott Glass,49,Female,Morrowmouth,6.6,5.4,51,3,0.7,2,3,10,1.5,114,11,2.1,1.9,0.9,Education,9,4.1,10
Bruce Harmon,44,Male,East Wayneland,5.6,8,70,6,0.3,7,10,8,1.1,128,15,2,2.3,0.9,Social Media,3,7.2,10
Andrew Martin,62,Male,Phillipsfort,4.4,6.1,76,2,0.8,3,2,3,1.4,58,7,3.6,1,0.7,Social Media,8,6,8.5
Alejandro Jennings,42,Female,Kaylaport,3.1,5.7,53,10,0.4,3,7,5,0.5,46,16,3.2,2.1,0.5,Gaming,3,4.6,9.7
James Barrett,5,Female,Mooremouth,4.3,6.7,93,8,1.1,2,10,9,1.9,74,12,3.1,0.2,0.5,Browsing,3,2.9,8.1
Joshua Mendoza,59,Male,Parsonsshire,7.4,4.3,97,1,1.7,4,5,5,1.7,69,6,1.1,1.4,0.2,Education,5,2.3,10
Gabriela Waters,46,Female,Kristentown,6.2,5.2,65,9,1,8,3,6,1,104,8,1.7,2.6,0.9,Social Media,1,6.2,10
Tiffany Mcdonald,22,Male,Kingport,4.3,5.8,88,7,2.1,10,3,6,0.7,126,9,2.4,1.2,0.8,Browsing,3,6,9.3
Stephanie Weber,23,Other,Deborahstad,6.5,4.7,71,5,0,7,2,9,1,138,13,3.6,0.5,0.5,Education,10,5.2,10
Philip Romero,56,Male,Garciaview,3.4,8.9,86,9,1.4,7,8,6,2.4,43,13,2.5,2.2,1.2,Gaming,3,3.4,7.1
Eric Baldwin,47,Other,East Heidi,4.9,6.8,56,1,0.9,2,7,5,0.6,86,11,2.8,2,0.7,Social Media,5,8.7,10
Tina Fuller,83,Other,Heiditown,8.7,5.4,86,0,0.7,1,8,6,0.7,141,19,2.2,0.4,0,Education,4,5.2,10
Phillip Goodman,84,Female,South Joan,8.2,5.3,65,6,1.7,3,10,7,1.3,90,10,2.6,1.7,1.5,Browsing,2,4,10
John Allen,30,Female,Margaretburgh,5.7,6.5,69,10,0,3,10,3,0.7,57,9,3,0.6,0.8,Browsing,10,8,9
Jose Wagner,98,Other,Amandatown,6.6,4.6,80,9,0.8,3,4,3,0.8,144,6,1.4,2.3,0.8,Social Media,6,6.3,10
Franklin Russell,84,Male,Mathisport,4.9,4.6,59,0,2.5,10,5,5,1.1,94,16,3.4,0.7,1.3,Social Media,1,5.7,10
James West,99,Male,West Nicole,5.8,6.3,64,9,0.5,5,1,7,1.1,35,12,2.8,1.4,1.3,Gaming,7,7.3,10
Cynthia Burke,46,Male,Lake Holly,7.1,7,83,2,1.7,5,6,2,0.9,75,15,2.1,1.3,0.5,Education,9,8.3,10
Margaret Thompson,34,Female,West Dominichaven,6.3,7.6,58,2,0.5,1,6,6,1.3,34,5,1.4,1.8,1.9,Social Media,7,5.2,7.4
Tony Bowers,53,Female,Rebeccaville,5.1,5.8,71,1,1.4,5,2,3,0.8,133,15,3.3,0,1.2,Gaming,9,1,10
Chase Knapp,84,Other,Ashleyport,9,7.1,73,5,0.4,9,5,6,1.9,29,19,2.5,2.5,1.1,Social Media,7,5.7,10
Dr. Travis Estrada,67,Female,Michelleburgh,4.2,8.1,78,1,1.6,9,3,7,0.4,110,11,4.9,1.3,0.9,Gaming,1,2.2,10
Mrs. Andrea Figueroa,18,Other,Jefferymouth,2.9,6.2,50,1,0.6,2,8,9,1.5,56,5,3,1.1,0.8,Education,6,5.2,6
Michael May,5,Female,Jaredtown,3.1,4.6,90,9,0.9,5,3,5,1.5,85,6,1.8,3.1,1.4,Social Media,8,3.2,8.6
Timothy Taylor,63,Female,Thomasmouth,5.5,6.5,67,10,0.9,10,2,4,1.8,120,14,2.8,1.1,1.8,Browsing,7,3.9,10
Shawn Finley,3,Female,Lake Kelly,6.4,5,74,1,2.3,1,4,5,0.9,66,16,1.9,2.6,0.7,Browsing,4,7.6,10
Kenneth Carlson,39,Female,Madisonstad,6,7.7,97,6,1.8,2,10,6,0.8,144,13,2.3,2.4,0.7,Other,3,6.2,10
Holly Massey,88,Other,Port Benjamin,4.4,7,91,6,1.4,4,7,5,0.3,104,11,4.2,1.5,0.8,Social Media,6,5,10
Mrs. Alisha Moore MD,51,Male,Marshalltown,9.3,6.8,94,0,0,5,2,1,1.2,97,12,3.1,0.1,1.2,Other,1,5.7,10
Daniel Walton,68,Female,Emilyborough,3.8,8,70,2,1.8,4,1,1,1.6,70,20,4.2,0.9,1.2,Browsing,5,8,10
Marisa Bryant,40,Female,Sharpport,8.5,5,61,10,0,10,5,1,0.4,76,18,3.2,1.6,0.8,Gaming,5,4,10
Zachary Russell,68,Other,Port Carolineborough,2.7,5.7,76,5,1,1,8,6,1.1,60,14,0.9,0.6,0.9,Browsing,9,6.1,5.4
Deborah Mendez,74,Male,West Charles,5.7,4.8,64,1,1,9,10,8,2,106,13,4.5,1.5,0,Education,5,8.6,10
Michael Richard,65,Other,New Robin,5.3,6.9,51,0,0,9,9,4,1.4,143,10,2.1,1.6,1.5,Gaming,4,3.5,10
Kayla Jenkins,8,Female,Andrewtown,7.9,5.1,91,2,0.1,6,5,4,0.7,116,13,3.1,0.4,1.8,Browsing,10,3.5,10
Mark Thomas,19,Other,Lake Nicolefurt,7.4,7.6,58,5,0.3,9,7,6,1,129,8,4.3,0.1,1.1,Social Media,4,4.2,10
Nina Humphrey,10,Male,New Carlabury,8.4,7.7,100,1,1.9,8,3,10,1.6,47,14,3.4,1.5,2.2,Gaming,1,4,10
Alicia Ayala,44,Other,Conradland,2.8,6.9,77,2,1.9,8,7,4,1.8,93,5,1.8,3.5,0.5,Other,2,7.8,7.5
Kevin Page,13,Female,Brownport,6.8,8.6,73,6,0,6,5,6,0.9,66,20,2.3,1.4,1,Education,2,5.5,10
Edward Palmer,22,Other,Port Stephen,5.1,3.4,96,3,0.9,2,3,3,1.3,104,13,2.9,0.3,1.3,Browsing,10,3.3,10
Walter Howell,98,Male,Shannonport,5.8,5.3,99,6,0.8,2,4,5,0.4,41,18,2.3,1.6,1.5,Gaming,10,4.1,10
Timothy Adams,13,Other,New Larry,6.1,7.2,72,8,0.3,6,2,9,0.9,140,8,1.4,1.8,0.3,Browsing,3,4.7,10
Devon Coffey,98,Other,Mcculloughville,2.7,4.5,100,10,1.2,2,10,1,1.1,116,12,3.2,0.2,0.2,Social Media,4,1.9,8.6
Richard Smith,40,Female,Michaelchester,7.4,5.4,83,7,1,8,8,7,1.4,75,17,1.6,1.2,2.1,Social Media,4,6.5,10
Karen Lynch,88,Female,Jacobville,0.9,6.3,85,3,2.5,6,7,8,0.6,36,8,2.5,0.5,1.9,Education,5,3.3,3.1
Jeffrey Davis,77,Other,South Marie,3.5,6.6,74,6,2,10,7,1,1.1,126,10,2.2,0.9,0,Other,1,5.1,7.8
Reginald Calhoun,94,Male,West Cody,0.9,3.8,79,0,2.4,8,7,1,0.8,72,18,1.6,4,0.5,Browsing,1,6.6,9.6
Anthony Smith,83,Female,South Dalehaven,6.1,4.5,83,4,1,10,10,7,1.4,41,20,2.2,1,2.1,Browsing,7,5.5,10
Anthony Allen,54,Other,Port Austin,3.4,9.2,81,8,0.8,2,6,6,1,112,14,3.6,1.6,1.6,Gaming,2,6,9
Michael Wilkerson,89,Male,New David,3.9,9.1,100,8,1,9,1,3,1.1,116,8,3,1.2,1.9,Other,8,8.9,7.5
Jackson Martinez,90,Other,Walshbury,5,8.7,84,0,1.4,10,3,9,1.6,117,14,2.5,0.9,0,Other,3,6.4,9.2
Amy Fox,54,Male,New Shirleybury,7.8,6.8,98,2,1.4,10,9,3,0.8,39,18,1.1,0.8,1.8,Gaming,8,6,10
Mr. Mitchell Smith,87,Female,New Phillipland,1.3,7.7,79,7,1.2,5,6,1,1.3,104,10,2.4,2.7,1.7,Social Media,1,9.9,6.6
Jeffrey Jones,3,Male,Baldwinborough,8.7,7.3,66,0,1.9,6,1,9,1.2,95,15,3.2,0.7,0.4,Other,2,8.8,10
George Lewis,69,Female,Port Cindy,4.2,4.8,56,0,1.3,6,3,7,1.2,115,14,2.4,1.9,2,Education,4,9.4,10
Thomas Schneider,80,Other,New Jessechester,5.1,10,95,7,1.7,10,2,7,1.1,67,8,2.8,1.6,1.9,Other,2,5.6,7.4
Jeffrey Ramsey,70,Female,Lake David,3.5,5.3,57,0,0,8,3,10,0.8,47,19,2.8,1.2,1.6,Social Media,10,5.6,9.6
Paul Jenkins,19,Female,North Michael,5.8,6.6,63,9,1,2,2,10,0.2,48,10,0.6,1,0,Browsing,4,4.7,7.1
Emily Flynn,20,Other,Franklinville,5.8,8.4,73,4,0,1,10,3,1.1,67,6,2.1,2.6,0.4,Gaming,10,7.1,8.8
Ashley Lee,5,Other,Kingberg,3.8,7.5,63,7,0.8,6,5,5,1.5,83,20,2.9,0.9,0.2,Social Media,6,4.7,9.5
Sheila Hart,41,Other,East Carlosmouth,5.9,7.6,59,0,1.5,6,1,1,1.5,129,20,0.4,1.3,0.9,Social Media,3,6.9,10
Joan Aguilar,34,Other,Lake Anthony,5,6.6,97,8,0,2,8,6,1.1,116,14,2.7,2.7,0.2,Education,7,4.8,10
Dominique Allen,37,Female,Tylerhaven,2,4.1,95,10,1.3,7,6,2,0.7,38,7,2,3,0.7,Social Media,1,6.4,7.1
Lindsey Hawkins,75,Male,Cruzhaven,4.6,4.4,88,4,0,4,3,5,1.2,45,15,3.5,1.6,0.3,Social Media,10,2.2,10
Shelia Robinson,41,Other,Youngbury,2.4,6.3,87,0,0,4,4,7,1.7,89,5,2.8,0.3,1.8,Education,3,3.3,5.1
Angel Morris,25,Male,Lake Coryville,5.4,7.1,100,5,1.4,10,2,4,1.3,58,6,2.2,3,0.5,Other,2,7.1,9.4
Richard Henry,38,Female,Port Jamesstad,3.7,7.3,62,1,1,8,4,10,0.1,108,5,1.8,1.7,0,Browsing,3,0.1,6.7
Louis Cline,12,Other,South Rhonda,2.4,4.6,80,3,2.1,6,3,8,1,22,6,4.7,2.6,1,Other,4,3.2,9
Tamara Rogers,86,Other,Candacefurt,4.7,7.7,97,1,0,7,10,10,0.8,107,18,1.9,1.5,1,Gaming,6,4.1,10
Timothy Smith,85,Male,Michaelburgh,6.9,6.6,76,3,0,3,8,3,0.6,24,19,0.9,1.5,0.8,Other,6,7.2,10
Mr. Jeffrey Park,27,Female,East Felicia,3.7,6.1,82,0,3.1,9,2,5,1,119,14,2.7,0.5,1,Gaming,3,5.6,9
Roberta Hoover,60,Other,Jamesshire,4,6.7,57,10,1,9,10,9,1.1,123,20,3.9,1.5,0,Education,9,7.7,10
Deborah Shelton,100,Female,North Brianberg,3.7,6.6,56,5,0.9,4,8,1,1.1,108,20,3.5,1.6,1.2,Browsing,10,3.3,10
Vanessa Williams,5,Other,South Stevenport,4.2,6.6,85,1,0,1,1,8,1.1,46,16,4.9,0,0.5,Browsing,4,4.4,9.9
Joshua Sullivan,42,Other,Millerberg,5,6.9,78,8,1.2,4,8,6,0.9,75,13,1.7,0.5,1,Social Media,7,6.6,7.8
Heather Caldwell,38,Other,West Russellshire,8.7,5.7,65,2,0.7,6,7,1,0.7,38,17,3.2,0.8,1.8,Browsing,6,6.6,10
Andrew Bray,40,Female,Mahoneyland,4.2,6.3,90,8,2.6,9,4,5,0.4,59,8,1.8,0,1.8,Social Media,10,10.8,5.6
Amy Duncan,11,Other,Georgeberg,3.8,4.6,93,5,0.2,3,2,8,1.8,64,5,2.2,3.4,0.4,Gaming,7,6.7,9.4
Steven Estrada,43,Other,East Wanda,4.4,7,61,1,0,6,4,10,1.3,110,20,0.7,0,1.7,Browsing,8,0.2,7.8
Olivia Haynes,55,Female,Scottton,4,7.5,51,8,1.5,10,6,10,0.7,47,8,1.9,2.7,2.6,Social Media,8,5.4,7.4
Francisco Henry,81,Male,North Lauren,5.1,5.1,57,9,2,9,8,9,1.2,20,9,3,0.4,0.8,Other,2,3.7,8.2
Michael Lowe,66,Female,Gregoryside,4.8,5.6,84,5,1.4,7,10,3,1.9,95,8,2.3,2.5,0.9,Other,8,11.2,10
Leslie Parsons,56,Male,Port Markstad,5.5,4.7,81,3,0.6,8,9,9,0.4,60,7,2.7,1.6,1.7,Education,10,5.6,10
Dana Marshall,63,Female,West Melvin,3.7,7.3,97,4,0.7,7,9,1,1.5,147,14,3,1.1,1.2,Education,4,7.1,9.9
Alyssa Jenkins,3,Male,New Joannachester,9.4,8,97,5,0.8,2,6,2,0.7,53,11,3.6,2.5,0.7,Social Media,8,6.2,10
Luis Crawford,28,Other,South Brendashire,5.4,9,50,1,0.6,6,3,9,0.1,20,9,1.2,2.5,1,Browsing,9,2,6.8
Angela Walker,46,Female,Nathanland,2.4,7.7,92,10,0.9,10,6,7,2.2,37,19,1.8,1.9,1.8,Browsing,7,4.9,6.8
Michele Winters,54,Other,Andersonborough,6.7,7.1,82,2,0,6,9,3,0.8,56,14,1,1.4,1.9,Other,3,6.9,9.5
Emma Young,79,Female,East Ian,5.7,5.1,70,3,1.5,4,1,2,1.3,37,6,1.2,1.2,0,Other,3,3.8,7.5
Brooke Sanders,22,Other,Port Andrew,4.8,8.9,89,7,0.2,10,1,10,1.3,57,12,2,1.7,0.4,Other,5,8,7.6
Alyssa Massey,69,Other,Thomasmouth,6.2,7.6,85,9,1.5,1,1,4,1.6,37,11,0.7,1.9,0.9,Education,8,8.9,7.9
Adam Nunez,14,Female,South Elizabethshire,5.5,7.9,90,4,0.8,6,5,5,1.6,26,5,2.1,0.6,0.8,Gaming,5,7.9,5.8
John Flores,38,Male,North Chadfort,4.8,6.4,81,10,1.1,6,5,6,1.1,97,11,2.2,2,1.1,Education,3,4.5,9.9
Kaitlyn Wheeler,88,Female,Hunterborough,6.2,6.5,99,1,0.3,9,5,1,0,23,17,1.2,2.4,2.2,Gaming,9,9,10
Justin Dixon,6,Other,Donaldborough,1.1,6,82,3,1.8,10,9,10,0.7,29,6,3,0.3,0.9,Other,8,8.9,3.2
Alicia Morrison,28,Male,Amandaburgh,3.1,8.6,57,7,1.5,3,3,7,1.9,69,11,1.8,1.3,1.2,Browsing,8,2.7,5.5
Colleen Perkins,96,Female,Anthonyview,6.8,5.2,55,0,2,2,10,10,0.8,58,16,3.4,0.6,0.3,Education,2,7.8,10
Annette Rodriguez,37,Other,East Jacquelineland,4.8,5.6,82,3,0,9,6,9,1.9,106,11,3.4,1.6,0.4,Other,6,6.1,10
Martin Singleton,11,Female,Michaelberg,3,8.5,63,1,0.8,8,9,8,1,73,8,3.3,0,1,Social Media,4,3,5.1
Dana Jimenez,56,Male,South Tabitha,8,5.3,68,1,0.6,2,4,3,0.8,106,10,1.3,0.5,1.5,Gaming,8,5.9,10
Meagan Bradley,81,Male,Millerport,3.3,6.5,51,9,0.1,6,4,2,0.7,44,20,3.2,2.3,0,Gaming,10,1.1,10
Christine Bryant,94,Male,Cherylborough,8.2,8.3,56,3,1.8,4,6,3,1.2,80,20,2.6,2.6,1.2,Education,4,1.6,10
Andrew Haney,25,Other,Fosterfurt,8.5,9.2,51,8,1.1,5,2,10,1.3,104,12,1.4,3,0.7,Social Media,9,6.9,10
Morgan Weaver,75,Female,Lake Donald,6.1,6.5,82,6,0.6,4,4,4,1.1,95,10,2.8,2.5,2.3,Browsing,1,5.1,10
Sarah Lee,3,Male,Lake Todd,5.5,9.8,75,0,1.5,3,1,1,1,116,16,2.9,0.5,0.5,Social Media,6,4.9,9.5
Melissa Small,18,Male,South Margaret,7.6,8,73,2,0.9,4,10,9,0.1,140,18,2.3,1.5,3,Browsing,9,6.6,10
Andrea Martinez,91,Male,North Jeffery,6.7,8.2,93,10,1.2,8,10,7,1.1,25,14,1.3,2.1,0.8,Education,3,4.6,9.3
David Williams,48,Male,North Nathanland,5.5,5.7,98,10,0.6,9,7,10,0.6,93,13,4.8,0.8,0.7,Other,8,3.3,10
Kevin Peters,32,Male,Kelleychester,6.3,4.7,52,7,0.7,4,8,6,1.4,112,7,3.9,2.7,2.7,Other,3,4.4,10
Patricia Robertson,88,Male,Port Robertville,4.4,9.7,71,0,3,9,5,6,0,73,9,2.9,1.6,1.2,Browsing,5,5.2,7.3
John Thomas,51,Other,New Luisfort,4,5.8,84,1,0.7,1,6,10,2.4,149,20,2.9,1.8,2.2,Education,9,5.5,10
Thomas Ayers,49,Female,Port Robert,1.5,6.8,60,9,0.3,5,1,7,0.5,114,14,1.5,3.4,0.1,Gaming,3,5.7,8.1
James Sanchez,59,Female,North Matthewberg,3.6,4.4,91,7,0.5,4,4,8,0.8,77,10,2.1,2.3,0.8,Gaming,2,2.6,9.3
Robert Conley,74,Other,Brandonmouth,6,5.3,98,5,0,10,8,5,1,34,8,0.6,1.8,0.8,Gaming,8,7.8,8
Amy Hunt,49,Other,Dannyside,2.6,7,82,10,0.6,4,1,6,1.4,129,7,3.4,2.7,0,Education,6,6.3,9.2
Carlos Hicks,11,Other,North Thomas,4.5,5.3,82,1,1,10,1,7,0.6,83,17,2.7,1.2,1.8,Social Media,10,4.8,10
Meghan Williams,26,Male,Andrewschester,6.2,7.1,87,5,2.2,10,1,9,1.8,53,15,2.1,2.2,0.6,Gaming,6,9.1,10
Holly Dean,53,Female,Port Abigail,2.7,6.7,99,8,0.9,5,4,8,1.6,45,14,2.3,1.6,1.1,Browsing,3,6.8,7
Ray Scott,24,Female,Port Lisafurt,5.1,8.1,90,5,1.3,6,10,8,1.5,103,15,3.4,3.2,1.5,Education,2,7.1,10
Russell Patterson,91,Male,New Randallhaven,5.9,8.2,71,10,1.5,2,5,4,1.4,41,11,3.5,2.8,1.7,Social Media,6,2,10
Erika Moreno,67,Other,New Davidborough,2.1,6,92,8,0.8,2,2,3,1,143,19,2,1.9,2.3,Other,8,4.3,9.7
Brandon Welch,84,Female,Lake Bradley,4.3,5.7,53,8,0.5,5,7,9,1.1,35,6,3.4,0,1.7,Social Media,3,3.9,6.8
Rebekah Harris,63,Male,Ambershire,2.9,7.1,70,6,0.8,4,6,10,0.6,53,8,1.3,0.5,0.5,Other,10,8.6,3.8
Ana Martinez,82,Female,Ramirezfurt,3.4,9.7,71,0,2,4,5,3,1.3,30,11,0.9,1.1,2,Education,8,4.4,3.4
Ashley Hardy,53,Male,Brianhaven,5.4,7.3,97,3,2.5,6,2,9,1,35,19,2.3,1.6,0,Gaming,6,5.4,10
Joseph Brown,95,Female,New Nicholas,3.5,5.5,62,8,1.2,8,4,8,0.2,125,9,2.5,2.3,1.9,Education,2,4.5,9.9
Adam Ho,10,Female,Harrisburgh,5.9,5.3,63,5,0.7,6,3,7,0.4,99,5,3.6,0.3,0.5,Gaming,9,6.5,10
William Norris,11,Female,West Josephmouth,3,4.8,68,7,2.3,3,8,5,0.2,51,8,2.1,1.8,0.3,Social Media,2,5.9,7.1
Elizabeth Wright,84,Female,South Paulside,5.8,4.8,98,7,1.5,6,8,6,0.3,28,20,1,1.4,1.3,Gaming,1,3.3,10
Christopher Harris,93,Other,Jessicaview,5.4,7.2,67,1,0,7,5,4,0.3,96,12,3.1,2.2,1.2,Gaming,2,3.3,10
Diana Armstrong,25,Female,East Tiffanychester,3,6.2,73,8,0,1,9,9,0.7,142,5,1.8,1.5,0.9,Social Media,10,7.9,7
Alicia Robles,20,Male,Cardenasborough,8.1,5.1,68,5,1.1,6,8,3,0,101,14,4.5,0,0,Education,4,6,10
Chad Brown,34,Other,Lake Carolynfort,8.6,6.6,63,7,1.7,3,6,9,1,91,20,3.3,0,0.8,Education,3,6.3,10
Michael Davidson,88,Female,Evanshaven,5,6.8,54,6,1.5,6,1,7,1.2,50,5,3.5,1.8,1.4,Browsing,10,8.7,8.9
Alicia Curtis,29,Other,Butlerville,5.3,9.1,96,6,2,8,1,8,0.8,64,12,1.7,1.3,0.2,Gaming,6,7,7.4
Diane Cole,35,Male,Kyleshire,4.3,9.2,68,9,0.4,8,9,6,1,96,16,1.5,1.8,1.7,Social Media,4,4.3,8.1
Jasmin Moran,16,Female,Lake Lori,5.5,3,66,6,0.7,3,5,1,0.9,29,13,2.9,0.5,1.5,Social Media,9,4.6,10
Max Gomez,86,Other,Jaybury,4.2,5.6,99,5,0.5,5,5,6,0.9,98,11,1.9,1.6,0.6,Browsing,10,6.5,9.1
Tracey Watson,35,Female,Abbottville,7.8,5.2,93,8,0.5,7,10,10,1,146,13,3.3,4,1.2,Gaming,10,4.1,10
Harry Moran,5,Female,Wilsonton,6.4,7.4,51,5,1.1,3,5,1,0.6,100,18,1.7,1.2,2.4,Gaming,10,9.3,10
Stephanie Patel,35,Female,Taylorville,4.3,5.9,61,9,0,3,2,2,1.8,28,15,2.1,0,1.9,Browsing,5,3.4,7
Sophia Williams,60,Male,Lancetown,2.2,7.4,76,4,1.1,3,5,4,1.5,118,14,3.4,0.8,0,Gaming,2,7.4,7.9
Mary Jones,96,Female,Rachelshire,2.7,3.8,96,2,1.6,2,4,6,1.9,57,14,3,2.7,1.4,Education,10,6.9,10
Kyle Miller,92,Other,North Rachelburgh,1.7,7.7,96,4,2.4,5,1,7,0.6,28,12,2.6,1.7,0.2,Education,8,6.4,5.1
Cesar Torres,27,Male,Bobbybury,1.8,5.5,94,10,1.7,6,8,8,1.4,108,16,1.8,0.7,1,Education,2,7.5,6.9
Brandon Taylor,18,Other,West Alison,5.5,7,57,5,1.5,10,9,1,0,27,17,2.4,0,1.4,Social Media,1,7.2,8.3
Connie Lynch,66,Other,North Michelleburgh,7.8,8.6,54,4,1.3,7,3,4,1.8,46,18,1,2.5,0.5,Browsing,8,7.5,10
Lisa Brewer,50,Male,Lake Lindaberg,4.8,3.7,97,5,0.4,7,8,4,1.5,23,7,1.1,1.4,0.9,Browsing,6,5.3,7.3
John Diaz,63,Male,New Georgeburgh,4.7,7.5,58,8,1.6,10,10,1,1.2,138,11,4,2.3,1,Education,6,10.9,10
Adam Humphrey,71,Female,West Justin,9.5,6.9,79,10,0.3,8,9,8,1.9,137,20,2.9,2.7,0.2,Social Media,5,6.6,10
Thomas Johnson,44,Male,South John,5,8.3,63,3,0,6,2,5,1.2,139,9,1.3,0.5,0,Social Media,8,3.8,7.2
Daniel Gibson,52,Female,Lake Jamesburgh,3.6,7.5,94,9,0,3,10,5,0.8,24,18,1.7,2.2,0.5,Browsing,4,5.9,7.8
Scott Walters,44,Other,Port Patriciaton,5.1,8.1,88,5,1.6,5,2,10,0.7,22,7,3.6,3.7,1.1,Other,1,7,10
Alexander Gilbert,31,Other,Wyattside,3.9,6.8,68,9,0.7,8,5,6,1.4,75,6,2.5,0.5,1.5,Education,6,6,6.2
Matthew Jackson,87,Male,South Aaronborough,4.4,7.9,94,2,1.4,7,6,3,0.5,125,19,1.8,2.1,0,Browsing,10,7.5,10
Alice Giles,52,Other,Martinhaven,4.4,10,78,9,2.3,8,3,4,0.2,114,12,3.2,2.1,0.3,Browsing,9,6,9.4
Malik Pitts,98,Female,East Mark,5.3,9.1,58,10,0.9,5,5,9,1.2,83,16,2,1.5,0.9,Gaming,5,3.1,9.1
Mark Weber,83,Other,Millerfort,4.8,5.4,64,4,2.5,2,3,6,0.7,146,9,1.8,0.1,0.8,Other,9,7.8,8.7
Mason Liu,36,Female,New Douglas,6.9,6.4,81,9,2.6,3,6,8,1.3,33,9,2.7,2,0,Social Media,1,7.1,10
Deborah Bradley,27,Male,Mcculloughmouth,9.1,8.5,53,1,1.1,10,9,10,1.7,78,13,1.5,2,1.2,Education,8,6.3,10
Patricia Sheppard,75,Other,West Alicia,2.6,5.7,95,5,0.1,8,7,3,1.8,75,9,3.3,0.2,0.9,Browsing,7,5.1,6.5
Brent Johnson,61,Female,Michaelstad,8.1,6.1,60,0,0.1,10,10,10,0.7,23,16,3.5,0.1,0.9,Other,1,6.5,10
Scott Preston,15,Female,Jennifermouth,8.7,8.8,59,7,0.7,10,10,3,0.9,102,9,4,1.7,0,Gaming,2,8.5,10
Darryl Wise,55,Other,East Dawn,6.3,7.3,72,0,2.2,5,6,3,1.1,49,20,2.3,1.6,0.2,Other,9,6.1,10
Angela Duncan,74,Other,North Bruce,3.1,7.7,68,4,1.2,5,7,10,1.1,124,7,3,0.9,0.8,Education,6,7.3,7
Michael Mason,27,Female,Salazarbury,8.9,6.3,95,8,1.8,1,7,1,0.6,148,7,2.3,0,1,Gaming,10,9.6,10
Alyssa Murphy,91,Other,Obrienburgh,2.7,4.3,71,10,0.3,5,1,10,1.1,92,19,2.8,2.7,0,Gaming,5,0,10
Sean Hogan,79,Other,South Brianside,4.6,5.8,57,5,1.3,1,1,8,1.3,96,12,2.5,0,1,Other,4,5.4,8.5
Joel Molina,26,Male,Wileyside,5.2,8,80,2,1.6,3,4,8,1.2,55,7,1.2,2.5,0.6,Education,10,6.9,7.4
Clinton Morgan,31,Male,Loritown,3.7,10,92,10,0.1,5,10,7,1.2,38,5,3.2,1,1.8,Gaming,3,0.9,4.7
Tara Smith,84,Other,Moranmouth,6.6,5,99,3,0.3,6,6,1,1.5,66,15,1.9,2.4,0.1,Gaming,5,10,10
Thomas Gilbert,95,Female,Chasefort,6.8,5.9,83,3,1.5,9,1,7,0.6,88,18,2.1,2.7,1.1,Other,1,7.7,10
Roger Martinez,31,Other,East Tracy,6.3,6.1,53,10,0.8,4,5,6,1.7,132,9,2.8,1.4,0.6,Browsing,6,9,10
Teresa Stewart,28,Female,West Joshuahaven,7.9,7.2,89,4,0,9,8,7,0.8,138,8,4,1.6,1.2,Gaming,6,8.5,10
Teresa Holmes,6,Female,Ryanton,6.5,5.3,70,2,1.5,6,7,6,1.1,85,17,1.5,0.7,1.9,Social Media,4,6.7,10
Kim Rodriguez,81,Other,Rittershire,7.8,8.3,96,3,0.1,7,9,1,1.5,60,5,3.9,1.8,0.7,Other,4,5.2,10
Jeff Randolph,56,Female,North Michelleburgh,4,5.9,76,2,0.9,6,6,6,1,97,19,3,1.7,2,Gaming,9,3.8,10
Melissa Bruce,31,Male,East Nancy,0.8,6.7,66,1,0.9,7,3,5,0.6,104,20,2.4,0,1.9,Social Media,7,5.9,5.9
Gary Gonzalez,43,Female,Lake Ericchester,4.5,8.8,74,3,1.6,10,10,5,0.9,44,20,1.4,1.6,1.7,Other,7,4.8,8
Crystal Whitaker,48,Female,Albertberg,2.7,5.2,86,3,0.2,6,10,6,0.4,66,12,3.8,2.3,1.1,Browsing,4,6.2,9.9
Michael Boyle,24,Male,East Tylerfort,1.4,7.4,56,6,1,3,9,4,1.6,25,17,2.7,1,0.4,Education,1,5.3,5.3
Patricia Hutchinson,73,Male,Lake Michael,3.7,6.1,76,6,0,8,3,2,0.8,54,15,3.4,0.3,1.1,Social Media,2,6.1,8.4
Thomas Bryant,33,Female,Lake Toniview,4.7,4.7,58,2,0,3,10,8,0.7,36,13,3.4,2.2,2.3,Other,4,4.3,10
John Garcia,20,Female,New Ashley,4.4,5.9,56,4,1,3,9,7,1.1,54,12,3.9,0.3,0.8,Browsing,6,10.5,9.1
Laura Nelson,74,Female,Sweeneyland,8.1,8.8,58,2,1.4,5,9,7,0.4,122,6,2,0.8,1.2,Browsing,1,5.9,10
Marcus Ortiz Jr.,45,Male,Sanderstown,4.3,7,86,10,0.8,9,1,1,1.4,89,20,3.3,1.8,0,Gaming,8,4.1,10
Debra Gilbert MD,11,Other,Port Tiffanymouth,1.3,6.1,72,6,0.9,5,4,1,0.8,48,13,4.5,1.6,1.3,Gaming,10,0.7,7.9
John Torres,100,Other,North Brian,2.8,5.1,95,9,0,7,10,7,0.1,119,9,2.4,1.2,1.4,Education,3,3.6,8
John Kim,68,Other,Lake Cassandratown,9.8,5.1,54,4,1.2,1,6,5,0.6,91,20,2.6,1.6,0.6,Gaming,5,5.4,10
Amanda Roman,21,Other,Mezastad,7.5,5,75,8,2.1,8,5,9,1.5,97,20,4.6,0.2,0.4,Other,8,4.9,10
Crystal Harris,72,Female,Susanchester,4.6,7.1,63,5,2.3,6,7,5,0.6,85,14,2.3,0.6,0.7,Gaming,2,4.9,8.4
Robert Bryant,4,Male,South Alexiston,5.1,5.4,63,0,0.9,1,2,3,1.7,87,12,1.5,1.5,1.4,Social Media,6,6.1,9.5
Jonathan Rodriguez,21,Male,Lake Melissaport,4.8,6.9,90,3,0,5,3,9,0.6,64,11,1.2,3.1,1.1,Social Media,3,7.3,9.1
John Pineda,55,Female,East Lindatown,3.5,5.1,82,0,1.6,5,2,5,1.4,64,11,1.1,2.2,0.5,Browsing,5,8.1,7.7
Jason Rodriguez,80,Male,Phillipsmouth,8,5.6,66,9,0.6,2,3,8,1,143,18,2.7,1.2,0,Gaming,7,8.8,10
Bradley Anthony,93,Other,Baileyside,7.1,7.9,54,7,1.3,5,1,8,0.8,26,12,3,2.5,1.9,Other,8,8.5,10
Katherine Pruitt,15,Male,South Catherinemouth,5.3,7.6,77,6,0.5,9,10,10,2.4,120,15,3.1,2.3,0.1,Education,10,5.5,10
Robert Quinn,22,Female,Michaelfurt,0,8.1,82,3,1.5,9,7,6,1.1,40,16,3.3,2.5,1,Education,5,6.5,5.8
Anna White,23,Other,Kimfort,7.3,5.7,95,8,0,9,2,6,0.5,91,16,2.1,0,0.9,Education,9,7.7,10
Megan Butler,16,Other,Port Christine,1.2,7.2,66,6,2.2,9,10,9,1.6,138,18,3.2,0,1.1,Social Media,3,6.4,7.2
Cassandra Rojas,76,Other,Patriciastad,3.6,6.9,60,6,0.7,9,8,10,2,128,6,3.5,1,2,Other,6,6,8.4
Sergio Evans,38,Female,Port Andrew,2.9,6,69,10,2.6,7,10,4,1.2,58,5,3.7,0.7,0.3,Gaming,8,8.5,6.5
Michael Ray,30,Female,West Shawn,5.3,6,84,4,1.1,10,5,6,0.7,103,17,2.7,2.2,0.8,Browsing,3,2.6,10
Maria Smith,99,Male,New Jaredfurt,1.5,4.3,56,9,0.8,9,8,2,0.8,88,20,1.3,2.6,0,Other,6,7.1,9
Jordan Lowe,82,Other,Port Donaldview,7.2,9.1,71,0,0,1,7,8,1.5,47,16,2.3,1.6,1.5,Education,5,6.6,10
Daniel Flores,84,Other,Lawrencechester,3.2,4.7,90,5,0,9,3,9,1.2,34,15,2.9,1.7,1.2,Gaming,7,3.7,9.1
Kathryn Barber,27,Male,Lake Lisaville,3.9,6.2,83,10,0.1,3,3,10,0.9,93,5,1.5,1.5,0.4,Browsing,4,7.4,6.7
Alexander Kelly,100,Male,Brownburgh,7,5.1,99,1,0.3,7,4,4,0.9,31,9,3.7,0,1.4,Education,2,4.1,10
Curtis Wang,68,Female,Jessestad,8.3,9.5,66,10,0,2,10,6,0.3,131,11,3.8,2.1,1.5,Browsing,4,1.4,10
Dakota Daugherty,12,Female,Kathleenstad,6.3,8.2,77,10,1.9,5,10,6,0.9,95,5,2.8,1.2,1.3,Other,9,4.7,9.1
Richard Lamb,96,Male,Clarkton,6,7.6,61,3,1.1,6,6,3,1.5,95,20,2.9,0,0.6,Other,7,5,10
Christine Jones,19,Other,East Stacey,3.9,5,88,0,2,7,9,9,1.6,63,14,2.5,2.5,2.3,Gaming,3,7.6,10
Tommy Stevens,88,Female,Rodgersmouth,6.1,7,96,5,1.1,3,5,8,0.8,87,8,0.9,1.9,2.2,Gaming,10,6.8,8.7
John Henry,32,Female,North Kerrychester,4.5,7.2,56,5,2.2,8,6,3,0.8,21,9,1.4,1.9,2.4,Gaming,10,9.4,6.4
James Lane,21,Female,Johnstad,2.2,6.3,62,2,0,6,2,7,0.7,98,18,2.9,1.1,1.1,Social Media,1,5.1,8.6
Amy Hall,11,Male,South Donna,4.6,5.8,97,3,2.3,7,8,2,2.1,40,20,3.9,1.5,1.2,Browsing,6,8.4,10
Tammy Rodriguez,2,Male,Heatherton,5.3,6.6,85,9,2.3,6,1,9,1,50,6,1.2,0.5,0.6,Gaming,6,6.7,5.9
Jon Johnson,70,Male,Watkinsland,5.7,6.7,100,4,2.5,6,7,10,0,51,9,0.8,1.3,1.3,Education,7,2.9,7.3
Ricky Martin,31,Female,South Ethan,7,9.7,86,10,1.8,8,8,7,1,132,18,0.6,1.6,0.7,Other,1,5.8,10
Katherine Marsh,30,Male,Jameshaven,2.5,5.5,66,0,0.2,3,6,2,1.5,131,18,1.7,3,0.2,Social Media,8,2.9,10
Karina Miller,42,Other,Villaside,4.5,8.9,59,7,0.6,10,5,10,1,129,10,1.3,1.3,1.5,Gaming,7,3.2,7.2
Chad Roberson,75,Female,Melindahaven,4.8,5.1,88,2,0.4,10,5,9,1,142,16,3.2,1.8,0.9,Other,2,5.4,10
Timothy Mcmillan,43,Female,East Alexanderburgh,4.4,6.1,65,10,0.7,3,2,5,1.4,98,6,2,0.6,0.1,Education,7,5.6,7.1
Juan Villanueva,100,Male,South Andreaview,6.2,6.5,90,2,0.2,2,9,8,0.9,93,13,3.3,4,0,Social Media,5,7.6,10
Karen Fritz,7,Other,Mortonshire,3.3,5.8,83,0,0,1,6,3,1,147,16,1.9,0.3,1.9,Social Media,8,5.4,8.7
Patricia Vega,93,Male,Jenningsborough,5,7.4,79,8,0.7,7,7,9,0.6,29,9,0.8,0,0.6,Social Media,7,6.6,4.5
Benjamin Holmes,70,Female,Dayside,7.6,6.5,62,6,0.4,8,1,1,1.2,52,13,2.2,1.2,0.7,Social Media,1,6.6,10
Jeffery Johnson,86,Male,North Shawntown,7.7,7.5,58,8,0.3,4,2,9,0.7,32,8,1.3,1.4,0.7,Gaming,9,5.3,8.9
Erin Lee,40,Female,Ruthbury,3.4,7.5,72,3,1.8,9,8,4,1,101,14,3.6,1.4,1.5,Other,2,4,9.5
Alexis Martin,47,Other,Rioshaven,5.6,7,79,4,0.6,1,6,5,0.8,34,10,3.6,1.8,0,Browsing,3,6.2,10
Robert Barnett,68,Male,Weeksville,4,3.4,89,3,0.9,1,5,6,0.8,141,13,3,2.1,0.7,Gaming,8,6.6,10
Danielle Williams,24,Other,New Nathanielland,4,7.6,61,4,0.8,9,9,9,0.1,73,18,4.8,2.3,0,Other,4,7.2,10
Miguel Smith,49,Male,Garciaburgh,9,7,92,2,0.9,4,1,8,1.5,81,14,2.3,2.3,1.5,Social Media,3,7.4,10
Kyle Gibson,81,Female,New Jorgefort,3.4,6.7,71,8,0.7,5,1,6,0.6,76,19,1.2,1.1,1,Browsing,9,9.4,7.7
Susan Munoz,64,Other,South Sherry,2.8,5.4,66,2,1.8,2,4,9,1.4,80,16,2.7,1.8,0.9,Browsing,2,6.7,9.4
Victor Carrillo,12,Other,Lake Stephenfort,8.2,5.1,82,1,0,6,3,2,0.2,108,15,2.2,1.8,1,Gaming,10,8.3,10
Nicholas Cook,82,Male,Lake Walterport,7.5,7.3,65,0,1,7,6,3,0.5,149,17,3.2,1.5,0.6,Other,10,5.5,10
Jo Henderson,86,Other,Port Seanfort,9,5.1,51,8,0.9,4,10,2,1.5,79,7,3.4,0.1,1.2,Other,7,3.8,10
Allen Gillespie,44,Male,Wilsonhaven,6,6.7,54,2,0.3,7,10,7,1.1,104,13,1,1,0,Browsing,1,8.2,9.3
Derek Wood,17,Other,Shaunhaven,8.3,5.5,74,7,2.3,5,3,9,1.1,81,20,3,1.4,0.8,Browsing,8,9.9,10
Joshua Hendrix,98,Other,East Wesley,4.8,5.4,65,6,0.3,1,4,7,1.7,103,17,0.4,0.8,0.4,Browsing,7,8,8.8
Devin Ward,38,Other,Brooksberg,1.9,8.6,75,8,0,3,4,1,0.9,129,8,2.5,1.9,0.1,Social Media,3,1.6,6.2
Joshua Cummings,52,Other,Castanedaton,6.2,6,96,6,1.9,6,4,5,1.4,93,6,2.5,0,0.6,Other,2,6.7,8.8
Joshua Martin,42,Female,South Kristinamouth,4.4,6.4,53,6,0.7,10,1,10,1.1,124,14,3.4,0.4,0.9,Education,8,5.7,10
Daniel Wallace,69,Male,Jasonmouth,6.4,6.1,97,8,2,5,7,1,0.2,31,8,3.4,1.7,0.2,Browsing,7,5.2,10
Patricia Baker,98,Female,Port Sethberg,2,4.7,96,1,0.8,10,9,2,0.3,135,9,3.9,1.1,1.5,Browsing,8,4.8,9.2
Christopher Buckley,32,Other,North Antonio,8.2,7.2,72,1,0.5,7,4,9,0.9,32,5,2.3,3.3,0,Gaming,3,3.1,10
Lisa Boyd,35,Male,East Williamview,5.2,6.6,100,7,0.6,4,2,10,1,123,16,4.1,1,0.7,Social Media,1,6,10
Alicia Dickson,2,Male,West Christine,3.6,7.3,61,2,1,5,4,7,1.2,30,11,3.6,1.8,1.3,Education,9,2.7,8.2
Jennifer Hernandez,34,Other,Simmonsfurt,6.2,8.1,55,4,2.6,7,8,10,1.7,103,14,1.4,3.6,1.6,Education,7,7.3,10
Brittney Burnett,61,Female,Thomasburgh,2.6,7.6,64,2,2.3,2,5,10,0.6,126,13,4.5,0.9,1.8,Social Media,5,5.2,9.3
Caitlin Collins,2,Male,East Angela,2.9,3,54,5,2,8,4,3,1.5,73,19,2.1,0.9,1,Education,6,5.7,9.7
Travis Carlson,59,Other,Marshallport,7.3,7.6,59,3,2.2,6,5,3,1.8,141,18,2.4,1,0.6,Social Media,1,8.5,10
John Hawkins,21,Other,Port Tinamouth,3.7,8.1,67,9,0.4,5,8,9,0.9,117,17,2.8,1.7,0.6,Browsing,3,4.2,9.9
Samuel Reed,98,Male,Port Shannonside,6.8,5.9,53,1,2,9,4,8,1,91,6,4.6,1.9,0.8,Browsing,8,3.1,10
Sabrina Davis,3,Other,East Lisastad,5,5.7,98,4,2,6,1,2,0.3,61,5,0.2,3.1,1.4,Other,10,2.4,7.7
Brenda Christensen,84,Female,Port Tannerchester,4.6,6.1,64,1,0.8,2,10,6,1.5,123,11,2.3,0,1,Browsing,3,5.8,8.5
Mr. Matthew Rodriguez,34,Other,North Jordantown,1.9,7.7,58,4,1.5,7,9,7,1.7,103,11,2.3,0.8,0.2,Gaming,8,2.8,5.4
Oscar Williams,27,Male,West Chloebury,4.9,7.4,55,4,2.6,8,7,8,0.1,139,16,3.5,0.6,1,Gaming,9,4.9,10
Trevor Brown,16,Male,New Christopher,6.8,3.4,60,4,0.7,2,8,4,1.4,96,18,1.7,3.6,0.3,Social Media,6,4.7,10
Albert Shaw,97,Female,North Megan,3.8,6.4,51,1,1.2,10,6,7,0.5,121,14,3.5,2,1.1,Social Media,6,7.1,10
Alexander Wright,52,Other,North Stevenberg,1.5,8,97,7,1.7,1,8,5,0.3,111,15,2.3,2.7,2,Social Media,1,9.7,7.7
Kylie Hansen,75,Female,South David,6.4,4.6,64,4,1.1,8,6,6,0.8,106,17,3.6,0.2,1.5,Social Media,6,7.9,10
Ariel Warren,85,Female,New Cindy,3.9,5.8,66,5,1.4,5,5,8,0.6,119,15,1.1,0.8,1.8,Education,1,5.8,8.3
Stephen Mcdonald,92,Female,Port Jasminetown,5.8,8.5,99,3,2.1,6,6,10,0.3,76,20,1.9,0.1,0.3,Social Media,1,4.5,9.1
Michael Ramirez,87,Female,Angelahaven,8.3,6.7,67,7,1.3,9,6,1,1.2,43,8,2.5,2.3,1.8,Social Media,2,3.5,10
Aaron Ortiz,15,Male,West Juliehaven,4.8,6.3,61,6,1.6,8,7,2,0.6,67,11,3.6,1.3,1.4,Gaming,5,8.4,10
Megan Hughes,5,Female,Joshuaborough,4.8,5.3,71,10,2.5,7,10,2,1.6,30,16,3.5,2.5,0.6,Other,9,7.1,10
Mary Solomon,89,Female,West Felicia,6.1,7.2,62,4,1.7,9,5,9,1.9,72,12,2.7,1.3,0.7,Gaming,8,7.8,10
Shane Bond,73,Male,South Austin,2.9,7.9,81,9,1.3,6,1,1,0.1,106,7,3.7,0,1.1,Education,2,7.1,6.2
Melinda Harris,55,Other,South Antonio,3.5,5.1,86,5,2.4,3,8,10,1.4,148,19,0.9,3.7,0.7,Education,9,8.4,10
Mary Phillips,3,Female,Joseburgh,7.5,8.2,63,0,1.7,7,1,10,0.6,140,14,3.8,2.2,1.5,Other,3,4.1,10
Pamela Williams,42,Female,Lisashire,4.7,5.2,72,1,2.3,6,4,1,1.7,26,13,1.6,0.3,0.7,Social Media,1,6.3,7.1
Christopher Fisher,36,Other,New Andre,2.9,8.7,77,7,1.1,3,8,7,0.7,91,5,1,1.4,0.2,Social Media,8,5.9,3.8
Sharon Weaver,97,Female,New Edward,3.8,6.6,81,4,0.8,2,6,9,0.8,30,7,1.6,1,0.5,Browsing,1,6.2,5.1
Timothy Thompson,47,Female,Maddoxbury,5.6,9.2,82,10,2.5,10,4,9,0.1,78,9,0.8,1.2,1.5,Gaming,7,8.3,6.4
Jared Tyler,60,Male,South Kimberlymouth,9.4,6.7,68,1,2.6,3,8,6,1.2,79,16,0.8,1.7,2,Browsing,5,4.9,10
Jessica Day,6,Other,Port Jamesside,4.2,3.9,50,7,1.7,9,4,6,1.6,127,14,4.3,2.6,1.7,Gaming,7,4.4,10
Emily Hall,97,Male,South Crystalchester,8.7,4.3,68,9,1.7,8,8,1,0.3,126,16,2,3.1,0.5,Education,9,2.4,10
James Lang,67,Male,Mcconnellborough,2.7,6.4,80,6,0.9,10,3,8,1,44,8,2.4,0.6,0.8,Social Media,10,5.3,5
Casey Sanford,91,Male,Mccoyland,4.8,8.1,56,8,1.5,1,1,2,1.3,20,17,2,0.1,2.5,Social Media,2,8.5,6.6
Jennifer Fleming,54,Male,North Debrafort,3.9,7.6,85,10,0.3,2,1,9,0.4,115,12,2.7,1.4,0.8,Browsing,2,5.7,8.9
Dennis Aguirre,89,Male,East Julia,5.6,7.3,83,0,1.2,5,10,7,1.3,31,16,4.3,2.4,1.5,Browsing,4,8.5,10
Brandi Glover,63,Male,Robertberg,5.9,4.8,80,0,0,6,3,8,1.9,84,6,2.1,2.6,3,Browsing,10,8.4,10
Kristina West,47,Other,West Richardton,6.6,7.6,82,9,0,2,1,7,1.4,101,8,1,3.5,0.3,Gaming,8,4.4,10
Diana Strong,44,Other,East Ashleyborough,4.4,4.3,87,6,0.1,3,3,6,1.6,44,19,2.2,0.2,1.7,Education,8,8.4,9.3
Kenneth Smith,38,Female,Greeneside,5.9,3.9,64,7,0.9,5,5,4,1,70,20,3.1,2.7,0.9,Other,10,7.5,10
Colleen Snyder,62,Female,Lake Lynn,6.3,8.2,73,5,0,4,10,7,0.5,97,7,1.6,1.5,0.7,Social Media,1,4.8,8.6
Mr. Christopher Buck,12,Other,Wardmouth,3.3,7.2,89,2,1.7,8,9,6,0.5,98,18,1.9,1.6,1.2,Gaming,7,7.5,8.8
Jesse Hernandez,48,Other,Lake Julieburgh,8.8,4.3,64,3,1.7,1,10,5,1.4,130,19,2.4,2.4,1.2,Gaming,10,3.9,10
Diana Taylor,67,Other,West Alyssa,5.6,6,60,10,1.7,9,4,10,1.1,92,7,2.8,1.5,0.3,Education,6,4.8,10
Tara Gibson,16,Male,New John,7,8,64,4,0.4,10,10,10,1.2,77,6,2.2,1.6,1.9,Browsing,8,6.5,9.5
Sean Flores,47,Other,Jesusmouth,7.1,7.4,64,3,1.6,6,1,2,0.7,26,20,4.1,2.9,0,Other,3,6.3,10
Anthony Small,82,Other,Port Lynn,2.3,7.5,84,9,0.6,1,9,2,0.7,46,6,2.8,2.1,0,Other,5,6.8,5.6
Joseph Conrad,54,Other,Smithtown,4.8,4.6,91,0,0,5,10,9,1.4,37,10,1.8,2.3,0.7,Education,6,7.2,9.3
Dr. Kelly Collins,81,Female,Brianbury,5.9,10,59,2,0,2,10,9,1.4,50,20,3.7,0.6,0.7,Browsing,7,3.6,10
Margaret Edwards,75,Male,Port Ana,5.4,5,71,9,2,7,2,3,1.2,99,10,2.6,1.8,1.9,Browsing,6,7.8,10
Phillip Stewart,67,Male,New Cory,5.1,6.4,74,6,0,2,5,7,1.7,90,17,3.1,0.5,1.3,Education,3,6.9,10
Jonathan Crosby,26,Male,North Jamie,4.4,7,87,6,1.9,5,7,8,0.2,77,13,1.9,0.8,1.6,Browsing,3,6.7,7.7
Dorothy Hodges,91,Other,New Larryville,8.7,6.5,86,9,0.5,5,4,6,1,35,6,2.3,1.8,1,Browsing,4,7.9,10
Alicia Wang,20,Other,Emilyfurt,5,5.5,53,9,1.6,3,5,10,0,37,8,2.8,1.2,0.5,Gaming,10,9.2,8.6
Stephanie Gutierrez,43,Male,Patrickhaven,3.2,4.8,50,3,1.4,3,1,3,1.1,89,7,1.9,2.6,0.9,Social Media,10,3.8,8.5
Lauren Schmidt,55,Other,Lisamouth,2.8,7.5,55,3,1.1,1,5,1,0.7,119,20,3.9,0.9,0.5,Social Media,6,2.8,10
James Phillips,53,Female,Johnmouth,5.5,6.4,98,7,1,9,7,1,1.1,140,13,2.8,0,0.7,Gaming,1,6.5,10
William Cole,74,Other,Angelicamouth,3.7,5.7,65,9,0.4,1,6,8,0.3,143,6,3.4,1.3,0,Social Media,10,7.3,9.6
Megan Sullivan,14,Male,Martinmouth,7,6.3,66,6,0,8,6,9,0.2,136,12,1,1.5,1.2,Social Media,1,3.8,10
Michelle Faulkner,6,Male,South Cassandraville,6.4,7.7,51,7,0.5,9,2,6,0.1,146,20,2,3.6,0.7,Gaming,8,9.7,10
Tracy Novak,2,Female,West Thomas,4.4,4.6,56,7,2.4,3,1,8,0,133,7,2.7,0,0.7,Education,7,10.4,8.9
Leonard Moore,94,Male,North Justinside,1.9,6.2,92,8,0.7,6,5,8,0.6,99,14,1.1,1.3,1.2,Other,2,6.1,6
Ashley Hamilton,13,Female,Maryfort,6.4,8.9,75,1,0.5,8,5,10,0.6,45,15,3.3,2,0.4,Other,10,8.1,10
Angela Butler,42,Other,North Paulhaven,3.6,6.7,52,3,1.7,6,3,2,0.6,129,12,2.5,1.3,0.8,Browsing,6,8.9,9
Molly Colon,28,Male,Rogersmouth,6.9,6.4,62,4,1.4,9,1,1,1.6,146,9,3.2,0,0,Browsing,8,5.8,10
Jonathan Smith,15,Male,North Russell,6.3,8,92,10,0,3,9,6,1.4,74,19,1.7,2.8,1.3,Education,3,7.2,10
Patrick Lopez,8,Other,Perezstad,6,6.2,60,3,0.5,10,7,7,2.1,75,5,2.3,0,1.3,Browsing,7,4.2,7.7
Meghan Jackson,91,Male,Walkertown,3.9,5.8,55,5,0.9,5,8,10,0,132,11,1.8,0.4,1.2,Browsing,7,4.5,8
Maria Davis,91,Male,Davidstad,4.9,8.8,59,0,2,8,3,2,0.5,27,6,2.3,2.3,1.9,Browsing,8,6.8,6.8
Sandra Byrd,86,Female,New Amy,6.4,4.7,87,7,0.8,7,8,9,1.5,149,9,2.4,1.7,1.2,Other,1,4.8,10
Jack Foster,66,Other,Moorefort,10.3,7.3,51,4,2.8,4,10,7,0.9,91,14,3.9,2.3,0,Browsing,2,11,10
Rebecca Gill,15,Male,Lake Sarah,5.3,8,66,3,1.7,7,6,9,1.3,36,9,0,1.5,1.1,Browsing,7,6.1,5.3
Jorge Parker,66,Other,Garcialand,3,7.6,83,7,0.6,9,5,9,1.1,46,7,0.8,2.4,1.3,Gaming,9,5.2,4.7
Benjamin Miller,12,Female,Matthewport,4.3,3.2,91,4,0.4,6,4,5,1.9,104,20,2.6,1.1,0.9,Browsing,4,6.5,10
Christopher Jensen,59,Male,Lake Johnhaven,3.6,8.5,97,8,1.7,9,1,3,0.4,54,5,2.5,2.5,1.3,Education,10,5.4,6.4
Todd Mcdaniel,72,Other,Michaelborough,4.4,7.5,80,3,0.8,1,6,8,0.7,20,10,2.6,2.4,0.7,Social Media,5,10,8
Joseph Graham,67,Male,South Lauren,4.8,6.7,89,5,1.6,7,4,2,1.3,136,6,0.7,0.4,0.4,Gaming,3,4.3,6.5
Michael Hahn,64,Female,South Jason,7.7,6,61,9,2.6,7,7,9,0.8,66,7,2.6,3.3,2.6,Gaming,1,4.2,10
Jerome Olson,75,Female,South Ashley,7.2,8.1,78,10,0.8,10,6,7,0.4,86,9,0.6,3.1,1.3,Social Media,10,9.3,10
Michael Brown,5,Female,East Ryanhaven,4,5.5,76,10,0.3,6,2,8,1.3,114,11,1.8,0.9,1.9,Other,7,2.7,8.4
Kenneth Johnson,16,Other,Burnetthaven,3.1,7.2,51,7,0.8,1,9,3,1.4,110,13,3,1.1,1.1,Other,7,2.4,8.4
Ronald Wise,14,Other,Emilyfurt,5.3,7.6,76,1,1,7,3,9,0.5,130,10,1.8,0,1,Education,9,7.2,7.9
Elizabeth Jennings,58,Female,East Darrenmouth,1.6,7.6,53,1,0.3,3,9,4,0.9,104,10,2.5,2.3,2,Social Media,9,6.2,6.7
Sherry Cooley,28,Male,Bernardberg,6.5,5.9,69,6,1.1,5,4,4,0.8,136,13,3.3,0,1,Other,6,6.2,10
Matthew Francis,37,Other,New Penny,8.3,9.4,78,6,2.1,7,1,6,1.5,67,19,3.8,2.3,1.5,Browsing,9,7.1,10
Jason Murray,96,Other,Port Melissa,2.1,6.3,50,4,2.1,7,6,10,1.4,88,16,2.6,1.3,2.2,Gaming,10,4.2,7.8
Sarah Ibarra,67,Female,New Holly,5.8,6.1,90,0,0.3,6,3,3,1.3,141,11,2.3,1.2,1.6,Gaming,5,2.8,10
Valerie Sanchez,86,Male,East Carmenberg,1.4,5.9,58,3,2.7,7,2,7,0.9,103,6,2.7,2.5,0.3,Social Media,2,5.5,6.9
Timothy Smith,95,Male,South Sherryton,1.9,5.9,50,4,1.1,7,8,4,1.6,75,13,1.7,0.7,1.1,Browsing,9,6.5,5.4
Matthew Jones,4,Other,Davischester,5.7,5.2,67,7,1.5,5,6,5,1.3,117,17,1.5,3.1,1,Social Media,2,5.9,10
Rebecca Rose,90,Female,North Ashley,5.2,5.7,77,8,2.5,1,8,4,1.4,85,15,3.1,2.5,0.3,Social Media,3,7.1,10
Todd Munoz,89,Female,Sandraland,5.6,6.5,77,4,0.5,10,9,1,1.8,70,11,2.5,0.7,0,Social Media,4,6.9,9.1
Jacob Serrano,57,Other,New Baileyshire,3,4.7,85,2,1.7,8,10,7,0.4,125,18,2.5,0.7,0.7,Social Media,4,2.9,10
Brian Wagner,78,Other,Andrewsside,8,7.2,72,0,1.7,4,6,9,1.3,23,18,2.4,0.9,0.9,Browsing,9,5,10
John Santos,32,Female,East Theresaport,4.4,5.1,72,10,1,9,9,2,1.8,41,18,1.2,0.9,0.4,Education,7,5.5,8.4
Tamara Huynh,28,Male,North Edwardberg,3.6,8.7,51,4,1.6,10,10,4,1.1,119,7,1.7,0,1.9,Education,3,2.5,4.7
Sara Adams,43,Other,Allenborough,3,7.1,72,6,2.2,5,2,9,1.9,106,10,1.1,1.4,0,Education,1,5,6.1
Dalton Clark,45,Male,Jefferyshire,3.2,6.9,53,0,0.8,6,4,3,0.8,144,19,1.9,2,0.4,Other,2,6.5,10
Dennis Wyatt,92,Male,Bowerschester,6.8,5.9,69,4,0.1,6,8,1,0.7,141,8,2.8,0.6,0.5,Browsing,4,7.7,10
Vincent Logan,6,Male,Gilbertshire,3.2,6.8,85,3,0.2,10,9,8,0.6,119,20,1.1,2.3,0.9,Gaming,4,4.5,9.6
Michael Graves,34,Other,Lindaton,8.8,9.5,56,1,0,1,9,9,2.2,84,9,3.5,0.7,1.7,Gaming,10,6.6,10
Margaret Lewis,53,Other,North Colleen,4.9,8.7,85,9,0.7,2,8,7,1.7,41,18,3.2,0.9,1.4,Education,3,5.2,9.1
Robert Melendez,90,Male,New Michaelbury,6.9,4.2,75,6,0,3,8,2,1.3,137,8,3,0,1.1,Other,3,4.8,10
Christopher Phillips,55,Female,West Jason,4.7,5.9,83,9,0.6,4,7,9,1.1,51,5,1.6,3.7,0,Gaming,6,4.9,9.1
Gary Smith,36,Other,South William,9.8,5,65,0,0.6,5,2,9,1.6,81,8,2,2.1,1.6,Education,10,8.1,10
Joseph Davidson,17,Other,Lake Jesse,4.9,5,93,1,1.3,5,3,8,1.5,85,7,1.1,1.2,0.8,Browsing,1,4.1,7.8
Gabriel Rogers,33,Female,Amberview,1.3,3.2,61,0,0,3,7,2,0.4,92,8,2.5,2,0,Education,3,10.3,7.6
Ms. Diana Martinez DDS,4,Male,West Bobbyborough,3.1,5,92,0,0.5,2,1,7,1.2,93,9,2.4,2.7,0.7,Other,3,7.2,9.4
Larry May,76,Male,Jasonstad,8.3,6.1,72,8,1.5,7,4,10,1.1,67,8,2.7,2.3,2.1,Browsing,5,5,10
Kyle Hammond,92,Female,Wilsonfurt,2.3,7.1,59,9,0.5,2,6,4,1.5,43,15,2.9,2.5,2,Gaming,4,3,8
Kelly Curry,69,Female,Lake Kellieview,5.6,8.9,52,9,1.1,6,9,3,1.3,115,12,2.9,1,1.1,Browsing,9,7.4,9.8
Jeffrey Mercer,5,Female,Bassview,3.3,9.3,85,4,0.5,1,9,10,1,59,5,2.7,3.3,1.5,Education,9,4.5,6.8
Sierra Tran,32,Female,Lake Thomasport,0.9,7.4,94,2,1.5,10,1,4,0,104,11,3,2.3,0,Browsing,4,3.4,6.8
Julie Martinez,6,Female,Amandaburgh,5,5.3,77,9,1,6,6,9,1.1,122,15,2.8,0.8,0.9,Gaming,8,7.3,10
Joseph Lopez,19,Other,North Georgeberg,4.7,4.9,97,2,2.3,8,6,8,1.3,130,13,4,2.9,0.3,Gaming,9,5.3,10
Willie Parker,80,Female,Lake John,7.5,8,84,3,0,8,1,3,1.4,111,12,2.2,0.9,0.7,Other,1,8.5,10
Tonya Juarez,32,Other,West Marc,4.6,6.8,74,3,1.2,10,8,1,1.3,58,18,2.5,1.5,1.3,Browsing,1,9.8,10
Teresa Haley,97,Male,Ericfort,1.3,5.4,70,5,0.8,9,3,10,0.8,133,6,2.3,2.6,1.6,Browsing,7,5.8,7.4
Amanda Vance,16,Male,Jasonberg,0.8,6,71,3,0.4,10,7,2,1.4,139,18,3.2,0,1.5,Gaming,10,6.3,7.4
Anthony Lopez,6,Male,West Leah,4.4,5.6,53,2,0.3,9,9,7,0.9,66,12,3.1,2.4,0.7,Education,7,7.7,10
Kylie Ellis,95,Male,Kerrhaven,8.2,5.4,77,1,1.7,10,5,6,1,137,14,2.4,2.2,1.3,Gaming,10,9.3,10
Benjamin Delgado,32,Female,Mooreland,2.6,4.5,62,2,0,9,4,6,1,46,14,2.9,0,0.7,Browsing,4,8,7
Brandon Rodgers,39,Male,Andersonland,3.7,5.6,57,4,0.7,5,1,4,0.3,127,20,3,2.3,0.6,Browsing,8,3.8,10
Shannon Miller,4,Other,Austinview,4.7,3.6,99,7,1.4,8,8,4,1.1,105,5,1.9,1.1,1.2,Browsing,5,4.8,9
Ashley Kennedy,2,Male,Rachelside,7.2,6.2,65,6,1.2,1,2,2,1.9,70,19,2.8,0.5,0.7,Browsing,4,4.5,10
Matthew Phillips,90,Female,West Joshua,6.3,6.5,83,9,2,3,7,1,1.5,82,17,2.7,1.7,0.6,Gaming,9,4.1,10
Benjamin Peterson,10,Other,North Heatherhaven,2,8.1,57,2,0.8,6,8,1,1.4,126,19,1.8,2.1,1.6,Gaming,1,5.6,8.2
Joseph Stanley,62,Male,Jeremyport,9.7,6.6,71,0,0.9,9,9,4,0.4,71,13,1.3,1,1.5,Browsing,4,2.4,10
Laurie Collins,84,Male,North Kenneth,3.9,5.7,89,2,1.5,5,9,10,0.7,22,8,2.6,2,1.4,Browsing,6,6.8,7.7
Anita Griffith,89,Other,Whitneybury,8.7,5.8,57,10,0.1,4,8,10,2.1,129,18,2.8,2.4,3,Gaming,7,2.6,10
Thomas Miller,48,Other,New Cynthiaberg,3.9,6.8,52,5,0,10,6,8,1.6,82,16,0.6,1.5,0,Other,6,5.2,7.4
Christopher Gonzalez,46,Female,Jonathanshire,0.9,7.1,76,0,1.3,2,8,2,0.3,37,19,2.9,3,0.3,Education,3,8.3,7.8
Alison Wilkerson,85,Other,Devinton,3.8,5.8,86,8,1.4,3,1,1,0.1,103,20,0.5,2.1,0.2,Gaming,4,3,9.6
Scott Robinson,68,Other,Port Kennethtown,9.5,7.5,90,4,0,1,3,10,0.6,136,18,2.6,0.4,0.8,Browsing,9,6,10
Brandon Holden,26,Other,North Jermainestad,3.5,6.5,82,2,2.4,1,2,3,0.3,53,17,1.3,2.1,0.6,Social Media,4,1.6,8.1
Carla Hall DDS,79,Male,Stantontown,5.1,6.6,98,7,1,9,7,1,0.9,92,11,2.9,1.3,1.2,Education,7,5.4,10
Denise Hull,31,Male,Port Kellyburgh,0,4,84,5,1.5,10,4,3,0.7,20,5,2.9,1.4,0.5,Other,5,4.2,3.7
Lisa Garza,21,Male,Port Brian,4,9.5,90,4,1.8,7,1,8,1.9,99,5,2.8,2.1,0.6,Browsing,1,4.2,7.1
Andrew Meyers,72,Other,Lewischester,7,4.8,57,7,1.3,3,8,2,0.9,82,19,2.5,0.4,0,Browsing,7,6.6,10
Amanda Walker,55,Male,North Lauren,3.5,6.7,76,6,1.1,9,4,7,0.7,107,15,2.3,1.8,1.6,Gaming,3,3.9,9.4
Jennifer Wood,61,Female,Lake Jessica,4.3,6.8,67,8,1.8,3,7,5,1.3,129,12,1.8,1.1,1.4,Education,4,4.7,8.8
Isabel Rios,18,Female,North Michelle,3.7,5.5,84,1,0.5,10,5,6,0.8,98,6,3,0.9,1.3,Social Media,3,4.5,8
April Harris,72,Other,Greenport,7.4,4.3,86,2,0,9,10,7,0.6,73,15,3.3,3.3,1.9,Other,7,8.1,10
Annette Jones,57,Female,Saraborough,4,7.5,54,9,1.2,6,6,8,1.3,130,11,3.1,2.8,1.4,Education,10,10.8,10
Yesenia Vasquez,12,Other,South Ronald,3.8,6.4,86,9,0,9,9,5,0.4,20,20,2.6,1.5,1.9,Browsing,1,2.5,9.1
Carly Banks,6,Other,Hutchinsonhaven,5.7,4,68,3,0,7,9,10,0.3,149,8,4.6,1.6,0.8,Social Media,6,4.7,10
Scott Wells,33,Other,Maddoxview,3.9,7.8,72,10,1.8,5,7,1,1.5,145,20,1.4,1.5,0.6,Browsing,4,10.5,9.8
Brianna Smith,23,Male,Port Alejandrochester,5.9,7.1,86,9,0.6,8,4,6,0.4,61,10,0.7,1.9,1.6,Social Media,7,4.5,8.2
Michael Armstrong,88,Male,New Calvinhaven,3.2,7,100,3,0.6,5,8,5,0.5,35,11,2.2,1.6,0.7,Browsing,1,8.3,6.4
Jade Parker,70,Other,Donaldshire,4.3,5.9,62,4,0.6,1,6,3,1.9,144,11,0.4,1.8,1.6,Social Media,1,10.2,8.6
Judy Yu,14,Female,East Victorfurt,5.4,5.1,92,1,0,1,4,1,0.9,146,8,3.1,1.7,1.4,Other,10,3.8,10
Angela Henderson,9,Male,Kylemouth,6.2,6.1,88,6,1.9,6,10,5,0.9,86,18,3.8,0.4,0.8,Browsing,9,5.3,10
Shannon Lane,47,Other,Lake Davidborough,2.4,7.9,69,6,1.2,7,7,8,0.4,68,8,1.6,0.1,1.3,Social Media,5,4,3.1
Chloe Stone,46,Female,Atkinsonshire,3.3,6.8,95,10,1.3,2,9,4,0.8,129,9,4.3,2.5,0.2,Education,10,5.4,10
Monica Nguyen,19,Male,Markshire,8.1,9.3,54,3,0.3,7,1,9,1.6,118,20,2.9,1.4,1.4,Other,1,6.5,10
Christy Nelson,86,Female,South Heather,5.9,7.3,68,0,0.2,1,3,6,1.8,64,15,4.3,1.2,2,Education,4,10.5,10
Stephanie Martinez,78,Other,Kathrynmouth,4.1,7.3,93,7,0.7,9,5,3,2,118,9,3.5,0.7,0.5,Browsing,10,5.1,8.8
Chad Johnston,7,Female,Port Zacharyside,5.8,4,67,3,1.8,3,2,5,0,141,12,2.7,0.6,0.7,Social Media,1,6.4,10
Danielle Adams,86,Male,Jaclynborough,3.8,5.7,58,10,0.7,1,6,5,1.3,70,19,1.3,2.5,1.2,Browsing,6,6.5,10
Stephen Robles,58,Male,Lake Yolandaburgh,6,9.5,95,3,1.6,1,5,5,0,22,16,3.3,1.4,0.4,Social Media,1,7.3,9.6
Gina Miller,33,Other,Briannastad,3.9,6.5,70,0,0.7,9,1,1,1.3,74,6,2.5,1.7,0.4,Other,1,8.1,7.5
Jeffrey Roberts,58,Female,Katherinebury,7,7,98,3,1.3,2,3,10,1.4,29,17,3.8,2,0.9,Social Media,6,8.1,10
Alex Tanner,36,Male,Kiarachester,8.1,5,58,2,0.9,2,3,5,1.6,30,15,3.5,1.6,0.8,Gaming,6,5.1,10
David Turner,85,Male,West Sarah,3.2,8.7,58,4,0.6,8,3,4,1.4,26,20,3.4,2.1,0.5,Education,5,7.7,8.9
Jennifer Wright,20,Female,Joshuaport,7.3,6.9,50,1,1.1,10,10,1,0.3,130,17,3.7,1.6,0.1,Education,9,8.3,10
Jessica Moore,95,Other,East Troy,6.2,6.8,99,8,0,10,1,6,0.7,102,8,1.8,1.6,2.3,Social Media,10,3.9,9.8
John Alvarado,67,Female,Joannamouth,5.2,9.2,72,6,1.4,5,5,9,1.4,45,14,2.9,0.8,1.7,Browsing,3,8.6,8
Julie Thornton,61,Female,North Angela,4.3,9,58,0,0.8,7,3,3,1.1,70,20,1.7,0.3,1.1,Browsing,3,7.1,7.2
Janet Miller,35,Female,Christianshire,8.3,6.8,83,8,0.5,5,8,1,0.8,35,15,1.1,1.7,1.1,Gaming,3,4.9,10
Amy Peterson,15,Male,Sheilaborough,4.5,3,67,2,3.6,2,5,10,0.5,129,8,2.5,1.5,0.4,Other,2,7.2,10
Angel Hale,21,Female,Hugheschester,5.4,9.8,85,1,0.2,8,7,6,0.9,20,18,3.2,0.6,1,Gaming,7,5.2,8.3
Kimberly Miller,67,Male,Bakerview,3.6,6.8,50,1,0.1,9,1,6,0,40,20,2.4,4,1.4,Other,2,5.3,10
Janet Smith,84,Other,Bradleybury,3,10,84,3,1.9,8,2,3,1.4,119,19,2.6,0.5,1.1,Education,8,9.5,7.3
Emily Daniels,6,Male,Marcusside,5.8,6,53,0,1.7,9,5,6,1,125,14,5,2.5,0.5,Browsing,2,5.3,10
William Mueller,72,Female,North Elizabethchester,4.1,6.7,56,5,0.8,2,9,7,1,121,12,4.9,4,1.2,Gaming,6,7.2,10
Gabriel Kemp,47,Other,Bradland,2.2,7.4,56,8,0.4,10,7,3,0.5,58,14,1.4,1.7,0.9,Gaming,9,6.1,5.6
Edward Gibbs,23,Male,South Catherine,5.3,6.1,90,2,1.3,6,8,4,0.1,141,12,2,3.1,1.7,Gaming,6,5.5,10
Rachel Carter,10,Other,West Sherryberg,1.1,7.7,52,7,1.1,4,6,4,1.4,89,19,0.9,2.5,1.1,Gaming,3,6.3,6.2
Steven Schultz,7,Other,West Elizabethland,5.6,6.8,78,2,0,10,3,5,1.3,125,11,1.3,1.7,1.1,Gaming,3,8.4,9.9
Mr. Joseph Brown MD,60,Female,North Ericborough,2.6,4.7,86,7,1.6,6,9,1,0.6,145,15,3.8,2.2,1,Browsing,2,6.4,10
Donna Lewis,81,Other,Howardfurt,5.1,3.3,69,4,0.8,9,8,2,1.5,65,15,2.7,2.6,1.9,Social Media,9,2.8,10
Todd Patel,87,Female,Wilsonburgh,6.3,5.7,55,10,1.5,2,7,3,0.3,61,7,3.1,0,1.9,Gaming,2,5.2,9.2
Nicholas Nichols,10,Male,North Jennifer,6.5,5.5,64,5,0,6,10,5,0,67,14,2.4,0.3,0.6,Education,5,4.7,10
Sara Cunningham,61,Female,New Gabrielle,6,6.4,89,6,2.1,8,9,3,1,96,9,0.5,0.8,2.3,Social Media,8,5.4,7.8
Michael Higgins,23,Female,Lake Patrickberg,7.9,5.2,84,9,0.3,3,7,3,0.5,108,12,3,2.1,1.5,Social Media,3,3.3,10
Nicole Nguyen,79,Male,South Joseph,7.7,5.8,86,8,1.4,7,8,7,1.3,76,11,2.9,3.7,1.2,Browsing,5,8.6,10
Adrienne Hernandez,48,Male,Rodriguezburgh,6.2,7.3,65,5,0.8,2,10,7,0.7,41,7,2.8,2.3,0.2,Gaming,2,6.6,9.9
James Waller MD,62,Other,Samuelport,2.3,8.5,93,10,1,10,2,1,0.9,90,12,1.9,1.6,0,Browsing,8,6.1,5.8
Elizabeth Adams,27,Other,Berrymouth,5.2,8.5,82,5,1.1,3,1,8,0,58,15,2,3.1,1.4,Education,6,8.6,10
William Sanchez,69,Other,Patelton,8.7,6.6,54,7,2.6,5,7,3,2,89,17,1.8,2.6,1.2,Gaming,7,1.3,10
Derek Cox,21,Other,Lauratown,3.9,5.9,95,0,0,7,3,9,1.4,69,6,1.5,2.3,2.6,Social Media,7,5.5,7.3
Miss Mary Smith MD,88,Male,Lake Emily,4,9.5,58,10,1,7,4,9,0.7,31,12,2.1,2.9,1,Gaming,9,10.3,7.3
Lisa Hernandez,48,Other,Tinaburgh,4.5,5.1,95,6,0.2,9,5,10,1,20,19,2.7,0.9,1.2,Gaming,4,4,9.8
Crystal Grant,52,Female,Port John,6.6,6.2,92,6,0.8,7,2,2,0.9,106,13,3.2,0.1,0,Education,4,3.8,10
Shawn Kelly,37,Other,Bridgetfurt,7.5,5.3,86,1,0.5,9,3,3,1.5,135,6,2.5,0,0.2,Other,7,5.4,10
Christina Combs,17,Male,South Mary,3.9,8.2,97,8,0.3,2,4,7,0.5,35,19,2.1,0,1,Browsing,4,7.1,6.4
Richard Thomas,77,Other,Youngmouth,5.1,5.8,100,10,1.8,2,10,6,0,123,20,1.8,2.5,0.6,Social Media,10,6.5,10
Brittany Murray,80,Male,Rachelberg,0.6,9.9,68,4,1.5,1,1,8,0.6,82,19,1.4,1.5,0.7,Browsing,7,6.2,4
Michael Bridges,58,Male,East Morgan,4,3.8,92,2,1,8,4,6,1.8,123,7,4.2,2.6,1.1,Education,5,2.7,10
John Buchanan,9,Other,Nicholashaven,4.2,6.4,84,6,1.4,4,8,10,1.1,86,5,2.1,0,1,Social Media,3,3.7,5.8
Laura Archer,76,Male,West Jeanetteborough,7.1,4.6,72,8,0,6,2,7,0.6,109,18,3.1,1.5,1.4,Education,1,5.6,10
William Snyder,12,Female,Eatonton,8.1,5.2,82,0,0.1,7,9,5,1.8,70,19,3,0.9,0.1,Education,8,5.3,10
Edward Watkins,96,Other,Stevensborough,5.2,7.5,98,5,0.7,6,7,5,0.6,115,11,2.4,1.3,1.7,Social Media,1,7.2,9.6
Michelle Dunn,24,Female,Port Sarah,2.3,4.3,56,4,0.2,10,8,6,1,72,10,2.1,2.1,2.6,Social Media,3,6.1,7.8
William Morrow,4,Male,Bellmouth,7,5.7,52,4,2,10,1,7,1.2,30,19,1.8,2.4,1.3,Browsing,3,9.1,10
Mike Morgan,97,Other,Jessicamouth,5.8,4.8,62,9,0,5,1,9,0.9,28,13,4.4,1.8,1.5,Other,1,11.1,10
Cassandra Smith,9,Other,Thomasport,6,4.3,97,10,0.8,5,9,7,0.1,33,17,4.2,1,0.5,Education,3,7.4,10
Jennifer Sims MD,40,Male,New Justinside,3,6.1,74,4,1.2,2,9,7,0,63,17,0.7,3.2,1.9,Gaming,6,5.4,8.5
Ricardo Myers,68,Male,New Joshuaport,6.5,6.3,99,9,1.1,1,2,6,1.2,110,17,2.2,0.8,0.5,Education,2,2.9,10
Mikayla Martinez,16,Other,New Justinton,5.2,5.8,97,4,0.8,9,8,5,1.6,149,7,3,2.2,0.2,Gaming,4,7.6,10
Richard Rodriguez,31,Female,Port Joseview,3.2,6.5,89,8,1.1,10,10,2,0.6,61,20,1.9,0.8,1.4,Social Media,4,6.4,7.9
Kathryn Meyers,17,Other,Lake Jessicastad,6.6,5.4,91,6,1.4,6,6,7,1.3,137,17,0.2,2,1.8,Other,8,10,10
Jason Ford,88,Other,Codyshire,5.4,7.6,51,0,0.8,1,9,1,1.5,21,5,1.9,3.6,0.7,Browsing,7,6.3,8.5
Bryan Blackwell,69,Male,Port William,4.2,8.1,85,9,2.3,5,2,9,0.9,85,17,2.7,3,0.8,Browsing,3,5.3,10
Emily Phelps,13,Male,Malonemouth,7.2,6.7,62,7,1.1,7,6,3,1,32,15,3.2,0.2,1.9,Gaming,3,3.9,10
Joshua Benson,4,Male,Lake Mallory,4.4,4.7,80,9,1.4,10,5,10,1.2,146,12,3,1.9,1.2,Gaming,1,7.2,10
Gerald Sutton,91,Male,Veronicaberg,7.9,5.7,89,4,0.8,1,2,6,1.6,97,10,1.9,1.7,1.1,Social Media,10,4.9,10
Christine Ward,13,Other,West Danielle,4.7,4.7,51,7,0,4,7,9,1.2,140,10,2.4,0,0.5,Browsing,1,3.4,9.6
Brian Reynolds,57,Other,New Shelby,4.1,8.3,85,1,0.2,3,9,7,0.6,39,6,2.6,1.5,0.4,Gaming,1,5.9,6
Lauren Montgomery,72,Male,West Anna,6.6,4.9,60,8,0,2,1,8,1.3,86,6,3.5,2.5,0.9,Social Media,6,5,10
Jeremy Wheeler,36,Female,Beckerbury,5.9,9.1,72,0,1.2,2,4,6,1,108,18,3.1,0,1.4,Browsing,2,4.4,10
Ashley Foley,32,Female,South Dianeland,7.8,8.6,60,1,0.5,7,4,2,1.7,80,6,4,1.4,0.7,Gaming,7,7.2,10
Bobby Sellers,97,Male,East Christian,2.5,7,96,2,1.2,4,10,8,0.5,134,10,2.6,1.6,1,Social Media,2,5.8,7.9
Maria Peterson,16,Other,New Rodney,6.4,8.3,80,5,1.4,5,7,7,0.8,45,12,3.8,1.4,2.1,Social Media,7,5.6,10
Rhonda Cox,99,Other,Lynchstad,4.2,7.5,75,1,2.6,4,4,10,1.4,72,16,0.6,1.4,1.2,Gaming,1,4.4,7.1
Richard Humphrey,68,Other,East Stephanie,4,6.5,67,9,1.8,6,1,1,1.2,133,11,2.4,0,0.8,Social Media,1,5.5,8
Michael Blankenship,11,Other,Jeffreyberg,6.4,5,90,7,0.8,8,4,1,0.8,121,16,1.8,1,1.9,Other,5,7.5,10
Nicholas Conley,71,Other,West Justinbury,6.3,6.7,77,9,0,9,6,7,0.6,131,17,2.3,2.4,1.1,Browsing,2,3.7,10
Andrea Ramirez,40,Other,Gloriaville,5.1,7.2,52,8,2,3,10,3,1.8,74,12,2.9,1.3,1.7,Gaming,1,6.1,9.6
Luis Krueger,24,Other,Vincentborough,5.8,5.4,83,10,0,3,6,3,1.4,104,14,0,0.5,1.2,Social Media,1,4.9,8.5
Jeffrey Parker,15,Male,Charlesbury,7.5,10,71,3,0.6,4,4,8,0.4,109,12,0.8,1.3,2.8,Other,1,10,9.2
Nancy Allen,98,Male,Wileytown,5.1,6.9,83,1,1.5,3,1,8,1.7,110,10,3.4,1.5,0.7,Gaming,2,6,10
Nicholas Lynch,2,Female,Lake Jonathan,4.3,6.7,78,3,1.7,6,1,9,1.1,43,15,3.7,0.4,1.2,Education,3,7,8.9
Jennifer Hunt,92,Male,New Hunter,3.3,7.4,93,10,0.8,6,1,7,0.1,97,19,1.9,0.8,0,Other,10,2.4,8
Maria Sullivan,7,Female,Garciabury,2.9,7,75,5,0.4,2,1,5,1.3,34,20,0.7,2.1,0.5,Browsing,6,5.7,6.9
Linda Soto,40,Other,West Charlesbury,5.4,5.4,88,0,1.1,10,9,9,1.5,61,17,1,2.1,1.8,Gaming,5,4.9,10
Raymond Flowers,81,Male,Lake Kristybury,1.4,4.9,94,10,0.2,7,10,3,1,61,11,4,0.1,1.6,Social Media,5,3.2,6.5
Nathan Rivera,17,Female,Kathleenland,8.5,5,53,4,0,9,1,9,1.2,127,16,2.8,2,0,Education,5,5.7,10
Joseph Orr,55,Male,Joshuaberg,3,4.8,98,3,1.4,4,10,9,0,20,5,2.6,0.4,0.4,Gaming,10,9.3,5
Nicholas Powell,86,Male,Lake Ashleyville,4.8,6.5,51,1,0.7,9,2,3,1.4,146,16,2,3,1.5,Other,7,6.6,10
Omar Cohen,59,Male,Lake Jesus,3.3,6.8,90,4,1,6,5,2,1.1,36,9,0.9,0.8,0.4,Browsing,7,8,4.1
Tammy Wood,32,Male,Barbaraberg,4.8,4.9,91,0,3,4,10,10,1.3,71,8,3.9,2.9,0.8,Social Media,6,9.9,10
David Hill,13,Female,East Amy,2.1,7.8,66,7,0,5,4,3,0.3,48,14,0.7,2.4,1.6,Social Media,2,8.2,5.1
Belinda Wilkerson,76,Female,Evanshaven,6,7.1,55,2,0,9,9,10,0.5,134,20,1.5,2.2,0,Education,10,4.3,10
Michelle Jacobson,3,Male,Lake Hannah,6.9,6.9,91,7,0,3,10,6,0.7,130,18,3.5,0.5,0.3,Social Media,1,6.3,10
Deborah Rice,12,Male,Dillonburgh,7.1,5.3,51,7,1.8,2,9,5,0.9,148,10,2,0.9,1.6,Other,2,4.1,10
Cassandra Hinton,38,Male,Woodmouth,3.4,5.8,73,8,2,6,10,7,1.2,128,14,2.4,1.7,1.9,Browsing,4,7.8,10
Jill Griffin,22,Other,Anthonystad,10.1,6.2,93,6,0.9,1,2,4,1.3,133,20,1.5,2.1,1.2,Browsing,3,7.1,10
Gregory Johnson,11,Female,North Samanthahaven,2.6,6,77,0,1.3,10,4,10,1.2,94,15,1.4,1.9,1.9,Browsing,9,6.7,7.8
Vanessa Hernandez,13,Male,Brownville,5.3,8.7,91,2,2.2,6,7,8,1.1,146,15,2.3,2.5,1,Other,5,7.8,10
Sophia Hawkins,26,Other,Mccoyburgh,2,6.1,55,7,0,1,9,9,1.6,87,19,2.2,0,1.3,Browsing,4,7.1,6.7
Robert Mccoy,79,Male,Emilyland,5.8,6.3,95,7,1.9,1,5,1,1.8,123,18,2.8,2.1,0.1,Social Media,9,5.8,10
Todd Nichols,84,Male,Port Brettborough,3.3,9.1,66,9,0,1,1,8,0.8,27,6,2.5,1.6,1.8,Other,10,7.2,4.6
Laura Burke,77,Other,Craigbury,5.9,6.6,54,10,1.6,10,10,6,1.1,29,12,2.2,0,0.2,Gaming,5,3.5,7.8
Nicole Lawrence,26,Male,West Kristafurt,5.6,3.9,89,5,1.5,3,3,4,1,100,19,3.5,2.1,0,Education,5,7.5,10
Jamie Costa,36,Male,Shannonside,5,8.7,93,8,0,7,5,2,1.3,119,15,1.4,2,1.5,Education,3,5.3,9.4
Taylor Mclaughlin,51,Other,Lake James,4.4,5.3,55,2,1.5,3,5,7,0.9,120,12,2,2.1,1.5,Browsing,6,10.2,10
Barry Rose,27,Male,Williamhaven,1.8,4.7,87,1,0.3,2,5,10,0.6,24,14,2.2,0,0,Social Media,9,5.7,4.9
John Thomas,100,Male,Lake Lynn,9.4,4.1,72,8,0.4,10,8,1,1.2,109,12,1.4,2.7,1.3,Other,3,7.9,10
Derrick Nguyen,99,Other,West Kaitlynview,7.2,6,65,1,0.7,10,7,4,1.4,142,12,2.4,1.5,0,Education,10,4.9,10
Katelyn Pollard,69,Male,Littleberg,0.4,9,79,9,0.6,2,2,9,0.7,36,14,3,2,0.7,Education,7,8.5,4.4
Michael Hill,58,Female,Sullivanchester,2.3,5.6,60,6,0.7,2,5,4,1,149,18,0.8,1.8,0.4,Gaming,1,6,8.7
Tara Washington,88,Female,Lake Michaelview,6,5.4,62,6,1.1,6,6,1,1.1,79,20,2.1,0.6,1.2,Education,7,5.2,10
Victor Hudson,66,Male,South Victor,5.7,6.2,73,6,1.5,6,3,8,1.4,64,20,3.5,2.3,1,Other,8,7.4,10
Stacey Cooper,14,Other,Johnsonland,1.4,6.9,56,10,1.6,7,5,4,1.1,103,7,1.9,0,1.4,Education,3,3.3,3.3
Robert Barnes,8,Male,Wendytown,5.5,7,73,10,0.5,1,4,8,1.1,102,16,2.8,1.4,1.8,Other,9,2.5,10
Kevin Thomas,19,Male,Carterland,4.8,7.1,100,4,1.3,1,5,6,0.8,36,12,2.1,0,0,Education,3,5.1,6.5
Stacey Paul,71,Female,Caseyborough,6.2,7.8,57,5,1.3,9,6,5,0.6,75,16,2.9,0,0.4,Other,3,5.4,9.9
Dean Jones,76,Other,Grahamtown,4.7,5.9,56,4,0.7,6,4,8,0.8,73,5,2.1,2.5,0.9,Other,5,2,8.8
Ian Mooney,57,Male,Port Kyle,5.9,6.5,75,2,0.1,6,3,3,1.2,63,7,2.8,1.4,0.4,Other,6,8,9.5
Kenneth Brown,94,Female,Bennettville,7.3,6,96,4,1.2,4,9,7,1.6,118,18,1.6,2.1,1,Browsing,5,6,10
Brandon Santiago,57,Female,Lake Huntermouth,0,8.8,95,10,1.9,6,1,5,0.6,21,18,3.6,1.4,1,Browsing,4,6.2,4.6
Rodney Jones,75,Other,Port Kathystad,6.1,6.5,92,7,0.7,10,10,6,1.2,103,17,1.5,2.4,0.6,Browsing,9,3.7,10
Jeffrey Lawrence PhD,9,Female,New Brianport,5,4.3,58,6,1.3,10,3,6,0.1,55,12,1.5,4,2,Education,7,6.2,10
Vanessa Bennett,46,Female,Washingtonside,3.5,5.7,59,9,0.9,5,2,1,1.2,105,10,2.1,1.7,0.7,Gaming,9,6.6,8.5
Melanie Morgan,80,Female,Catherineshire,4.4,4.1,96,5,1.6,10,7,1,1.8,90,12,2,1,1.2,Education,4,4.8,9.6
Samantha Brown,37,Other,East Sara,5.1,6.2,84,3,1,7,5,2,0.2,22,18,2.2,2.3,0.9,Other,9,6.6,10
David Brown,68,Male,Oconnorstad,6.7,5.8,52,0,1,9,10,6,1,43,16,2.5,1.6,0.8,Other,9,5.5,10
Whitney Sanchez,76,Female,West Danieltown,8.9,7.2,87,9,1.4,3,2,5,1.4,21,7,2.6,1.3,0.8,Education,4,5.9,10
Ashley Wagner,58,Other,New Steven,3.9,8.8,80,3,0.1,10,3,1,0.8,81,20,3.2,1.5,1.7,Social Media,2,5,9.8
Aaron Leon,43,Female,Bethton,6.3,7.9,76,3,2,9,2,9,0.7,140,20,2.8,2.6,0,Gaming,9,8.4,10
Christopher Preston,3,Male,North Maryhaven,5.2,3,54,5,1.8,6,2,6,1.3,95,12,1.4,2.8,1.1,Browsing,2,8.9,10
Mark Edwards,95,Male,Robinsonmouth,1.6,5.8,79,4,2,4,9,6,0.9,126,6,3.1,0.1,0,Other,10,5.8,5.6
Alicia Smith,94,Male,West Cynthiabury,3.6,4.4,66,1,0.6,3,8,7,1.5,61,12,1.1,0.3,0.3,Gaming,2,7.6,6.4
Valerie Briggs,85,Other,South Brett,3.9,6.4,87,8,1.1,4,2,6,0.7,82,20,2.5,1.9,1.7,Gaming,2,3,10
Wendy Clayton,58,Other,East April,3.7,5.1,56,1,1.7,1,10,2,0.8,99,6,1.7,1.7,1.6,Other,4,7.6,7.7
Katelyn Walker,38,Female,New Johnmouth,6.4,5.7,50,10,0.3,5,10,4,0.8,117,18,3.1,2.8,2,Other,1,1.9,10
Cynthia Gallagher,38,Other,Weberbury,2.7,4.7,69,10,0,1,8,4,1.4,59,14,1.9,1.2,1,Gaming,9,5.3,7.4
Darlene Pruitt,94,Female,Gaineshaven,8.7,7.6,63,1,1.2,8,10,8,1.7,142,16,1.3,0.1,0,Social Media,1,5.4,10
Kyle Berry,47,Female,East Natalieberg,6.4,5.1,93,5,0.5,4,9,1,1.5,112,13,1,1,0,Other,10,7.4,10
Cynthia Shaffer,89,Male,Lancestad,6.7,9.9,54,1,0.9,9,10,10,0.8,43,17,2.9,1,0,Education,3,8.7,9.9
Alfred Schmidt,74,Male,East Seantown,8,5,60,7,0.7,4,2,10,0.7,127,6,1.9,2.2,0.6,Browsing,2,5.2,10
Matthew Smith,72,Male,East Stephanieton,6.1,4.9,50,6,1,3,3,9,1.1,25,6,2.4,1.6,0,Gaming,10,2.5,9.3
Isaac Keller,89,Female,South Melissafurt,5.4,3,76,0,1.7,9,8,8,0.9,58,8,1.2,3.1,0,Gaming,9,4.3,10
John Smith,72,Other,West Courtney,5.3,5.7,75,9,0,5,8,10,1.9,33,6,2.2,1,2.1,Gaming,9,7.5,7.5
James Green DVM,90,Male,Mcintoshview,7.2,6.1,59,7,1.7,6,5,8,1.5,88,14,2.2,3.1,0.4,Social Media,4,9.3,10
Emily Meyer,73,Other,Jesseport,4.1,6.8,92,10,2.5,5,8,10,1.3,24,7,2.1,1.2,0.8,Browsing,5,6.7,5.9
Jaime Cisneros,30,Male,Lake Jessicamouth,4.7,6.5,96,1,1,1,5,10,0.9,118,20,3.1,2.6,1.7,Browsing,3,6.6,10
Melissa Kent,2,Other,Dalehaven,3,7.7,71,1,0.5,9,10,3,1,21,20,2.9,1.8,0,Browsing,7,3.8,8.3
Janice Fisher,32,Female,North Stevestad,4.9,9.1,90,9,0.2,5,5,10,1.4,47,13,2.5,3,0.8,Browsing,6,5.4,9.4
Robert Russo,76,Other,Markville,5.6,7.8,53,0,1.2,8,5,1,0.5,65,9,3.5,1.4,0.3,Gaming,8,1.6,9.7
Becky Newman,48,Male,New Joshua,4.6,8.4,93,7,0.8,9,5,1,0.6,25,8,2.9,1.1,1.3,Education,4,4.6,6.5
Joseph Stevenson,45,Other,New John,5.4,7.5,94,7,0.5,3,10,2,0.3,57,13,1.7,1,1.2,Gaming,2,4.6,8.1
Jessica Jackson,48,Male,Ericaborough,7,5.7,90,10,0.4,8,10,7,1.2,117,7,5,0.1,2.2,Social Media,6,2.8,10
Alicia Williams,51,Other,Lake Frank,7.3,4.9,58,2,0.7,10,4,7,0.6,42,17,3.4,2.1,0.6,Gaming,1,4.7,10
Christian Klein,72,Other,Mitchellshire,7.4,6.2,69,8,0.7,9,6,3,1.6,75,14,3.1,0.3,0.8,Education,2,9.4,10
Tara Martinez,96,Male,Guzmanshire,4.5,8.6,57,4,0,2,9,7,0.9,109,12,4.3,1.9,0.8,Other,6,5.5,10
Mary Jones,65,Female,Josephhaven,2.6,6.5,51,3,0.9,4,8,2,1.4,28,15,2.8,1.7,1.8,Browsing,3,9.7,7.4
Jesse Burch,68,Female,South Lorichester,5.9,4.4,73,5,0.2,10,1,6,1,94,10,3.4,1.1,0.9,Browsing,4,8.9,10
William Humphrey,58,Male,North Joy,3.3,5.5,70,5,0.1,3,9,3,1,123,19,3.5,0.2,1.5,Gaming,2,6.8,10
Stephanie Rose,57,Male,New Angelaview,6.3,4.9,55,5,0.2,1,1,6,1.1,128,15,1.8,2,0.6,Browsing,5,3.8,10
William Mendoza,6,Female,Mccannshire,5,8.6,81,9,0.8,9,9,2,0.1,97,11,1.8,1.4,0.4,Other,10,4.7,8
Alyssa Ramirez,46,Male,East Natasha,0.3,6.5,90,4,1.4,5,9,9,0,81,15,1.8,2.5,1.3,Other,4,5,6
Jacqueline Nichols,74,Female,Olsonshire,7.4,4.9,75,7,1,5,7,5,0.9,141,6,2.5,3.1,0.4,Gaming,9,5,10
Heather Smith DVM,22,Female,Brownton,4.1,9.2,77,10,0.8,3,1,6,0.9,22,17,2.6,1,1.9,Gaming,2,1,6.9
Nicholas Jones,45,Male,Gallowayland,5.8,8.5,67,4,2.1,5,9,1,0.6,73,14,3.1,2.4,1.1,Browsing,1,2.8,10
Jeffery Martinez,11,Other,West Russell,6.7,5.6,83,10,1.3,10,4,7,1.4,107,7,2.4,1.3,0.8,Browsing,3,7.9,10
Claudia Lynch,16,Female,Kathrynshire,8.1,7.8,72,8,0,5,1,3,0,37,17,2,2.4,1.4,Other,10,8.1,10
Kimberly Raymond,83,Female,South Theodore,1.6,4.4,50,6,0.1,7,5,1,1.2,65,14,1.8,1.8,1.8,Social Media,9,3.8,7.1
Frank Johns,36,Other,West Darrylside,4.5,10,65,5,1.8,5,5,4,0.6,38,15,2.8,1.4,0.8,Browsing,5,10.1,7.5
Mrs. Tonya Wilson MD,34,Male,Morsemouth,6.3,8.1,79,5,0.9,4,10,6,0.8,95,17,2.4,1.7,0.2,Social Media,3,5.8,10
Melissa Wilson,82,Female,Port Amandamouth,8.2,6.5,74,6,0.4,2,4,6,1.1,20,15,4.6,0.2,0.3,Other,6,10,10
Kimberly Cannon,85,Other,West Timothyberg,3.9,3.3,64,5,1.4,2,9,5,1.4,86,16,2.3,2,0.9,Other,4,7.4,10
Ryan Barnett,62,Male,Hannahside,5.4,5.7,57,0,1.1,4,8,4,0.8,94,12,4.1,2.3,0.7,Other,2,8.5,10
Jennifer Short,17,Female,New Raymond,7.2,6.5,80,0,0,8,4,4,1.4,121,6,1.9,1.6,0.7,Other,5,9.5,10
Justin Sutton,13,Female,North Lisa,2.2,6.6,61,3,0,7,6,5,0,104,12,2.9,0.3,1.6,Gaming,3,10.1,6.6
Kayla Lopez,56,Other,Lake Tracyland,4.9,6.4,81,1,0.4,10,4,10,0.9,77,15,3.2,2,1.3,Browsing,2,4.7,10
David Gonzales,56,Other,North Samantha,3.5,4.6,52,6,3,9,3,4,1.6,96,8,3.3,1.3,0,Browsing,9,9.2,9.3
Kristin Bolton,53,Female,New Tiffany,7.1,3,87,8,1.6,7,1,3,1.4,79,12,3.1,1.6,0.6,Browsing,3,5.7,10
Diana Smith,95,Other,West Danielside,6,5.3,93,5,2.3,2,10,8,1.7,61,9,3.4,1.1,1.8,Browsing,2,6.6,10
Diana Conner,50,Other,Bryantberg,4.3,4.5,51,2,1.2,6,7,7,1.2,40,17,1.3,1.7,1.8,Browsing,7,5.2,9.2
Brenda Holland,15,Other,Bowenshire,4.9,3.4,68,7,1.1,1,10,7,0.9,86,20,1,0,0.7,Browsing,8,5.8,9.9
Mark Williams,33,Female,West Timothystad,5.3,7.8,71,1,1.8,7,5,2,1.1,37,19,3,1.6,1.1,Gaming,10,6.5,10
Melissa Clark,75,Other,South Mariahmouth,6.4,6.5,90,6,0.4,7,2,3,1.5,54,14,1.3,1.7,1.9,Education,2,3.9,10
Mr. Thomas Rodriguez,78,Female,Dillonhaven,6.5,8.7,96,0,1.1,9,4,1,1.2,24,7,1.2,0.2,1.9,Browsing,3,5.5,5.4
Charles Navarro,43,Other,North Michael,7.9,6.4,84,1,1.8,5,6,2,1.5,42,11,0.2,1.2,1.5,Gaming,2,6.1,9.1
Stephanie Collins,54,Other,Reyesmouth,3.7,5.7,50,3,1.3,3,8,1,0.8,104,10,3,1.7,1.2,Social Media,9,4.8,9.6
Yvette Holland,95,Other,Whitefort,4.9,6.6,56,9,1.8,2,7,5,1,53,7,2,0,0.5,Education,2,7.3,6.1
Rhonda Roberts,6,Male,Lake Lisastad,3,6.8,62,9,1.3,2,1,1,1.6,44,18,5,1.5,1.1,Education,4,6.3,10
Michael Burch,14,Female,East Christopherville,0,8.5,74,1,1.2,9,10,5,1.4,146,11,3.2,1.8,0.7,Education,3,7.9,5.9
Michelle Reed,79,Female,Thomasside,2.7,5.6,58,9,1.4,4,5,9,1,144,6,2.8,1.9,0.8,Education,10,4.9,8.7
Kimberly Rubio,15,Other,West Kimberlyview,7,7.5,77,8,1.8,2,6,5,1.4,129,11,2.9,1.4,0.5,Education,7,7.3,10
Keith Pena,90,Other,West Joanna,5.5,8.4,89,8,2,6,6,2,1.6,89,19,2.9,2.6,1.4,Browsing,7,5.7,10
Michael Johnson,86,Female,Lopezville,7.3,3.7,52,0,0.5,2,9,5,1.3,66,6,3,3.1,0,Browsing,2,5.5,10
Darren Jones,27,Other,Lynchfort,5.3,7,60,6,2.1,1,10,9,2,58,8,3.2,2.8,0.1,Other,6,9.3,10
Kara Wood,3,Other,South Catherine,5.7,4.5,90,6,1.3,8,2,4,1.3,61,12,2.2,0.7,0.9,Browsing,6,4.2,10
Barbara Woods,13,Male,New April,3.2,6.4,58,0,0.9,1,1,3,0.6,87,5,0.7,3.2,0,Gaming,2,5,6.6
Steven Hall,69,Male,South Robertport,3.9,8,76,4,3.4,9,10,3,0.9,63,9,2.4,0.1,1.5,Other,6,8,5.5
Amanda Harris,55,Other,Port Josephchester,6.9,7.2,98,4,0.9,4,5,3,0.9,63,10,2.1,1.4,0.9,Browsing,4,3.3,10
Kristen Mitchell,31,Other,Lake Williamfort,4.5,8.2,98,0,0.4,4,7,7,1.2,91,19,3.5,2,1.2,Education,1,5,10
Debra Moore,26,Other,New Jefferybury,3.9,7.1,52,7,0.9,3,4,7,0.7,65,8,2,2.5,0.9,Gaming,2,8.1,7.8
Rhonda Edwards,62,Female,Jasonland,7,4.2,58,10,1.2,9,5,10,2,60,5,3.1,2,1.4,Other,7,7.1,10
Edward Barker,54,Other,Paynefort,2.7,8.7,64,2,1.5,7,1,6,1.1,146,17,2.8,2.7,0,Education,4,8.1,10
Brian Lawrence,9,Other,South Jasonmouth,4.1,6.7,61,6,0.3,1,6,9,1.1,99,8,2.7,1.7,0.3,Education,1,2.1,8.7
Paul Hernandez,79,Other,Richardsville,5.7,8.8,85,1,1.6,8,3,7,0.8,26,5,0.3,0.6,0.9,Other,5,9.1,3.7
Misty Wilson,85,Other,North Leslie,3.6,8,65,0,1.3,10,10,5,1.2,105,17,1.7,2,2.2,Education,9,6.5,8.8
Beth Price,6,Female,Shawnfurt,2.5,8.1,75,8,0,4,2,2,0.8,34,7,4.3,4,0,Education,4,8.4,8.8
Kristie Williams,40,Other,East Brandon,3.2,8.6,89,3,2.1,9,7,9,0.9,99,14,3.6,1.1,1.3,Other,1,6.5,8.4
William Cervantes,36,Female,Hillfort,5.2,8.2,56,0,1.9,9,10,6,0,144,15,1.7,1,1.2,Gaming,7,9,9.7
Debra Owen,89,Male,Nicoletown,2.6,7.5,83,10,1.4,10,9,7,0.5,24,5,2.5,1.1,0.5,Education,2,6.5,3.9
Billy Baker,73,Other,Deleonberg,5.4,7,73,2,0.5,3,3,10,0.8,113,13,3.3,0.5,2.4,Social Media,1,9.9,10
Susan Mcintosh,96,Other,Bakerland,1.9,7.3,97,8,1,4,5,8,0.8,139,17,1.7,1.9,1.5,Gaming,3,4.1,8
Kevin Perkins,28,Female,West Angela,2.4,6.1,98,10,0,8,7,10,0.9,128,8,3.4,0.3,1.4,Browsing,4,3,7.2
Jill Maxwell,66,Male,East Traceyville,5.4,6,98,2,0.4,9,8,6,1.2,25,9,3.8,1.8,1.1,Browsing,2,4.3,10
Jennifer Rosales,21,Other,Allenside,6.6,5.9,91,4,1.2,8,10,3,1.9,110,18,2.3,0.9,1.4,Social Media,9,5.2,10
Jamie Munoz,89,Male,East Courtneyshire,5.6,9,63,5,1.2,7,9,6,1.2,68,10,2.7,2.9,2.2,Social Media,1,5.7,10
Amanda Callahan,100,Female,South Stanley,6.3,6.3,72,1,0,7,8,8,0.8,38,9,2.9,0.8,0.7,Browsing,7,4.8,9.4
Ian Taylor,25,Male,Castromouth,7.2,6.4,62,6,1.2,2,9,2,1.1,108,6,2.6,1.5,0.5,Browsing,10,7.5,10
Theresa Avery,9,Male,Robertland,3.2,3.1,90,1,0.8,8,6,7,1.2,76,8,3.9,2.6,0.5,Other,5,2.5,10
Jared Green,50,Male,North Amy,0,6.9,88,4,0.1,8,6,7,0.8,107,12,3.9,2.8,0.7,Social Media,4,7.6,7.8
James Scott,16,Male,Marystad,6,8.5,67,9,0.9,4,7,8,1,144,16,2,2,1.5,Gaming,2,4.2,10
Thomas Osborne,39,Female,Schneiderstad,5.5,5.8,54,8,0.8,4,7,1,1.3,54,13,1.5,1.7,1,Browsing,4,4,9.5
John Haynes,77,Male,Waynestad,8.9,7,90,0,0.6,4,9,3,1,110,10,3.4,0.8,1.2,Browsing,2,5.8,10
Amanda Gomez,35,Female,Port Patrickfurt,5,6,90,8,1.7,10,7,1,0.3,29,7,2.4,0.8,2.1,Social Media,1,7.7,7.2
Wesley Carey,56,Male,West Sarah,4.1,6.9,92,5,0.8,1,2,6,1.8,39,13,1.5,3.2,1.4,Gaming,3,5.5,8.7
Cynthia Sawyer,94,Female,Lesterside,0.9,5.8,92,8,1.2,8,1,1,1.5,119,14,2.6,1.9,0,Education,7,8.3,7.7
Kathleen Shelton,99,Other,South Robyn,3.7,7.4,54,7,0.2,8,7,7,0.5,21,19,3,0.7,0.3,Education,4,6.1,7.9
Neil Price,36,Female,South Melanieberg,5.1,5,82,5,1.9,7,1,3,0.9,63,18,1.9,2.4,0.4,Education,10,7.1,10
David Wall,50,Other,Jamesmouth,4.6,3,72,2,0,8,4,7,1.5,43,10,4.9,2.2,1,Browsing,9,6,10
Jordan Wolfe,26,Male,Port Samanthastad,3,6.3,92,6,1.2,5,1,10,0.7,113,11,1.9,0.7,1.1,Gaming,5,9.2,6.9
Cindy Ortega,93,Female,Luisstad,5.1,7.1,71,4,1.4,6,9,10,1.6,146,9,1.6,3.3,0.5,Browsing,3,3,10
Stanley Fry,72,Female,West Jeffery,5.5,3.1,90,6,0.9,8,3,4,1.7,57,12,2,0.5,1.1,Social Media,6,2.5,10
Angel Flores,80,Male,Daniellehaven,3.5,5.5,62,3,1.2,10,10,2,0.5,47,17,1.9,0.5,0.4,Education,2,7.1,7.5
Christine Ramsey DVM,69,Female,East Robert,6.1,7.5,88,9,1.6,9,8,3,0,66,20,3.5,1.6,1.7,Browsing,10,7.6,10
Jessica Lewis,8,Female,East John,7.1,6.4,64,9,0.1,5,5,10,1.3,54,15,1.9,1.8,0.8,Gaming,2,4.8,10
Ricardo Hayden,79,Other,Sarahshire,7.7,6.5,64,7,0.1,3,10,7,0.2,76,5,2.4,0.3,1.3,Social Media,5,4.5,9.7
Olivia Contreras,21,Female,Jacksonfort,4.7,8.3,91,3,2.2,7,6,6,1.3,134,18,0.8,0.7,0.8,Gaming,3,7.3,8.3
Kimberly Young,99,Female,North Mary,3.7,6.2,77,2,2.2,8,8,8,1.1,94,14,1.4,0.5,1.3,Other,7,4.7,7.2
Brian Whitaker,88,Female,New Josephberg,2.5,5.6,67,0,2,1,8,1,0.5,113,11,3,2.2,2.6,Browsing,3,7.8,9.4
Brenda Brown,32,Female,Port Elizabeth,1.6,6.4,55,10,0.5,8,9,10,0.3,92,16,3.4,1.7,1.5,Education,2,3.5,8.5
Paul Huynh,60,Other,East Kelly,6.2,10,74,0,1.8,4,2,4,0.5,134,18,0.8,1.6,0.6,Social Media,10,7.4,9.9
Susan Maddox,8,Other,West Paul,2.6,6.7,82,1,1.9,4,2,2,2.4,98,14,1.5,0,0.4,Social Media,3,7.2,5.5
Steven Cook,7,Female,Gillview,4.9,5.4,89,5,0.2,5,9,9,0.6,67,9,3.9,0.9,1.4,Browsing,8,7.3,10
Eric Davis,21,Female,Lake Dillon,5.6,6.3,95,2,0.6,4,1,2,1.1,52,17,0.7,0.5,0.4,Education,4,7.9,8.1
Victoria Wu,38,Female,Karenbury,6.2,7.3,98,8,1.5,5,9,5,0.9,36,7,2.8,3,1.7,Gaming,5,9.3,10
Denise Maldonado MD,67,Female,Lake Francesview,0.9,5.5,63,3,0.9,4,9,6,0.8,134,10,1.5,1.8,0.4,Browsing,5,6.5,6.1
Tommy Marshall,10,Male,Wendytown,0,7.1,85,3,0,8,4,10,0.7,99,15,1.9,1.7,0.8,Browsing,4,5.3,5
Angela Stewart,18,Male,North Troy,2.4,5.2,86,4,0.8,4,6,3,0.8,96,13,2.1,3.7,0.5,Education,5,11.2,10
Melissa Ortega,19,Male,Marissaburgh,3.1,7.7,80,8,0.6,3,4,5,1.7,127,5,5,0.9,1.3,Browsing,5,5.3,8.7
Jasmine Adams,22,Other,Elizabethburgh,3.3,4.7,68,5,1.3,3,7,9,1.8,90,5,2.7,2,0.4,Social Media,6,8.5,8.5
Deborah Meza,8,Male,Johnmouth,6,6.5,85,3,1.1,5,4,2,2,61,6,3.8,1.7,1.6,Other,7,2.3,10
Ashley Daniels DDS,8,Male,Port Benjamin,5.2,8.6,87,0,1.1,6,10,1,0.2,80,12,1.2,1.4,1.7,Social Media,10,4.6,7.5
Rachel Clark,69,Male,North Susan,5.8,6.4,69,3,0.8,8,7,7,0,22,8,5,1.5,1.2,Education,5,9.1,10
Dana Koch,47,Male,Jenniferton,3.8,4.2,95,2,0,2,8,2,1.1,24,5,3.5,1.5,0.3,Education,5,8.8,8.2
Joseph Montgomery,97,Female,Lesterfort,7.4,4.3,77,0,0,1,1,1,1,133,20,1.8,0.1,0.1,Gaming,10,9.3,10
Melanie Foster,30,Male,Michaelmouth,5.6,7,55,3,0.4,7,1,8,1.1,24,8,1.3,0.9,0.8,Other,7,3.5,6.4
Kimberly Sanders,94,Other,North Pedro,3.8,4.7,84,1,3.3,8,5,7,0.7,56,11,2.5,1,0.4,Other,4,7.2,8.3
Samantha Adams,71,Female,Alvarezmouth,2.4,3.9,84,1,0,10,5,6,0.8,106,5,2.5,2.6,1.8,Browsing,7,8.8,8.7
Stacy Jones,75,Female,Heatherbury,9.1,6.4,71,3,0,4,4,3,0.1,22,14,2.8,1.8,1.7,Gaming,6,4.4,10
Thomas Mckinney,98,Other,North Patrick,10.3,7.1,98,1,0,1,10,1,0.2,70,16,1.6,2.9,1.1,Gaming,3,7.4,10
Melissa Williams,20,Male,East Nataliemouth,7.5,4.5,90,1,1.8,8,7,3,1.4,66,19,1.1,0,0.6,Education,8,7.3,10
Christina Hardy,48,Other,Stephanieland,5,7.6,61,4,1.3,4,10,5,1.5,89,9,2,4,0.4,Social Media,5,6.9,10
Stephen Beltran,62,Female,Greenchester,5.3,5.4,86,8,0.1,1,8,9,0.7,60,5,2.6,1.9,1.1,Social Media,1,7.7,9.3
Jessica Weber,17,Female,Dickersonmouth,3.5,7.9,66,10,0,4,4,7,1.2,50,15,3,1.5,0.6,Browsing,8,2.4,8
Dawn Williams,47,Female,Danielborough,3.9,6.1,84,6,1.8,9,2,9,1.1,87,20,2.5,2.5,0.7,Other,9,2.4,10
Billy Vasquez,31,Male,East Ryanview,9.3,6.1,93,6,1.4,7,10,8,1.3,66,17,3.6,2.5,1.7,Social Media,9,4.9,10
Tyrone Hensley,33,Other,Rachelberg,2.1,8.9,53,1,1.7,5,3,3,0.5,22,8,2.3,0.6,0,Other,6,3.5,2.6
Samantha Moore,64,Male,Coreyhaven,0.3,4.5,54,3,3.4,6,1,5,1.1,47,18,2.5,2.4,1.3,Browsing,9,3.3,7.5
Alvin Fox,72,Other,Rivasport,2.5,7,72,5,1.1,7,2,3,1.8,85,16,2.6,3.2,0.8,Education,6,5,9.7
Ruth Saunders,89,Female,Jonesview,4.2,5,82,2,1,7,1,8,0.6,72,9,3.3,1.7,1.4,Other,1,3.2,9.9
Erica Lucero,9,Male,Wellsfort,4.3,5.1,81,7,0,9,2,10,1.2,80,11,3.1,1.4,0,Gaming,2,6.3,10
David Martinez,55,Female,Michaelburgh,7.7,4.3,53,5,0.6,10,10,5,0.4,85,9,2.9,2.1,1.4,Social Media,4,5.1,10
Zachary Ramos,26,Male,Patriciamouth,1.7,5.8,94,7,1.8,4,2,9,1.4,97,14,2.6,0.6,1.1,Browsing,7,8.1,6.7
Robert Adkins,87,Male,Smithland,5.5,6.2,50,9,1.7,7,8,3,1.1,49,12,1,1.6,0,Social Media,2,11.2,8.4
Michael Duarte,75,Other,Josephville,5.5,9,73,9,0,10,7,5,1.1,148,13,1.9,2.1,1.5,Education,8,7.1,10
Robert Brown,88,Male,Fosterburgh,6.6,8.5,89,3,1.5,5,7,2,0.2,128,9,1.7,4,1.1,Other,9,7.3,10
Alexa Mcdonald,46,Female,Harrisbury,5.3,3,79,4,2.1,1,3,7,0.9,74,14,3.8,2.1,1.1,Other,3,3.4,10
Raymond Lewis,25,Male,Jenniferbury,2.5,4.4,51,7,1.1,9,10,6,1.3,78,11,2.5,1.9,1.9,Browsing,9,4.3,8.5
Dakota Bradford,64,Female,East Sara,5.4,7.1,100,7,1.9,2,4,9,1.3,139,20,3.4,1.9,0.9,Other,5,8.9,10
Allison Lopez,14,Male,Port Elizabethshire,4.4,3.6,92,7,1.5,9,9,1,1.1,41,13,2.7,3,0.7,Social Media,4,10.4,10
Robert Hanson,23,Female,Stephenfort,2.8,3,58,9,0,10,7,6,0.5,35,12,1.8,2.1,0.3,Gaming,9,6.6,8.3
Shawn Mills,85,Other,East Sandramouth,3.6,6.2,72,7,2.1,4,10,1,0.2,64,8,2.4,0,0.4,Other,4,5.8,5.8
Heather Bartlett,18,Female,North Mario,7,5.9,52,5,1.6,1,4,2,0.5,66,18,2.7,2,0.6,Social Media,3,4.1,10
Alex Moore,51,Female,Haysfurt,4.4,6.4,53,7,0.4,2,5,2,0.8,92,8,3.6,2.4,1.8,Gaming,4,6.3,10
Karen Roth,63,Female,East Bradleyborough,3.3,5.1,97,7,1,8,7,4,0.3,123,17,1.4,2.2,0.5,Education,1,7.4,10
Miranda Horne DDS,49,Female,Nolanburgh,1.7,6.9,59,7,1,6,8,10,1.9,149,6,2.2,3.2,1.7,Browsing,7,8.3,7.8
Cassie Johnson,30,Female,Mcdanielport,4.4,6.9,84,0,1.3,2,9,7,1.1,148,10,3,1.5,0.5,Other,10,5.6,10
Luis Williamson,97,Other,North John,6.6,7.3,66,8,0,8,5,1,1.8,71,18,2.2,1.3,0,Other,7,5.9,10
Amanda Gonzalez,86,Female,Kimstad,4.9,9,96,3,0,1,5,10,1.4,114,19,2.1,2.7,1.1,Other,8,6,10
Ebony Reeves,44,Male,West Michael,7.2,7.4,99,9,3,2,10,9,1,30,7,0,1.2,1.3,Other,4,5.7,6.7
Carrie Burnett,86,Other,Franklinmouth,0.9,7.9,67,1,0.9,2,2,4,1.4,62,11,3.1,0,1.8,Other,9,4.2,3.5
Laura Smith,28,Female,Velasquezshire,7.1,5.8,78,8,2.2,5,10,7,1.3,64,6,2.5,3.2,0,Browsing,3,7.8,10
William Potter,94,Male,Maxwellberg,6.4,4.2,81,0,2.5,5,8,1,0.5,56,15,2.8,3.2,1,Browsing,9,6.1,10
Katherine Harris,23,Female,Waltersland,4.2,5.2,77,1,0.2,1,7,1,1.7,119,11,1.1,0.5,2.1,Other,8,5.8,7.8
Trevor Cook,73,Female,Sheilahaven,1.4,7.4,55,5,1.3,9,2,3,0.9,73,19,1.9,0.5,0.4,Social Media,9,7.2,5.4
Dr. Christine Lopez DDS,48,Other,New Heather,5.4,4.1,64,5,1.6,8,2,2,1.3,20,16,3.4,3.2,1,Education,2,7.8,10
Sandra Miller,68,Male,Sydneyshire,4.8,6.3,80,2,1.3,6,5,2,0.8,103,19,2.5,2.2,1.4,Social Media,8,11.5,10
Miguel Navarro,34,Female,Michellemouth,6.9,8.9,81,0,2.1,2,5,5,1.3,131,7,3.6,0.6,2,Browsing,3,4.5,10
Natasha Weaver DDS,84,Other,Lake Lisa,8.3,6.5,54,3,0.6,3,5,6,0.5,96,12,1.6,3.3,1,Gaming,8,7.7,10
Rebecca Elliott,26,Female,Judymouth,8.8,5.1,81,8,0.8,10,9,7,0.1,133,5,1.6,2.1,1.5,Social Media,1,9.3,10
Brianna Mcknight,46,Female,West Destiny,6.3,5.6,88,2,0,6,5,8,0,68,10,1.9,1,0.8,Education,5,3.1,9.8
Cassandra Lin,88,Female,Port Joe,5.1,6.4,55,4,2.1,8,3,10,0.7,75,17,2.5,2.8,0,Gaming,9,8.2,10
Manuel Williams,20,Female,Smithburgh,5.3,5.9,53,5,0.4,6,9,6,0.4,35,17,1,2,0.2,Other,5,5.8,9.4
Amanda Bolton,81,Male,South Candice,5.4,4.9,72,3,1.7,6,4,6,1.4,45,13,2.6,1.2,0.5,Gaming,10,4.1,10
Nicholas Richmond,94,Other,Michaelberg,8.5,5.7,62,7,0.5,10,4,6,1.7,33,5,4.4,0.4,1.5,Other,6,3.7,10
Stacey Green,78,Female,Sullivanberg,5.4,7.1,87,0,0.1,3,10,5,0.6,63,10,2.8,0.9,1.2,Gaming,2,5.2,8.8
Rachel Allen,94,Female,Port Tracey,3.3,7.4,62,4,0.7,9,5,1,0.6,46,8,2.6,2.4,0.1,Browsing,6,1.9,7.1
Kevin Jones,22,Female,Lake Michael,3,6.2,72,7,1.4,6,3,8,0,69,15,3.3,1.2,1.8,Browsing,7,3.6,8.8
Alisha Merritt,48,Female,New Steven,6.9,7.3,89,1,0.8,2,1,1,1.7,142,5,1.7,0.7,0.7,Browsing,8,3.9,9.5
Amber Davis,85,Other,Connerbury,4.7,6,93,4,0,10,3,9,1.1,38,19,3,0.2,1.6,Social Media,2,5.8,9.5
Erin Gonzalez,29,Male,West Kristi,4.9,6.1,71,8,1.8,2,5,8,1,64,11,1,0,1.2,Gaming,8,5,6.3
Mrs. Cynthia Schultz,82,Male,Jamesburgh,1.8,6.6,56,10,0.7,2,7,7,0.7,100,18,4.9,1.4,0.3,Education,7,2.4,10
Allen Dunlap,84,Male,Melissaborough,8.2,5.4,94,5,2.1,9,7,10,0.4,143,17,2.2,1.6,0,Social Media,8,9.4,10
Robert King,8,Other,Snyderbury,5.5,7,73,1,1.1,2,1,5,0.2,147,16,1.8,1.2,0.8,Social Media,5,5.7,10
Haley Goodman,57,Male,Frazierborough,5.7,8.9,66,7,2.5,6,1,5,1.4,34,17,3.3,3.1,0.4,Browsing,7,4.4,10
Vanessa Taylor,63,Female,East Aliciaborough,5.4,8,70,4,1.1,10,5,6,0.7,135,18,2.3,1.7,1.1,Other,2,6.4,10
James Francis,70,Other,Hamiltontown,6.6,8,82,4,2.7,5,2,2,0.9,25,7,2.5,2.9,0.5,Gaming,9,8.7,9.9
Melinda Flores,26,Male,Campbellfort,7,7.4,58,0,0.3,4,9,6,1,56,9,1.7,0.8,1.5,Other,3,9.5,8.7
Maureen Chapman,59,Other,Emilyton,3.7,8.3,93,7,0.8,9,5,1,1.5,28,9,4.1,0.2,2.6,Gaming,5,3.7,6.2
Christina Tate,15,Other,Sheilaburgh,4.3,6.7,88,5,0.9,5,3,4,1.3,96,11,1.9,0,1.1,Social Media,5,5.6,7
Aaron Jackson,14,Other,New Meganchester,6.9,7.6,53,8,2.1,4,7,8,0.1,85,13,1.5,2.6,0.8,Gaming,10,5.5,10
Brian Farmer,78,Other,Hawkinsview,5.1,4.8,89,9,0.1,8,6,2,0.9,133,6,4.5,2.4,1.3,Browsing,1,7.9,10
Linda Sampson,71,Other,Jacobmouth,5,7,65,10,0.9,8,7,9,1.9,22,15,1.2,1.3,1.4,Education,7,5.8,7.4
Frank Meadows,92,Other,West Jillian,7.2,4.9,58,1,0,3,3,1,0,120,6,3,3.9,0,Other,9,8.8,10
Shane Pitts,6,Female,Caitlinberg,5.8,4.7,75,2,2.4,4,10,10,1.2,36,16,4.1,1.5,2,Education,10,7.2,10
Jennifer Brown,34,Female,Elizabethchester,2.7,6.2,93,5,0.6,10,9,8,1.3,118,15,3.1,1.2,1.7,Social Media,5,7.1,9.3
Rachel Anderson,74,Male,Lake Kimberly,3.8,6.9,98,9,1.6,7,6,5,1.4,68,19,2.6,0.6,1.3,Gaming,7,6.6,8.7
John Brown,25,Male,Campbellville,5.3,6.2,50,1,1.9,8,6,4,1.8,132,6,1.6,2.1,0.9,Education,3,5,9.7
Katherine Rivera,55,Male,Rebeccamouth,4.4,5.8,95,5,0,3,1,5,0.9,68,6,0.7,2.9,1.6,Education,1,4.2,7.7
Joseph Edwards,39,Other,Hubbardberg,4.2,7.7,91,1,0,7,3,2,1.5,75,7,2.8,1.1,1.8,Browsing,3,8.5,7.1
Kenneth Holloway,75,Female,Reynoldsbury,4,7,75,0,0.2,4,8,10,1.4,118,17,1,0.1,1.6,Other,3,5.4,7.4
Joseph Reed,86,Male,South Dakota,4.6,4,52,5,1.5,1,2,7,0.7,40,16,1.7,0.9,0.4,Social Media,6,6.8,9.2
Stephanie Hammond,26,Other,South Benjamin,3.2,6.5,91,2,0,9,2,2,0.1,123,15,3.9,1.2,0.7,Other,9,6,10
Christopher Yang,70,Other,Port Ashleyland,7.6,7.3,84,9,0.1,4,5,8,1.2,134,8,1.9,0.9,0.2,Education,9,6.9,10
Tina Hernandez,54,Other,Pinedaview,6.2,4.5,100,9,1.8,3,6,3,2.1,135,10,2.2,0.6,0,Browsing,3,8.4,10
Melissa Bailey,24,Male,Port Cynthia,5.7,5.5,64,5,0,5,8,1,1.1,93,8,2.1,2.3,0.7,Other,9,9,10
Joanna Wilson,73,Other,Williamhaven,4.4,7.8,81,9,0.4,1,6,6,0,144,6,2,1.1,0,Gaming,3,9.1,7.7
Nathaniel Brennan,73,Male,Port Anitamouth,5.1,7,75,10,0.2,8,5,9,0.9,68,9,2,1,0.5,Social Media,5,7,7.8
Kristina Mueller,46,Other,Grantmouth,2.3,9.6,67,5,0.7,9,9,3,1.7,138,13,1.8,1,1.6,Education,9,7.3,5.7
Jeffrey Austin,97,Male,Noahton,4.3,7,60,10,2.4,7,2,5,0.8,144,15,2.9,0.7,1.4,Social Media,3,3.1,10
Spencer Ingram,62,Male,New Victoriaville,4.4,5.4,59,10,0.3,10,4,10,0.7,40,6,0.8,1.4,0.8,Gaming,9,2.6,5.9
Samantha Mora,34,Female,North Veronicamouth,4.5,8.2,64,8,0.7,8,7,3,0.1,106,7,3.5,1.5,0.4,Social Media,3,6.9,8.9
Kenneth Bell,59,Female,Janicefurt,6.9,6.7,50,0,3,2,1,1,1,68,10,2.4,3,1.4,Gaming,4,9.5,10
Meredith Garcia,63,Other,Port Erica,2.8,8,57,10,1.3,5,5,8,1.5,62,15,5,1.2,0.5,Gaming,10,5.6,9.2
Cynthia Crawford,66,Female,Adamsstad,6.8,8.3,59,3,0.9,10,6,5,1.4,105,17,2.8,0.7,2.1,Gaming,7,6,10
Amanda Coleman,65,Female,Port Kayla,4.9,5.3,64,10,0.7,2,9,4,1.4,109,8,1.1,3.5,1.2,Gaming,1,2.9,10
Mark Adams,100,Female,Dayfort,4.6,3,61,5,0.5,2,9,9,1.7,108,17,2.6,0.7,1.8,Gaming,4,6,10
Brett Walker,62,Female,Feliciaburgh,5.2,7.7,100,0,0.3,10,2,4,1.2,118,20,3.3,1.5,1.4,Other,3,7.9,10
Kristine Fleming,27,Other,New Danny,2.1,6.7,90,2,1,10,6,5,1.9,28,18,4,0.6,1.7,Education,10,7.3,7.5
Deborah Dean,44,Other,Port Kellyshire,5,5.5,65,3,0,10,1,7,2.1,98,8,3,0,1,Gaming,1,12.3,8.8
Denise Ortiz,75,Female,Ochoamouth,4.9,5.5,92,10,0.3,9,6,6,1.7,139,9,3.8,1.8,1.4,Browsing,4,5.8,10
Colleen White,41,Female,South Christy,6.6,9.3,88,3,0,6,9,2,1.2,102,10,1.6,2.9,1,Other,4,6.8,10
Daniel Johnson,80,Female,Campbellborough,1.5,8.3,52,0,0.5,9,6,8,1.5,107,12,1.5,2.2,0.3,Browsing,10,4.6,5.6
Kelsey Duke,60,Female,Jasmineshire,6.3,3.9,60,6,0.9,1,5,10,0.6,30,16,2.3,0.2,1,Social Media,10,7.7,10
Jill Ray,15,Male,Richardsonport,5.7,4.9,99,10,1.7,2,1,8,0.6,133,17,4.2,2.8,1,Education,7,2.1,10
Gary Foster,80,Male,Joannfort,4.6,5.3,66,4,0,2,5,6,0.7,144,6,3.8,1.9,0.7,Browsing,9,9.2,10
Barbara Evans,61,Male,Frazierburgh,5.7,4.7,51,4,0.6,4,1,3,0.8,59,17,1.4,0.8,0.1,Other,1,4.5,10
Emily Price,98,Other,Lake Danielstad,3.3,6.3,96,7,1,4,4,8,1.7,141,8,1.3,2.5,0.7,Gaming,3,9.7,8.4
Carolyn Dixon,17,Female,Lake Joshuastad,4.3,6.4,54,7,1,5,6,9,1.2,81,19,1.2,0.9,1.8,Education,7,6.5,8.6
Daniel Perez,63,Male,Greerstad,8,4.8,86,10,1.1,1,9,10,1.2,96,16,3.8,2.3,1,Gaming,2,7.7,10
Sonia Smith,65,Other,Lake Logan,5.1,5.4,68,0,1.2,2,4,8,1.3,110,12,3.2,1.5,1.8,Education,3,4.7,10
Bradley Garcia,69,Female,Port Christine,6,6.6,96,2,1.5,7,2,7,1,112,9,3.5,1.9,1.3,Browsing,9,5.7,10
Erin Hall,41,Other,Robinsonville,6.8,5.6,89,7,2,7,1,5,1.6,25,8,2.7,2.1,1.8,Browsing,7,6.8,10
Angel Nielsen,14,Female,Gregoryfurt,6.3,3,84,4,1.6,5,1,4,1.2,37,8,1.4,0.9,0.3,Other,1,1.9,9.4
Samuel Curtis,49,Other,Lyonsmouth,0.4,5.3,81,3,1.3,5,5,4,0.5,22,5,1.8,2.1,1.1,Gaming,6,8.3,3.1
Linda Barry,67,Female,Lovechester,7,5.6,72,0,0.9,3,8,6,1.5,145,17,4,1.9,1.9,Gaming,9,5,10
Madison Hayes,77,Female,South Alyssaview,4.6,6.6,89,0,1.3,1,1,10,0.9,105,11,2.1,2.5,0.8,Gaming,1,6.9,10
Michael Odonnell Jr.,23,Male,East Jessica,2.7,7.7,70,5,1.1,5,5,5,1.2,135,20,2.8,2.3,1.1,Browsing,9,5.4,10
Herbert Lang,61,Male,West Jessica,2.7,8.5,74,10,1,7,8,2,1.7,58,16,0.9,1.8,1.8,Education,4,5.2,5.5
Albert Bradley,5,Male,West Davidhaven,6.8,5.7,55,9,0,9,7,1,1.4,144,10,1.7,0.5,0.1,Gaming,3,6.5,10
Brian Lee,51,Male,Port Darleneview,3.8,4.9,91,3,1.8,4,10,7,1.9,138,12,2.6,0,0.8,Other,7,3.4,9.1
Scott Kelly PhD,96,Male,New Elizabeth,4.4,7.6,82,10,1.8,8,5,10,0.4,146,17,3.5,0.6,0.3,Gaming,10,4.2,10
Christopher Brown,7,Other,Petersonside,4.2,7,53,1,0.7,1,6,6,0.4,85,18,3.1,0.5,1.1,Gaming,6,5.3,9.6
Jeremy Hayes,78,Other,Murphymouth,5.7,5.8,97,1,1.5,5,5,5,1.9,59,19,2.3,2.3,1,Other,1,9.4,10
Charlene Singh,100,Other,Tashaside,3.1,5.7,90,4,1.2,4,6,3,0.6,42,8,2.7,1,1.3,Other,7,5,6.4
Brian Pierce,58,Other,Fordtown,10.9,5.2,54,1,1.9,7,9,7,1.2,68,16,3.2,0.9,1.9,Other,5,6.1,10
Carol Weaver,90,Male,Gibsonchester,8,5.7,65,6,1.7,9,2,6,0.5,89,6,0.8,3.2,0.8,Other,6,3.3,10
John Moss,80,Female,Lisaview,3.5,9.4,83,3,2.5,7,9,9,0.3,38,18,4.4,2.7,2.1,Social Media,1,7.7,10
Ernest Morris,4,Female,Salazarville,4.1,7.4,57,8,1.2,5,9,9,1.4,42,5,2.7,3.2,1,Browsing,7,6.2,8.1
Kenneth Mcintosh,77,Male,New Lisa,4.5,9.3,50,10,1.1,1,2,4,0.8,29,12,2.9,4,0.2,Education,2,5.2,9.7
Peter Acosta,80,Other,North Sonya,2.6,7.2,97,3,1.5,2,2,1,0.3,124,14,1.7,0,1,Browsing,2,4.9,6
Lauren Webb,71,Other,Westton,3.4,7.2,66,4,0.6,8,9,3,1.6,146,8,1.9,0,0.7,Gaming,7,8.5,6.2
Mr. Ian Pierce,55,Female,Brownhaven,6.9,8.1,53,4,0.4,7,2,4,1,110,7,0.7,0.4,0.9,Other,8,7.9,7.6
Beth Hayes,4,Female,Oconnellhaven,1.2,7.2,51,6,0.2,10,10,10,1.2,93,7,2.1,1.8,0,Other,1,3.4,4.8
Katherine Gonzales,39,Other,Lake Jennifer,4.6,8.5,89,7,1.7,8,10,6,0.6,61,16,2.7,0.4,0.3,Other,4,9.3,7.9
Gregory Johnson,46,Other,East Michael,4.1,4,86,10,0.5,3,5,10,1.1,79,6,4,0.7,0.5,Gaming,7,4.3,9.6
Mr. George Durham,31,Male,Moranland,3.1,5.3,97,5,1.5,8,1,6,1.2,139,7,4.1,2.8,1.3,Social Media,2,3.7,10
Jennifer Anderson,65,Male,Duanebury,5.2,7.8,52,6,0,10,9,9,0.6,84,20,3.5,0.5,0.3,Other,6,4.3,10
Cody Larson,37,Other,Kristinbury,3.5,6.8,57,1,0.2,7,2,8,1.8,83,8,1.4,0,1.7,Social Media,10,8.6,4.8
Jared Hoffman,31,Male,East Ronald,1.2,7.6,62,2,2,3,5,8,0.8,97,14,2.6,0.2,0.9,Browsing,9,6.2,4.9
Madison Nunez,44,Female,Alejandramouth,5.4,3.4,66,8,0.2,10,7,5,0.2,106,11,1.2,2,0.1,Browsing,1,4.2,10
Deanna Barnes,95,Male,East Aaronfort,4.8,5.8,93,2,0.3,3,10,6,1.3,64,15,0,1.4,1.3,Education,7,3.4,7.6
Reginald Oconnor,56,Other,Rubenside,3.5,8,74,7,0,9,6,3,1.2,68,19,2.3,1.8,0,Other,10,5.3,8.8
Jason Shaw,7,Female,Port Rachelbury,4.4,3.9,85,5,1.1,4,8,2,0.6,83,17,3.4,2,2.1,Other,9,7.7,10
Karen Fitzgerald,46,Female,Lake Deborah,5.2,7.5,50,5,0.6,3,3,6,1.5,97,18,1.1,0.1,0,Social Media,6,6.7,8.2
Kimberly Roberts,88,Female,Henryfurt,5.8,5.9,62,0,0.4,2,6,4,0.4,87,8,0.9,2.9,0.3,Other,7,5.9,10
Melanie Williams,98,Other,Christianburgh,6.2,6.4,88,8,0.6,2,7,3,0.2,82,12,3.4,1.4,0.4,Social Media,5,7.5,10
Brianna Vincent,38,Male,East Faithstad,3.6,6.6,67,0,0.3,4,2,8,1.6,24,8,0.7,1.3,1.1,Social Media,1,2.6,4.4
Cynthia Burton,70,Female,Johnton,4.9,5.7,88,3,0.7,10,10,5,0.5,36,12,3,3.4,0.7,Social Media,2,6,10
Anthony Nunez,77,Female,Loganberg,6,7.7,55,2,1.6,5,2,7,1,145,20,3.7,2.6,0.3,Social Media,1,5,10
Gregory Jones,26,Male,North Shawn,7.3,5,58,1,0.6,9,9,8,0.5,36,17,1.8,3,1.4,Social Media,7,4.6,10
Deborah Stewart,22,Male,Popefort,2.7,8.6,76,4,0.1,5,7,2,0.8,76,11,0.4,1.6,0.7,Education,7,5.8,4.1
Kevin Salinas,80,Female,South Maria,8.3,7.1,57,6,0,4,2,9,1.6,36,11,4.5,1.1,3,Browsing,6,2.7,10
Tracy Sparks,47,Female,East Daniel,7.5,9,98,10,0.2,10,3,6,0.6,112,6,0.4,0,0.1,Gaming,1,3.8,6.8
Keith Jimenez,25,Other,Nashville,5.1,8.5,85,10,1.4,8,2,1,0.5,122,15,3.2,1,0.2,Education,8,8.7,10
John Bailey,26,Other,Castilloville,3.4,4.8,76,7,0.9,7,1,9,0.8,94,5,3.8,3.1,1.4,Gaming,8,6.7,10
Diana Maxwell,30,Male,North Stephaniehaven,4.7,6.3,72,5,1.7,9,9,6,0.7,25,11,1.6,1.2,1.5,Social Media,2,8.4,7
Jesus Brown,11,Male,New Lindsey,5.3,8.9,93,8,1,8,10,6,0.4,56,7,3.2,0.2,1.7,Browsing,2,6.3,6.8
Hannah Garcia,75,Female,Savannahview,8.3,6.1,82,6,1.6,7,6,3,0.3,106,17,2.2,0,0.7,Gaming,4,2.8,10
William Hernandez,100,Male,Williamborough,6.3,6.3,62,10,1.4,1,5,4,0.2,40,9,2.6,1.1,0.4,Other,3,3.5,9.4
Ashley Floyd,63,Female,Juliestad,7,7.3,65,7,0,7,4,7,0,25,8,2.3,2.3,1.5,Social Media,6,7.6,10
James Taylor,80,Female,Rodriguezmouth,5.3,5.4,73,4,1.9,1,8,10,1.2,137,18,1,3.8,0.6,Social Media,10,6.2,10
Angela Colon,28,Male,Ryanstad,3.7,9.9,50,6,1.9,7,9,9,1.5,147,13,3.3,1.8,0.9,Social Media,7,3.8,9.4
Michael Love,72,Female,North Kathleen,3.5,8.8,77,10,1.5,6,9,2,1.5,127,6,0.8,2.3,0,Gaming,7,2.9,5.9
Brendan Ward,93,Female,Fostermouth,3.3,7.6,70,0,1.8,7,4,8,0.3,51,6,2.8,3.3,0.9,Social Media,10,5.5,7.8
Kristopher Burns,95,Male,South Justin,5.7,3.9,52,8,2,4,10,6,1.2,71,9,1.5,2.8,0,Social Media,7,8.8,10
Martha Moon,100,Female,Carrieberg,4.5,5.4,83,2,1.9,6,6,4,1,24,16,1.5,1.1,0.2,Other,2,6.7,8.1
Christina Clements,82,Female,Port Paul,8.2,6.9,64,9,1.1,6,6,3,0.2,41,9,3.1,0.5,1.2,Other,6,9.2,10
Kelly Gonzalez,13,Female,Mahoneyshire,3.6,6.1,73,6,0,4,10,7,1,37,17,3.1,1.1,1.4,Browsing,8,5.3,8.9
Helen Mcdaniel,65,Other,Phillipstown,7.3,4.7,71,4,0.8,10,7,9,1.4,113,14,3.5,2.9,1.6,Browsing,5,4.9,10
Jacob Santana,72,Female,Bennettmouth,4.1,5.4,75,3,0.7,1,10,1,1,55,18,1.7,0.3,0.3,Gaming,7,9.5,8.1
Kyle Davidson,15,Male,West Keith,3.4,6.9,52,0,0.7,6,5,10,0.8,109,8,3.6,2,0.5,Education,6,8.1,9.3
Carrie Schaefer,22,Male,South Jessica,3.6,9.1,69,9,1.9,1,3,6,1.2,26,18,2.6,0.1,0,Other,8,5,5.9
Raymond Fox,90,Other,Marytown,3.9,6.1,59,10,1.2,6,5,4,1.2,75,7,2.4,2.2,1.5,Browsing,10,8.8,8.4
Adam Chavez,84,Other,Gabrielside,9,6.8,95,9,1.1,5,6,1,0.3,81,14,2.1,0.7,2,Gaming,2,4.2,10
Erica Washington,83,Male,Migueltown,4.8,6.2,98,7,1.1,1,9,1,0.7,79,19,3.4,0.6,1.7,Other,9,1.6,10
Timothy Jones,92,Female,New Scott,5.1,5.2,73,8,1.4,4,1,3,2.1,75,5,3.2,2.2,1.5,Other,7,7.4,10
Mrs. Teresa Francis,67,Female,Ericland,5.5,5.5,50,0,1.2,10,1,9,0.4,93,20,3.8,1.4,1.7,Education,9,7.7,10
Pamela Salazar,75,Male,Vangville,6.3,6.7,97,1,0.3,6,1,2,1,126,15,2,2.7,0.7,Gaming,9,6.6,10
Linda Richardson,26,Female,Laurabury,3.1,5.8,77,3,0,6,4,4,1,140,15,1.1,3,1.4,Other,4,7.3,10
Brenda Castillo,26,Male,Port Tanner,8.7,4.8,93,1,1.7,7,9,8,0.4,26,9,2.3,2.1,0.6,Other,5,3.6,10
Judy Gutierrez,9,Other,Lake Amber,6.1,5.4,82,2,2.1,10,3,9,1.5,98,10,1.4,2.3,0.5,Other,10,7.5,10
Gary Burgess,64,Other,South Rachel,1.9,5.8,77,6,1.7,5,4,6,0.3,133,14,2.3,2.1,2.1,Education,10,6.4,8.9
Lindsey Thomas,74,Male,Cynthiashire,2.7,8.1,90,7,2,5,6,7,1.5,34,16,3.6,1.4,1.8,Education,2,7.7,7.5
Lawrence Ritter,32,Other,South Megan,1.5,5.7,55,8,0.7,8,4,4,1.2,48,19,2,1.4,0.6,Other,3,5.5,6.8
Brandon Tucker,26,Male,Lake Krista,1.6,7.2,67,4,1.2,6,8,3,1.2,75,17,2.8,1.5,1,Social Media,1,3.8,7.2
Ashley Peterson,62,Female,South Gabrielland,8.1,3.8,85,3,0.9,4,4,4,1.1,98,18,3.3,1.9,2.5,Browsing,2,3.9,10
Nicholas Perry,45,Other,West Chris,4.7,5.9,80,10,0.1,2,3,6,0.7,141,9,2.7,2.7,1.7,Social Media,3,6.8,10
Deanna Watkins MD,3,Other,Joneschester,6.3,8,90,9,1.3,4,5,3,0.9,134,20,3.1,1.7,0,Education,1,4.5,10
Morgan Wilson,52,Female,Johnland,3.3,6.7,79,3,0.9,4,3,6,1.2,82,7,1.1,0.7,0.9,Gaming,8,7,4.8
Richard Mccarthy,72,Male,Nelsonland,4.4,6.3,66,6,0.5,2,3,8,0.6,64,8,2.2,1.5,1.2,Other,10,5.9,7.8
Patrick Adams,9,Female,Walkerview,10.6,5.1,94,6,0.4,7,4,9,0.3,77,10,1.7,0,0.4,Browsing,7,3.5,10
Brett Mcfarland,54,Male,Port Michael,0.1,3,76,8,2,6,9,7,0.6,102,10,3.1,1.4,0.8,Social Media,10,5.8,7.1
Tiffany Winters,3,Female,South Lorichester,6.9,4.3,70,7,1.5,9,1,10,1.3,40,12,2.7,1.9,1.1,Browsing,10,8.4,10
Joseph Frazier,37,Other,New Kristopher,5.5,6.2,58,7,1.3,2,1,3,0.7,76,14,1.8,1.2,0.2,Other,5,1.2,9.7
Ashlee Haley,75,Other,Christinaview,8,7.5,83,0,0,8,7,4,1.2,131,7,3.9,0.2,1.2,Education,3,9.4,10
Taylor Donaldson,23,Male,Kaiserside,8.9,6.8,76,8,2,7,3,8,2.2,118,11,0.5,3.3,0.9,Gaming,8,6.4,10
Michelle Robinson,71,Other,Lake Samantha,4,6.8,60,4,1.7,2,4,2,0.7,21,12,2.3,1.5,1.9,Gaming,3,7.1,7.2
Angela Glenn,22,Female,Langfurt,8.2,5.6,55,6,0,5,5,6,0.9,116,14,1.4,2.2,1.6,Social Media,10,8.8,10
Manuel Cobb,45,Female,Powellview,6.1,5.4,55,5,0,10,1,7,0.7,90,9,2.5,3.1,1.4,Other,10,7,10
Jackie Mathews,55,Other,Youngborough,4.6,5.8,73,1,1.1,3,7,4,0.6,127,11,2.2,2.1,1.3,Social Media,8,2.2,10
Mary Johnson,8,Male,Lawrencechester,3.8,6.4,70,5,1.1,7,4,5,0.9,74,19,2.3,0,0.4,Browsing,1,4.2,8.2
Amanda Lindsey,16,Female,North Frank,6,6.4,91,4,2,9,4,3,1.6,38,17,1,1.1,0,Browsing,10,6.2,9.1
Michael Gomez,62,Male,Tristanborough,7,8.1,99,8,0.9,6,5,8,1.1,51,5,4.4,1.7,2.9,Social Media,7,9,10
Carrie Stuart,41,Other,Englishmouth,3.3,6.5,79,10,0.1,5,4,6,1.4,31,7,2.6,2.7,0.3,Browsing,4,4.2,7.4
Anita Todd,32,Female,Shawnchester,4.5,6.8,67,0,1,9,3,9,1.8,95,16,3.8,1.9,0.2,Education,2,5.6,10
Maria Rodriguez,95,Male,East Randall,6.1,7.1,55,3,1,3,5,4,0.7,51,14,1.4,1.2,1,Browsing,7,8.3,9
Jenna Johnson,82,Female,Janechester,3.1,5.3,97,9,1.3,2,4,7,0.1,21,7,2.7,0.1,0.5,Education,8,6,5.1
Patricia Marquez,84,Male,Donaldton,6.4,7.6,61,9,2.1,10,7,4,1.5,125,5,2.2,0.3,0.3,Browsing,5,5.6,8.6
Darryl White,79,Male,Phillipsshire,7.1,5.9,66,3,0.9,10,10,10,0.8,48,6,2.9,0.8,1.6,Browsing,1,6.3,10
Jessica Andrade,28,Other,Port Steventon,6.8,6.8,66,8,1.4,2,9,9,1,77,8,3.5,0.5,0.4,Social Media,4,7.1,10
Gavin Kerr,91,Other,Hopkinsmouth,5.3,6.9,84,3,1.5,5,7,7,0.2,56,6,1,1.6,0.8,Browsing,10,2.8,6.8
Gabrielle Boone,66,Male,North Alexandramouth,5.7,8.2,57,1,1.5,5,8,1,1.3,59,13,1,1.6,0.9,Education,1,3.7,8
Diane Chambers,23,Female,Jonathanmouth,4.8,9.1,55,3,1.2,6,3,4,1.8,87,20,2.1,3.1,1.3,Gaming,10,2.1,10
Johnny Spencer,35,Female,Salasside,5.4,7.2,76,10,2.5,1,6,6,1.5,81,19,3.6,0.4,0.9,Education,1,8,10
Ethan Hopkins,22,Other,North Kayla,3.9,4.9,64,3,1.3,9,10,8,0.9,136,20,2.2,0.9,0.6,Education,2,5,10
Kelly Carroll,12,Male,Elizabethton,7.2,6.1,77,9,0,1,3,2,1.1,26,7,0.8,1.9,1.2,Social Media,1,3.7,8.8
Linda Henderson,73,Other,Blankenshipchester,4.9,6.3,94,0,1.4,3,1,9,0.5,142,13,4.8,0,1.2,Browsing,10,6.8,10
Kathleen Tran,59,Female,West Johnathanborough,8,4.7,71,3,0.9,6,8,4,0.5,84,9,4.4,1.6,0,Browsing,7,7.1,10
Christine Avery,40,Male,Lake Stephenfort,7.8,5.8,82,8,1.6,1,6,4,0.6,65,5,3.4,1.7,0.8,Other,4,5.9,10
Karen Vargas,68,Female,Lake Wandaberg,6,7.7,88,1,1.2,3,1,9,1.2,100,18,1.8,2.1,2.2,Browsing,4,5.6,10
Michelle Choi,40,Male,Carpentertown,6,7.7,98,9,1.7,1,5,5,0.4,55,10,3.9,0,0.1,Browsing,5,8.2,9.2
Matthew Tucker,43,Male,Michaelland,3.1,5.6,88,0,1.6,3,9,3,0.1,74,9,5,0.7,0.9,Education,8,5.3,9.3
Michael Collins,15,Female,North Amy,7.6,6.4,93,0,1.4,1,6,7,0.3,27,7,2.4,2.2,0.5,Social Media,5,8.5,10
Kenneth Matthews,63,Male,Port Christopherfort,5.5,6.3,97,5,1.1,6,2,9,2,126,19,2.5,1.2,1.3,Social Media,4,8.7,10
Jordan Wilson DVM,4,Female,Marieland,7,6.7,91,3,0.4,4,10,7,0,45,5,2.7,2.2,0.8,Browsing,3,6.1,10
Kerri Perez,30,Female,New Ryanchester,5,7,64,3,1.4,9,7,2,1.3,107,9,3,0.4,0.5,Education,10,8.1,8.8
Taylor Pacheco,32,Male,Kimberlyfort,3.6,7.2,66,8,1.4,5,8,7,1.2,36,9,2,1.5,1,Gaming,5,4.7,6
Robert Ward,72,Male,South Ryan,4.8,6.2,76,4,1.3,6,4,3,0.8,43,8,3,0,0,Other,5,5.1,7.2
Cheryl Powell,14,Male,West Brittanyberg,5.1,8.2,54,5,2.1,5,2,5,1.5,97,17,2.3,1.9,1.2,Gaming,8,4,10
Lisa Guerra,69,Male,South Kellystad,4.1,5.4,62,6,1,8,9,6,2.1,62,9,2.3,0,1.6,Other,9,7.1,6.7
Tina Dominguez,98,Other,South Vincent,8.2,5.3,52,8,0.9,9,10,3,1.4,53,8,2.7,1.6,0.6,Browsing,8,8.4,10
Sherry Lawrence,65,Female,North Kristinamouth,3.8,8.2,62,4,0,8,9,2,0.4,133,18,4.6,1.5,1.2,Education,4,3.9,10
John Dawson,77,Female,South David,2.2,7.6,86,5,1.4,1,3,8,1,64,5,1.5,2.3,0.7,Education,7,8.9,4.5
Mark Hartman,56,Other,Tracyborough,6.6,7.3,50,6,1.4,6,9,1,0.6,57,8,1.4,0.2,1.2,Social Media,8,7.4,7.3
Katherine Williams,12,Male,New Joseph,4.9,7.7,85,8,0.6,4,6,5,2.5,55,10,2.9,0.9,1.8,Browsing,1,6.1,8
James Wilson,47,Female,South Jasonborough,7.6,3.8,52,9,0.1,1,10,10,0.8,25,20,2,1.4,1.7,Education,4,2.7,10
Holly Arellano,57,Male,Port Dawnton,5.7,6.8,55,2,0,5,1,10,1.4,35,18,5,0.5,0,Browsing,9,4.9,10
Jeremy Evans,50,Other,Pageview,1.9,5.8,69,5,0.6,2,3,2,0.8,51,13,3.7,2.4,1.6,Browsing,2,5.4,8.7
Elizabeth Moon,80,Male,North Susan,6.1,7.9,51,10,0.3,10,5,10,1.2,127,5,0.9,2.7,1.6,Education,3,3.9,9.3
James Mcclure,42,Female,West Gregory,2.5,7.9,88,9,0.2,10,1,5,0,90,9,3.5,1.7,1.4,Social Media,9,4.3,7.3
Michele Johnson,100,Male,Zavalaton,6.4,6.2,88,0,0.5,9,4,8,0.9,109,17,2.5,3.1,1,Education,8,4.3,10
Maria Simon,64,Female,Timothyfurt,6.4,7.2,89,7,0.3,8,8,1,1,86,8,2.8,0,1.3,Social Media,9,9.6,8.9
Sarah Meadows,72,Male,Lake Jill,4.7,4.6,77,2,1,5,9,3,1.4,77,5,3.3,1.3,1.2,Education,4,7.7,9.5
Stephanie Campbell,94,Other,Phillipsport,4.5,9.8,59,10,0.9,6,8,7,0.9,39,18,2.2,1.6,1.6,Education,2,5.7,7.8
Teresa Alvarez,87,Male,Deniseburgh,5.4,3.9,85,8,0.1,4,3,7,0.3,148,20,3,1.7,1,Gaming,5,8,10
Russell Reynolds,100,Female,Fernandomouth,5.3,7.3,96,10,0.8,3,2,1,1.2,103,7,1.6,1.4,0,Education,4,7.9,8.1
Christopher Grimes,22,Female,Port Johnstad,2.2,6.3,67,6,0.5,9,8,5,1.9,48,19,2.8,4,1.7,Social Media,2,2.8,10
Devon Lawrence,33,Female,Rachelborough,5.6,5.4,95,6,0.1,2,10,3,1.8,38,13,2.1,1.2,0.5,Social Media,5,6.4,9.6
Anne Powers,96,Female,Vargasfort,8.8,7.5,85,5,1.4,10,8,1,0.6,134,19,1.9,1,0.8,Education,8,3.7,10
Tiffany Garcia,12,Other,East Josephfurt,2.9,4.8,51,7,1.8,3,7,3,1,123,13,3.1,2.5,0.7,Social Media,2,5.3,10
Sharon Wright,13,Female,Kellimouth,3.4,9.5,60,0,0,3,3,6,0.5,76,5,2.3,2.7,1,Other,1,7.1,6.2
Brittney Watts,6,Female,East Rebecca,4.9,6.7,95,0,1.3,6,1,4,1.1,59,18,2.4,1.2,0.1,Gaming,6,4.4,9.9
Tracy Hoover,8,Other,Warrenmouth,5.8,5.9,63,4,0.2,3,2,7,1.2,115,18,1.8,2.3,0.4,Other,5,8.6,10
Kendra Fields,95,Female,North Alejandrastad,3.8,6.1,80,1,0.1,4,10,10,1.5,67,6,2.6,2.2,1.5,Education,9,8.8,8.1
Beverly Castaneda,29,Male,Ortizport,5.6,6.1,73,4,2.2,10,6,1,0.7,34,16,3.1,0.5,1.6,Other,9,5.9,10
Laurie Valdez,10,Female,East William,6.5,7.1,60,6,1,1,6,7,0.6,49,19,2.2,1.5,0.4,Other,2,5.3,10
Matthew Glass,21,Other,Wrightfurt,5.2,7,65,1,2.7,5,7,3,0.8,22,7,1.8,3.2,0,Browsing,4,6.4,8.5
Kayla Murillo,71,Female,Davilaborough,4.4,6.4,76,6,1.2,6,1,8,1.6,33,7,3.1,2.6,1.5,Other,5,7.2,9
Sheila Sharp,100,Female,West Kristin,3.8,5.2,80,1,0.4,2,4,3,0.9,71,6,1.7,2.5,0.3,Social Media,2,7.6,8
David Cooper,46,Female,New Robertstad,5.7,7.4,72,2,0.8,1,6,3,1.8,110,16,3,1.3,0.7,Other,8,4.4,10
Garrett Gallagher,4,Male,West Shawnfort,5.6,6.6,51,4,1.1,3,1,2,1.6,122,11,2.1,1.7,1.3,Education,1,6.9,10
Kelsey Johnson,7,Other,Port Lisa,5.8,3.6,95,4,2.5,3,7,2,0.9,61,15,3.9,0.3,0,Social Media,3,7.9,10
Michele Hoffman,89,Other,New Leslie,4.9,9.6,98,8,1.5,6,6,9,0.5,57,16,2.1,0.8,1.6,Social Media,7,9.6,7.3
Kevin Russell,71,Other,South Rachel,5.8,5.5,88,7,0.9,9,10,6,0.6,85,18,1.7,0.1,1.7,Education,4,5.7,10
Jonathan Brown,33,Female,East Austin,5.3,5.8,73,6,1.3,7,5,6,1.5,138,13,1.4,2.7,1.1,Education,4,4,10
Scott Martinez,94,Male,Lake Joseph,8.7,7.7,79,4,1,5,6,7,1.5,48,18,2.8,0.9,1.8,Other,2,5,10
Charles Solomon,22,Male,South Russellville,2.2,4.1,68,9,0,3,9,3,0.9,137,7,1.7,1,0,Social Media,10,4.1,7
Gary Jordan,13,Female,Amystad,6,4.2,56,8,1.1,2,7,1,1,46,9,1.4,1.7,0.4,Social Media,10,5.6,9.7
Matthew Cortez,15,Other,New Deanna,3.9,3,67,4,0.4,7,2,4,1.7,91,20,2,1.4,0.8,Browsing,7,7.8,10
Denise Scott,54,Female,North Janet,7.2,7.8,95,2,1.2,5,6,8,1.2,134,16,2.3,1.4,1.4,Other,7,7.3,10
Sarah Ramos,43,Other,Lake Rodney,4.5,6.4,51,9,1.7,1,8,5,0.8,46,11,0.9,0.8,0.5,Gaming,10,10.7,6.1
Ethan Ortega,81,Male,South Michelle,3.7,7,52,0,2.1,8,2,8,1.6,119,14,3.2,3.4,0.8,Other,5,4.5,10
Michele Guzman,83,Female,Evansshire,2.4,7.2,91,8,0,6,10,9,0.7,136,12,2.5,2.6,0.5,Browsing,8,6.7,9
Ricky Fowler,58,Male,South Territon,6.7,5.6,78,7,0.9,10,8,2,1.9,47,9,1.7,2.6,2.2,Other,1,9.8,10
Karl Doyle,24,Female,Robinsonhaven,4.9,9.3,63,9,1.6,9,7,9,1.1,90,8,3.2,2.6,1,Browsing,1,5.9,9.4
Richard Jackson,65,Female,Kingville,5.1,8.9,62,7,3.5,2,4,7,1.5,80,7,1.7,1.2,1.6,Browsing,8,10.4,6.5
Douglas Lucas,83,Female,Stewartbury,8,6.1,76,5,1.4,7,10,7,0.8,50,15,4,1.6,0,Social Media,8,11.3,10
Michael Garcia,31,Female,Mistybury,4.6,6.2,56,4,1.1,5,9,5,0.7,120,6,2.4,0.7,1.2,Social Media,8,4.4,8.2
Sabrina Kim,15,Other,Jessicaside,5,7.1,55,9,2.2,10,4,7,0.9,86,16,2.1,2.1,1,Gaming,5,7,10
Blake Orr,29,Other,New Manuelstad,4.2,7.7,52,10,0.8,10,9,7,1.6,73,20,2.5,0.9,0,Social Media,2,7.6,9.2
Terry Garrison,95,Female,South Danielchester,5.6,4.5,84,5,0.9,1,2,5,0.8,89,20,2.4,2.1,1.2,Gaming,10,5,10
Karen Ramsey,37,Other,East Katherinehaven,5.8,9.3,86,4,0.7,2,9,6,0.6,44,12,0.2,2.3,1.1,Gaming,8,8,6.9
Shelia Perkins,60,Other,Webbbury,4.4,3.2,57,0,1,4,10,1,0.5,27,5,2.7,1,0.8,Education,3,1.1,8
Angelica Moon,82,Female,North Laurenshire,6.7,7.9,87,8,1.6,9,7,2,0.6,135,14,2.8,1.4,0.6,Other,5,6.5,10
Martin Hammond,83,Female,East Robertville,5.8,7.6,87,9,1.1,10,1,1,1.5,71,8,2.3,0.6,2.7,Other,4,6.2,7.9
Ashley Lin,36,Other,Kennethfurt,6.6,3.6,71,3,2.2,2,9,1,1.2,145,13,3.1,1.4,1.7,Other,5,5.6,10
Emily Wells,14,Female,Lake Ericland,7.6,3.9,81,7,0.7,8,6,7,2.1,50,6,1.6,0,1.3,Education,7,10.1,9.4
Alyssa Soto,57,Male,Christensenhaven,6.4,5.5,82,7,0.5,1,9,9,0.3,64,12,5,0.3,0,Gaming,2,8.7,10
Alexandria Carr,28,Female,Ashleymouth,1.7,5.2,68,9,2.7,5,3,6,1.6,124,8,2.4,1,1.1,Social Media,10,6.7,6.6
Amanda Webster,11,Other,Shawnmouth,5.6,7,85,10,0.9,8,10,5,0.7,141,14,2.5,0,1.5,Social Media,2,8.3,10
Jared Brown,96,Female,Larsonmouth,2.9,8.3,50,1,0,6,4,2,0.7,53,18,2.7,2.9,1,Other,1,3.7,9
William Saunders,8,Male,South Kellyberg,4.2,6.9,87,9,0.2,9,6,6,1,117,13,1.3,2.3,1.1,Browsing,10,2.3,9.3
Traci Nielsen,28,Other,Smithhaven,4.9,6.8,91,3,2.3,7,5,7,1.5,77,16,3,1.9,0.6,Browsing,7,2.1,10
Sarah Lam,70,Female,Dayside,3.8,9.7,75,8,0.8,6,10,4,1.4,115,10,1,2.6,2.2,Browsing,5,6.3,6.8
Connor Burke,47,Other,East Taylorfort,7.1,5,82,0,0.8,10,9,10,1.3,28,15,2.2,0.7,0.6,Other,3,3.2,10
Angel Hopkins,17,Other,North Charles,5.5,5.3,100,8,1.8,7,3,3,1.5,148,20,2.7,0.7,1.5,Education,5,6.1,10
Jessica Walker,16,Male,Claymouth,4.3,6.1,59,10,0.6,4,3,6,0.6,88,15,2,0.3,0.2,Other,8,2.6,8.3
Ms. Megan Doyle MD,74,Female,East Peter,2.6,7.1,78,7,1.4,7,10,8,1.5,129,20,3.3,3.2,0.2,Other,3,8.1,10
Lori Leonard,17,Male,Cunninghamshire,3.4,8,51,9,0.3,10,10,2,0.6,98,6,2.6,2.3,1.7,Other,4,2.7,7.5
Jorge Cox,30,Other,East Nathanmouth,3.5,7.2,65,4,1.2,2,8,8,0.1,113,12,0.8,0.6,1.2,Social Media,2,6,6
Andrew Porter,100,Female,Shaffermouth,7,7.6,87,5,0,7,6,10,0.9,32,18,2,0,0.6,Education,2,4.7,9.4
Isabel Hicks,74,Male,Vickieside,4.3,3.9,56,8,1,2,6,3,1.1,22,11,1.6,1.6,0.4,Browsing,7,3.1,8.2
Jay Higgins,55,Other,Port Zachary,7.5,5,54,2,0.6,5,2,1,1.8,106,18,1.8,1.2,2.8,Gaming,9,6.6,10
Kelsey Kemp,67,Female,Ashleyborough,4.6,7.1,58,7,0.8,9,5,2,0.8,55,14,2.1,1.4,2.5,Social Media,10,4.7,8.4
Matthew Miller,8,Other,Amandatown,4.7,8.9,87,7,1.1,10,4,8,1.3,87,12,3.1,1.4,1,Other,10,3.2,8.9
Donna Jones DDS,33,Male,Port Jerry,5.3,4.4,85,7,2,9,3,3,1.6,49,14,2.4,1.4,1,Social Media,10,5.3,10
Devin Smith,72,Female,Port Cynthia,6.6,7,99,10,3.4,8,6,1,1.2,127,12,3.4,2.9,1.6,Other,5,8.1,10
Kimberly Hamilton,7,Female,South Ashley,4.2,6.5,70,5,1,8,9,1,1.8,71,5,1.7,2.4,1.1,Social Media,7,5,7.5
Richard Nichols,17,Other,New Dustin,5.4,8.7,61,4,0.2,9,9,5,1.6,95,18,3.4,3.1,1.2,Browsing,4,4,10
Nina Kent,13,Female,Thompsonton,1.2,8.2,77,2,1.3,1,2,4,0.8,150,17,2.9,2.3,0.9,Other,9,6.9,8.7
Donna Gregory,95,Female,Hoffmanfurt,3.6,7.7,51,3,0.3,3,1,10,0.9,81,12,2.9,1.5,1.4,Browsing,7,7.5,8.2
Joshua Cox,13,Female,Freyhaven,4.1,6,80,6,1.3,9,2,9,1,149,14,1.8,1.9,1.2,Browsing,1,5.8,10
James Williams,5,Female,Mariaport,6.1,7.3,70,7,0.7,7,4,6,1,123,9,2.9,1,1,Other,4,5.1,10
David Dixon,91,Male,Cynthiabury,3.5,4.5,73,0,2,7,3,5,0.2,60,9,1.7,1.9,0.5,Education,9,6.1,7.8
Jessica Schroeder,75,Other,Port Richardtown,2.3,4.5,61,2,0.3,2,9,3,0.2,78,9,1.9,3.1,0.5,Education,9,6.2,8.4
Kimberly Odom,97,Female,Lake Sarah,5.3,5.9,83,5,1.4,2,2,8,0.4,97,5,2.7,0.9,2.3,Browsing,5,4.7,8.9
Katherine Mcgee,37,Female,Lake Lindaview,4.5,6.3,72,9,2,6,9,10,1.1,93,14,3.1,0.8,0.7,Browsing,9,4.1,9.9
Erica Delgado MD,95,Female,South David,6.6,4.2,61,3,1,6,3,6,1.3,86,13,2.2,3.2,0.7,Gaming,5,5.4,10
Heather Owens,25,Other,Diazside,2.5,9.8,59,4,1.7,3,6,6,0.9,46,9,1.6,0.9,0.8,Education,6,3.3,2.8
Anna Collins,29,Other,East Matthewfort,4.1,6.9,99,8,0,10,2,6,2.2,31,13,1.8,2.2,1.7,Other,10,6.3,7.9
Joshua Charles,34,Male,East Hannah,1.7,7.3,92,7,1.9,6,8,5,1.7,39,12,3.8,1.1,1.3,Education,8,6.6,6.1
Julie Hogan,53,Other,East Staceyton,7.6,5.7,56,1,0,7,1,7,1,75,14,1.6,1.1,1.4,Browsing,6,4.1,10
Juan Johnson,25,Female,Mikaylaton,3.9,7.2,80,3,2.7,10,4,4,0.7,92,16,1.1,2.5,0.3,Gaming,3,6.3,8.9
Tiffany Brown,39,Other,West James,6.2,7.2,58,10,0.7,3,6,4,1,31,12,2.3,0.5,2.4,Social Media,7,7.5,8.4
Kenneth Meadows,11,Male,Lake Kayla,7.3,6.6,99,2,1.8,1,2,9,0.7,30,9,3.8,1.1,0.6,Browsing,7,6.4,10
Bradley Gomez,19,Other,Cookbury,8.4,6.9,75,0,1.8,1,6,4,1.3,48,10,1.3,1.7,0.3,Browsing,5,3.8,10
Melanie Singh,97,Male,Lake Ambershire,0.6,7.9,100,5,1.3,6,8,2,1,65,13,2.9,2.1,1.4,Other,3,4.6,5.6
Cynthia Bullock,31,Other,Beckborough,7.1,4.9,66,3,0.6,10,7,1,0.4,121,14,3.2,1.4,0.8,Education,3,5.5,10
Jeffrey Banks,25,Other,West Barbara,3.3,5.3,51,2,1.6,5,2,3,0.8,102,15,0.6,1.8,0.8,Gaming,1,3.5,8.1
John Ramos,92,Male,Gomezport,1.3,7.6,66,5,1.7,1,3,1,1.7,69,16,2.8,2.1,0.6,Gaming,10,3.3,7
Jonathan Martinez,98,Female,Oliverview,5.6,6.5,87,3,1,7,5,3,0.6,118,13,2.4,0.6,1.1,Education,7,2.9,10
Kelly Jones,84,Male,Lake Daltonhaven,3.4,6.1,99,8,0.2,10,5,10,1.3,85,19,2,1.6,0.3,Other,4,4.2,9.4
Cindy Mason,88,Female,Lake Benjamin,3.5,7.6,55,5,0,10,9,3,1.4,133,7,1.8,3,2.1,Other,4,4,8.6
Melanie Walsh,48,Male,Aprilmouth,4.3,4,57,5,1.9,8,9,5,0.5,116,14,3.2,1.2,0,Browsing,4,5.4,10
Jay Davis,33,Male,Michaelfort,5.1,7.6,88,4,2.2,5,5,5,0.6,105,11,2.9,1.9,1.4,Education,6,8.2,10
Elizabeth Ayala,42,Male,Edwardton,2.5,6.2,75,7,0,10,5,7,0.9,112,12,3.5,2.6,1.5,Other,9,5.6,10
Nicholas Fisher,94,Male,Jasminemouth,6.3,3.7,71,2,0.5,5,9,10,0.8,120,7,2.5,1.8,0.8,Other,5,5.7,10
Elizabeth Clark,93,Male,Hallfurt,4.5,6.1,77,7,0,5,9,7,1.1,114,17,2.4,1.6,1.4,Education,6,5.7,10
David Good,89,Male,Katrinaberg,5,6.8,51,6,0,10,7,9,0.4,150,9,1.7,0.6,0.7,Other,1,5.9,8.7
Sandra Parker,90,Male,Micheleton,8.5,9.3,69,4,0.5,8,6,7,1.6,119,13,1.8,2.1,1,Browsing,10,5.5,10
Jill Espinoza,47,Other,West Veronicabury,4.9,6.3,85,3,0.7,10,7,1,0.6,88,10,3.7,2.2,0.8,Other,5,3.4,10
David Solis,75,Female,Nicoleshire,6.2,7,59,1,1.4,2,1,1,1.3,84,19,2.4,2,2.6,Browsing,5,9.6,10
Alyssa Mayer,38,Male,Rodriguezton,1.3,3.4,68,9,1,1,10,9,1.4,95,5,2.1,0,0.7,Other,2,7.7,4.6
Christian Rivas,6,Female,South Spencer,2.3,4.1,54,7,1.3,10,4,10,1.9,97,12,0.9,3.1,1.7,Browsing,5,12.3,8.6
Brittany Martinez,56,Other,North Ryan,5.7,6.4,87,10,1,1,7,4,0.1,142,19,1.6,1.6,0,Social Media,2,6.5,10
Jennifer Thomas,38,Male,Charlesfort,5.5,10,61,0,0.5,8,9,7,0.7,81,10,2.7,1.2,0.4,Social Media,5,6.7,8
Shannon Gonzalez,78,Other,Joannashire,4.4,6.2,52,10,1.1,2,5,4,1.3,57,6,3.7,0,1,Gaming,3,9.3,7.3
Christopher Moses,46,Female,East Richardbury,2,5.1,68,6,0.4,3,5,2,1.4,30,16,1.2,1,2.7,Browsing,9,6.1,5.4
Robert Smith,23,Other,Millerland,4.8,6.4,99,0,0.5,1,4,9,1.1,143,12,2.2,1.5,0.7,Other,8,5.5,10
Brandon Barber,99,Female,Carterland,6.4,6,65,4,0.2,5,5,8,1,53,19,1.8,3.3,0.5,Gaming,9,6.9,10
Michael Ware,81,Female,New Cynthiafurt,2.6,8.9,72,5,1.5,6,6,6,1.4,127,15,3.5,0.5,1.4,Education,1,5,7.7
Jeffrey Hall,97,Other,East Sherriview,7.1,7.8,74,3,0.6,4,3,9,1.2,87,8,0,1.9,0,Education,9,8.6,8.4
Charles Davis,69,Other,Andrewton,6.5,4.4,81,10,2.4,4,8,5,1.6,20,11,3.9,0,0.8,Social Media,10,7.3,10
Tiffany Burns,54,Other,Lake Hollychester,5.6,7.4,87,0,2,4,5,6,0.7,98,10,2.4,3.4,0.1,Other,2,8.4,10
James Collins,28,Male,Curtishaven,4.1,5.2,72,7,0.9,6,3,8,1,30,6,1.3,1.3,2,Other,7,5.4,5.9
James Gutierrez,41,Male,Port Tracy,5.1,4.6,94,8,1,2,4,9,0,84,19,2,1.9,0.8,Browsing,4,6.5,10
Ashley Choi,95,Male,Lake Jonathan,2.8,7.9,99,5,1.3,1,5,5,1,86,13,2.5,1.8,1.4,Browsing,2,1.3,7.5
Corey Reese,34,Male,Edwardsburgh,5.9,4.1,63,1,1.4,8,7,8,0.9,119,17,1.5,3.1,1.4,Browsing,10,9.6,10
William Mcintyre,31,Male,Lake Teresa,1.4,7.4,79,10,0.1,1,8,4,0.7,21,6,1.8,0.3,0.4,Browsing,1,6.3,1.4
Logan Perry,98,Other,East Erika,6.4,6.6,72,9,0.4,8,1,8,1.4,105,19,2.1,1.4,1.6,Education,10,5.3,10
Amber Macias,45,Male,Mayostad,3.4,8.4,81,7,0.3,2,7,3,1,98,17,2.2,2.2,1.2,Education,9,8.1,9
David Wilson,93,Female,New Williamside,5.5,6.6,100,8,0.7,10,9,8,0.7,58,19,2.7,0.5,0.8,Other,9,4.8,10
Tyler Thomas,57,Female,East Steven,3.1,4.2,69,1,0.8,8,6,8,1.5,71,16,2.1,0.9,2.6,Social Media,7,12,8.6
Jeremy Nelson,53,Female,Marcusmouth,6.3,8.4,84,8,1.6,9,8,5,1.4,58,5,3.2,1.7,0.5,Other,8,8.1,9.2
Joshua Bryant,42,Male,South Joshuastad,5.4,7.9,83,5,1.8,4,2,2,0.6,91,14,1.5,2.7,0.7,Education,10,5,10
Michael Jordan,29,Female,Rileyville,5.1,5.7,98,5,0.3,6,2,3,0.6,45,6,2.8,0.3,1.2,Social Media,8,9.3,7.5
Angela Simmons,4,Female,Powellberg,7.1,7.3,85,6,0,9,7,5,1.1,92,11,2.8,1.3,0,Education,8,7.5,10
Alicia Holmes,61,Female,Coxburgh,7,5.5,69,10,1.7,5,4,9,0.8,114,5,1.9,0.7,1.2,Other,10,5.8,10
Robin Shelton,58,Male,Gutierrezburgh,7.2,8.4,96,4,1,9,1,2,0.8,24,5,2.9,0.8,1.1,Browsing,10,9.6,8.2
Kimberly Munoz,14,Female,South Deborahland,4.5,6.7,80,7,1.4,6,1,5,1.1,49,15,3.4,1.2,1.7,Browsing,2,6.8,9.7
Jennifer Villa,30,Other,East Anthonyton,3.3,8.2,72,5,1.5,9,8,7,0.6,67,15,2.7,2.3,0.7,Social Media,10,4.4,8.5
Tyler Villanueva,64,Male,Whitneychester,3.9,5.5,70,10,1.1,2,6,4,0.8,51,10,1.3,1.8,0.2,Other,1,4,7.3
Garrett Walker,12,Other,Port Dustinburgh,5.2,6.8,70,9,1.1,4,7,3,1,84,15,1.3,0.8,0.9,Browsing,7,6.8,8.6
Mrs. Kayla Morris,98,Male,Ambertown,2.5,7.6,82,4,0.9,9,3,1,1.6,43,18,1.8,2.7,2.3,Education,4,6.7,7.7
Denise Green,63,Female,Baileyville,6.9,7,79,4,0.9,6,4,7,0.9,73,12,2.9,1.6,0.7,Other,4,4.1,10
Adam Young,15,Male,Port Michaelton,1.3,8.7,62,0,1.1,1,1,7,1.6,135,11,2.3,1.7,1.7,Social Media,9,7.8,5.8
Dawn Green,8,Female,New Johnberg,7.5,6.6,58,5,0.1,6,2,7,1,77,16,0.9,0.9,1.7,Social Media,6,7.6,10
Marcus George,19,Female,Johnberg,3,6.1,81,1,0.5,4,8,6,1.6,103,6,2.4,1,0.7,Other,4,5.1,6.6
Dr. Shelly Miller,58,Male,East Randy,4.5,6.9,84,4,1,6,9,3,1,48,12,1.8,1.7,0.5,Social Media,6,3.6,7.9
Jennifer Reed,42,Other,Chenborough,4.1,3,93,9,0.7,7,4,5,1.1,81,15,3.6,1.2,1.7,Education,3,4.7,10
Steven Pineda,49,Other,Reginafurt,4.3,6.7,64,9,0.2,2,4,6,0.4,123,5,3.8,0,0.3,Other,4,4.7,8.2
Holly Flowers,21,Male,Robertview,7.2,9.8,86,4,1.2,3,3,5,1.1,140,20,1.9,0,0.9,Other,5,8.3,10
Phyllis Miller,31,Other,North Joshua,5.3,6.3,82,7,1.7,10,6,4,1.2,59,17,3.1,1.3,0.6,Other,8,10,10
Kylie Tucker,26,Female,West Jessica,0.8,8.9,59,8,0.9,4,6,7,1,138,9,3.3,2.9,1,Other,7,10,7.1
Gregory Hudson,23,Other,Glennmouth,5.6,6.3,53,5,1.5,5,7,8,0.8,82,10,1.5,0.6,1.7,Gaming,9,6,8.2
Courtney Rice,56,Other,Lake Jacobbury,7.7,5.4,62,6,0.5,8,6,5,1.5,46,5,2.5,2.5,0.5,Education,10,3.8,10
Rita Wilson,24,Other,New Anita,3.6,4.8,95,3,0.1,9,9,3,1.3,89,10,3.9,2.1,2.4,Other,10,5.8,10
David Howell,66,Other,New William,6.1,4.8,68,0,2.4,6,8,5,0.8,87,19,4.2,0,1.7,Other,8,5.1,10
Bobby Anderson,50,Other,East Mary,4.2,3.8,93,4,1.2,2,2,7,1.1,96,14,3.2,1.7,0.9,Social Media,7,8.1,10
James Woodward,86,Female,North Micheleton,4.8,7.2,68,6,1.3,4,9,2,1.4,53,16,3.6,0.8,1,Education,9,7.2,9.9
Edward Krueger,92,Other,New Rachelfurt,7.8,7.8,57,2,0.2,6,1,6,1.3,147,19,0,2,0,Other,7,8.3,10
Joseph Gallegos,76,Female,East Sarahmouth,5,7,67,10,1.3,9,3,2,1.1,65,12,1.7,0.8,0.6,Other,10,5.9,7.7
Julie Jackson,80,Other,Judithton,5.3,8.9,98,4,0,7,2,1,0.9,59,10,2.5,0.5,1.5,Social Media,1,10.5,7
James Adams,79,Female,North Cristina,4.8,6.7,65,4,1.1,10,4,3,0.4,67,6,3.9,2,0.9,Browsing,10,6.8,9.9
Kendra Graham,29,Male,Sarabury,8.5,6.4,75,1,0.9,3,3,10,1.1,149,12,3.2,0,0.7,Education,8,2.9,10
Kristin Lopez,34,Male,Lorraineview,8.4,7.1,75,0,0.7,8,9,1,1.5,46,17,2.2,1.4,0.1,Browsing,6,7.3,10
Barbara Diaz,17,Other,Lake Raymondfurt,4.4,7.5,87,6,0.1,10,10,8,1,102,17,1.1,1.5,1.8,Other,10,3.7,8.7
Darren Johnson,67,Other,Port Dan,5.2,7.2,86,2,0.9,10,4,6,1.5,50,19,2.6,1,2.4,Education,6,5.2,10
Jeremy Trevino,43,Other,Port Dawn,4,7.2,79,2,1.6,7,4,1,1.9,112,14,4,2.1,1,Social Media,10,5.5,10
Taylor Jones,89,Female,Palmerton,2.9,4.7,63,0,0,3,8,4,1,90,19,1.6,0.6,0.4,Other,8,6.9,8.4
Brenda Smith,33,Male,Charlesburgh,5.5,8.3,84,7,0.9,10,7,2,1.1,133,20,2.8,2.4,0,Other,4,7.5,10
Joshua Cox,8,Male,Davidsonland,6.3,6.1,98,0,0.7,2,6,10,0.5,113,14,3.2,0.4,1.3,Other,2,2,10
Bryan Scott,16,Female,Port Jennifer,6.1,4.2,92,7,1.3,4,6,8,1.2,30,12,2.1,2.4,1.7,Social Media,4,6.7,10
Jason Stone,18,Female,Padillaburgh,5.9,3.8,50,7,1.4,4,6,3,1.3,129,14,1.4,1.4,0.4,Gaming,2,9.3,10
Robert Dorsey,19,Other,Lake Jesus,2.5,6.6,84,4,1.1,7,4,6,0.9,38,20,3,2.4,0,Browsing,3,3.8,9.4
Trevor Washington,78,Male,West Austinmouth,4.9,5.8,75,1,0.6,7,2,6,1.5,44,6,1.8,1,0.3,Gaming,4,9.1,6.9
Kimberly Wells,7,Female,Carterside,8,8.5,51,5,1.5,8,7,6,0.3,68,14,1.7,1.7,1.4,Browsing,9,9,10
Kristi Peters,47,Female,Shannontown,4.7,5.2,92,2,2.1,6,5,6,1.2,110,20,2,1.8,1.5,Gaming,2,7.3,10
Anthony Garcia,54,Other,Eugeneville,5.1,5.7,76,8,0.2,6,8,2,0,145,11,4.3,2,0.3,Other,7,4.1,10
David Young,14,Female,West Kristen,6,5,89,0,0.8,5,6,4,0.6,140,15,2.7,0,1,Gaming,5,5.3,10
Omar Hodges,92,Female,Port Christopherport,4.6,4.4,80,9,2.1,3,7,5,1,99,6,3.6,1,0.5,Other,7,4.9,10
Roberto Price,52,Male,New Josephtown,6.9,8.4,60,1,0.7,2,4,9,1.6,140,16,2.8,3.1,1.3,Gaming,8,5.8,10
Deborah Miller,66,Female,North David,3.4,8.6,63,1,1.8,1,3,3,2.5,110,6,4.9,1.1,2.2,Social Media,8,3.2,8.5
Keith Mccarthy,56,Female,Lake James,4.8,5,58,5,1.2,6,10,4,1.3,21,15,2.7,0.5,1.5,Gaming,10,7.3,8.9
Emily Jones,45,Other,West Valeriefort,4.7,6.3,100,3,0.3,9,2,6,1.5,46,18,2.9,1.9,2,Gaming,8,8.1,10
Christina Miller,4,Female,Richardfort,1.8,7.4,75,2,0.6,7,2,1,0.9,122,19,1.5,1.9,0.2,Browsing,9,8.6,7.7
Diana Ford,32,Male,Timothyview,4.5,7.3,71,2,1.1,1,9,3,0.9,131,6,2.9,0.7,1.9,Education,4,5,8.3
Jennifer Brown,13,Male,Lake Lisa,1.3,5.9,86,6,1.4,1,8,4,0.8,89,20,3.5,2.6,1.2,Browsing,3,8.5,10
Tyler West,100,Female,Lake Michael,3.7,6.6,63,10,0.1,7,3,5,1.2,42,14,2,2.4,1.1,Other,10,8.4,8.4
Anne Duran,45,Male,Gibsontown,7.3,6.4,51,5,0,1,9,6,1.3,52,19,3.1,2.9,2.8,Other,10,9.8,10
Taylor Miller,51,Male,Port Crystalview,6.1,6.1,69,6,0.6,8,9,7,0.5,85,11,4.4,0.3,1.2,Browsing,6,5.8,10
Krista Young,87,Other,Dillonchester,5.5,6.3,62,8,1.5,10,2,7,0.6,113,10,3.8,0.3,0.1,Other,7,5.4,10
Miranda Baker,3,Male,North Melissaborough,5.9,7,79,0,1.1,7,6,7,0.3,40,19,0.5,0.3,1.5,Education,4,4.6,7.8
Tammy Stewart,30,Other,West Cynthia,3.2,5.2,86,4,2.1,8,3,5,1.3,50,13,2.3,0.6,2.4,Education,3,4.4,7.1
Brittany King,26,Female,East Janet,3,10,96,2,0.5,9,1,10,1.3,134,10,1.9,1.5,1.2,Gaming,1,4.7,6.1
Garrett Brown,33,Other,Barajasshire,2.6,5.4,86,6,0.8,6,9,3,0.9,90,12,2.9,1.4,1.3,Education,4,5.9,8.4
Catherine Mcgee,81,Female,Meyersside,2.7,6.1,96,0,0.8,7,9,2,0.7,110,5,2,2,0,Education,6,2.9,6.8
Christopher Boyle,49,Female,Calvinmouth,8.8,7.6,88,8,1.5,3,1,5,0.8,52,8,1.9,1.5,1.9,Gaming,1,5.2,10
Sabrina Murphy,33,Other,West Virginia,4.4,9.4,67,1,0.6,7,6,6,1.6,31,13,1.8,1.3,0.2,Gaming,1,4.2,6
William Baker,36,Other,North Jennifer,4.3,4.8,60,4,2.2,4,2,3,1,127,14,1.6,1.9,1.1,Gaming,4,6.6,10
Tracy Perez,72,Male,New Andrew,4.7,7.9,85,3,1.4,7,5,4,0.4,33,19,1.8,1.4,1.3,Education,3,4.3,8.4
Robert Cannon,76,Male,New Maria,7.6,6.8,92,7,1,2,9,8,1.6,50,9,2.8,2.5,1.4,Browsing,10,10.2,10
Samuel Taylor,36,Female,Ramirezview,5.2,9,99,1,0.4,5,7,1,0.6,64,16,2.3,0.5,1.2,Browsing,7,8.7,8
Pamela Alvarez,27,Male,Port Matthew,6.4,6.9,82,1,0.7,2,6,6,1.4,56,10,1.4,1.9,1.8,Other,2,1.6,9.4
Christopher Park,97,Other,Hopkinsstad,6.7,6.7,63,8,2.5,8,4,5,1.2,111,11,2.5,2.2,1.2,Social Media,9,7.9,10
Jorge Miller,35,Male,New Kellystad,3.1,7.1,100,2,2.1,8,3,5,0.5,80,7,1.8,0,1.8,Gaming,9,6.1,4.4
Johnathan Benitez,88,Male,Cantuport,4.6,4.8,67,6,0.2,5,5,1,1.6,141,18,2.7,0.3,1.1,Education,6,5.1,10
Gregory Foster,35,Other,New Samantha,5.1,8.8,99,1,2.6,5,8,10,1.2,140,16,1.7,2.5,1,Other,5,7.3,10
Amber Juarez,95,Other,Jonathanton,1.7,6.1,93,6,0,7,1,4,0.9,54,8,4.3,2.6,0.9,Gaming,6,3.1,8.2
Michelle Green,95,Male,Michelemouth,1.5,10,69,5,1.4,1,1,7,1.5,24,16,2.9,1.3,0.8,Other,2,4.3,4.4
Christopher Smith,33,Other,Lake Jessicamouth,4.9,6.9,69,6,1.9,9,5,2,1.6,139,19,3.5,0.6,0.9,Social Media,8,5.7,10
Amanda Castro,61,Female,East Larry,7.9,6.8,53,1,0.8,6,8,3,0.6,29,14,2.7,1,1.7,Education,4,8,10
Mark Steele,15,Female,New Peterborough,6.1,5.4,65,10,0,4,4,8,1.1,111,15,2.2,0.7,1.5,Gaming,2,6.8,10
Gina Turner,82,Other,North Briantown,4.3,9.3,81,3,2,8,9,7,0,111,16,2.2,1.9,0.1,Other,3,7,9.2
Joshua Murillo,12,Female,East Jacob,6.6,5.5,71,3,0.8,5,6,4,0.1,40,13,2.2,2.3,0.4,Education,8,6.7,10
Jill Baldwin,49,Male,Port Lisa,6.7,7.6,95,2,1,1,5,1,1.8,136,17,3.7,1.5,0.7,Social Media,8,6.6,10
Melissa Scott,98,Female,Alecville,4.7,10,93,1,1.7,5,4,3,1.3,127,10,3.8,2.4,2,Education,5,2.4,10
Cynthia Hill,73,Female,New Seanfort,5.5,5.4,83,8,0.1,8,1,5,0.8,104,6,1.3,1.1,1.2,Other,6,7.5,8.5
Sabrina Thompson,43,Female,Lamberthaven,3.2,5.9,79,3,1.9,6,3,2,1.5,33,17,3.2,1.4,2,Education,5,5.9,8.9
Sheri Chavez,76,Male,Port Cindyhaven,7.5,6.2,76,6,0,4,1,6,1.7,42,20,2,3.2,1.1,Browsing,8,10.7,10
Dr. Kevin Smith,74,Male,Devonfurt,6.3,8.1,51,2,1.4,5,3,4,1,76,6,4.2,0,0.6,Browsing,1,5.3,9.2
Janet Stevens,67,Male,Markview,4.2,6.2,50,8,1.2,8,3,6,0.6,20,12,1.5,2.8,1.1,Education,2,4.8,8.2
Mr. William Flores,52,Other,Williammouth,0.4,4,81,5,2.5,4,5,5,1.3,37,9,2.1,0.9,1.6,Other,2,6.6,3.9
Joseph Meyer,48,Other,Rangelfurt,3.5,5.5,83,2,2.1,3,8,1,1,37,20,3.2,1.2,1.6,Browsing,6,6.4,9.9
Margaret West,65,Other,Schneiderhaven,5.4,5.9,62,9,3,10,4,1,1.3,39,15,3.6,1.6,1,Browsing,6,5.8,10
Andrea Martinez,31,Other,Robertmouth,4.7,6.8,59,8,0.6,4,8,9,0.8,99,11,3.1,1.3,1.2,Gaming,7,6.5,9.9
Jerry Holt,25,Male,Caintown,3,6.6,96,1,1.3,5,4,1,1.3,116,10,1.9,0.8,1.2,Education,5,6,6.7
Jodi Davis,2,Female,South Kariside,6.4,6.3,96,1,1.9,1,10,4,0.9,82,6,0.7,1.4,1.8,Other,7,4.9,8.2
Kenneth Rivas,2,Female,New Davidborough,6.3,6.3,61,8,1.6,8,1,5,1.6,76,17,1.7,2.1,0.3,Education,2,5.8,10
Ryan Williams,90,Male,Lake Jasonchester,4.4,5.3,66,1,0,4,4,10,0.7,111,10,4.1,1.7,0,Other,8,4.7,10
Scott Zimmerman,20,Other,Delgadoport,3.5,4,54,6,1.1,1,6,8,0.7,69,13,2.6,1.2,2.1,Education,7,6.8,9.3
Anthony Sanchez,76,Other,Keithland,1,5.9,83,9,1.2,4,7,7,0.8,84,17,2.1,2.9,1,Social Media,9,6.6,8.1
Andrew Velazquez,59,Other,East Michael,4.9,6.7,87,2,1.2,6,5,9,1.3,44,17,3,2.9,1.3,Browsing,3,3.2,10
Michael Fleming,67,Male,Daltonfort,2.6,6.1,94,3,1.2,5,5,3,1.1,128,17,2,0.3,1,Gaming,4,11.2,7.8
Casey Santos,69,Female,New Virginiaport,2.7,5.1,69,9,0.6,9,2,3,0.7,139,11,2,0,1.1,Browsing,7,6.3,7.1
Jessica Howard,3,Male,Bauerside,6.5,5.3,57,1,1.8,7,4,4,0.9,44,13,2.7,0.5,1.4,Education,6,8,10
Mary Taylor,45,Male,South Matthewburgh,3.5,5.9,63,0,1.6,10,1,10,1,62,9,2.4,0.5,1.1,Social Media,8,4.8,6.5
Dr. Hailey Lewis,95,Female,Lake Traviston,2.7,6.9,67,9,0.8,6,2,1,0.1,115,18,4.1,1.7,1.2,Other,1,6.4,10
Nicholas Estrada,52,Male,New Tara,7.3,8.8,71,9,2.3,6,6,3,0.6,104,8,2.4,1.3,2.4,Gaming,3,6.1,10
Troy Moon,11,Male,Brucefurt,4.7,6.3,91,0,1.9,9,5,7,1.4,43,19,1.5,1.9,0.9,Other,3,7.2,9.6
Matthew Collins,9,Female,Clementshaven,4.5,5.9,64,2,1.2,4,10,2,1.3,56,13,3,0.7,0.2,Social Media,4,4.3,9
Phillip Warren,2,Other,Port Markbury,9,7.1,82,5,1.3,4,5,7,1,149,8,1.7,1,0,Gaming,4,0.9,10
Allen Cummings,47,Male,Smithberg,7.7,7.3,74,8,2.3,9,2,3,1.4,63,8,2.5,3.5,1.7,Gaming,5,4.8,10
Tanya George,2,Female,Banksside,4.2,5.9,79,0,1.4,4,1,1,0.5,64,11,1.9,2.7,0.6,Gaming,8,5.4,9.3
Jennifer Bates,85,Female,Isaacstad,3.3,4.4,70,4,1.2,8,4,10,1.1,22,17,0.8,1.2,0.8,Browsing,7,7.1,6.9
Mr. Matthew Johnson,51,Female,Petersstad,4.9,4.9,66,6,0,5,1,8,1.2,57,15,3.8,0,0.5,Gaming,7,8.8,10
Natasha Robinson,34,Other,Apriltown,6.6,7.5,93,4,1.2,5,4,4,1.1,75,7,2.5,0.6,1.3,Education,5,5.7,8.8
Mary Cox,17,Male,Shannonview,7.6,6.1,71,7,1,2,10,10,0.4,49,13,3,2.2,0.1,Education,3,7.7,10
Chris Chase,70,Other,North Jennifer,8,6.7,67,5,0.3,5,10,7,1.5,43,7,2.1,1,0,Education,6,8.6,10
Darryl Bryant,62,Other,Jacquelinehaven,5,5.5,76,4,0.3,8,10,9,1.1,85,20,1,0.7,1.6,Social Media,8,5.8,9.6
Catherine Hernandez,3,Male,Lyonstown,3,6.8,77,7,1.7,10,5,7,1.3,119,8,3.4,1.9,0.2,Gaming,7,3.6,8.9
Jared Walker,73,Other,New Kimberlyberg,5.2,7.4,93,4,2.3,2,7,5,1.9,47,15,1.4,1.5,0.8,Gaming,5,6.4,8.3
Robert Bennett,92,Other,New Dana,8.5,7.3,60,6,1.6,8,1,3,1.1,149,5,2.9,1.7,0.5,Other,8,6.8,10
Rose Figueroa,24,Male,Robertohaven,3.4,6,50,9,0.9,1,10,5,0.3,150,5,1.6,0.3,1.2,Social Media,5,4.7,6.3
Katherine Payne,8,Male,North Donnaberg,4.4,5.4,63,3,0.5,9,5,2,1.2,91,11,3.1,2.1,2.2,Education,9,7.9,10
Nicholas Weeks,86,Male,East Robertoborough,1.3,7.3,83,7,1.5,2,6,7,0.8,51,17,2.4,3.1,0.7,Education,2,6,7.6
Joshua Woods,84,Female,Michaelfurt,3.1,5,91,2,0,2,3,6,1,40,14,3.1,3,1,Social Media,4,7.8,10
Cheyenne Quinn,83,Female,South Hectorton,5.9,7.2,64,7,0.6,7,2,10,1.2,58,20,1.6,1.5,1.5,Gaming,6,3.4,10
Kelly Phillips,80,Female,Lewischester,6.6,7.5,68,5,0.8,4,3,4,1.1,27,20,1.9,2,0.1,Gaming,10,6.1,10
Louis Le,33,Male,Lake Joseph,5.8,8.1,70,9,0.4,8,8,6,0.3,46,6,2.6,1.3,0.7,Other,6,8.6,7.8
Aaron Scott,21,Female,Port Jamesland,1.5,8.6,66,4,1.9,1,5,6,0.9,106,5,4,3.8,0.2,Browsing,5,6.8,8.1
Gina Davis,8,Male,Keithview,6.4,9.3,51,2,0,4,6,6,1.5,86,6,1.8,2.4,1.2,Education,7,5.5,8.9
Regina Burton,14,Female,Ashleyland,0.9,8.8,84,6,1.4,10,6,1,0.5,23,7,1.3,2.4,0.2,Social Media,4,10.2,2.1
Nicole Jimenez,98,Other,Lake Anthony,0,5.4,69,8,2,6,10,6,1.5,136,8,3.3,1.2,0,Gaming,3,3.7,6.1
Paula Rivera,67,Female,West Jenniferport,5.1,5.3,50,3,1.8,10,7,10,1.7,43,11,3.6,1.3,1.5,Gaming,1,6.8,10
Kimberly Villanueva,96,Other,East Lance,2.9,7.8,89,10,0.4,2,9,10,1.5,65,7,3.3,1.6,1.3,Other,9,9.1,6.6
Ralph Hodges,44,Female,Chasefort,5.2,7.3,76,1,0,1,5,4,0.8,99,15,5,2.2,1.3,Gaming,9,7.8,10
Felicia Torres,41,Female,North Codyburgh,7.1,7.4,86,1,0.1,6,6,5,0.5,94,11,2.7,2.1,1.8,Gaming,8,4,10
Renee Dean,22,Female,Lake Jacobmouth,3.5,7.8,50,9,0.5,10,2,9,1.7,81,17,0.5,1.2,2.9,Education,4,6.5,6.3
Johnny Klein,60,Female,East Juantown,1.2,7.2,66,0,0.4,1,1,5,1.6,29,15,3.8,0.6,0.4,Education,7,8,5.6
Eric Nicholson,25,Male,Gallegosstad,3,8.8,73,8,1.5,2,4,1,0,65,13,2,2.5,0.6,Education,10,5.7,7
Brandy Lindsey,78,Female,Bennettshire,5.4,3,78,10,2.6,9,6,10,0.9,117,12,2.3,1.1,0,Browsing,3,6.2,10
Tiffany Bailey,10,Other,Michaelstad,2.9,5.5,85,9,0.2,7,3,2,0.3,126,15,2.8,1.8,0.8,Browsing,9,3.8,10
Leslie Perez,68,Other,West Amybury,7.7,6.8,85,9,0.8,6,10,9,0.4,76,10,3.2,1.2,0.4,Other,8,1.9,10
Cody Scott,25,Female,West Amy,4.9,10,78,5,2.5,7,10,2,1,59,14,2,0.3,1.4,Gaming,5,7.9,6.2
Jeremy Wright,83,Other,Woodsborough,3.2,5.1,62,9,1.5,3,7,3,1.1,130,12,3.7,1.7,2,Gaming,1,3.7,10
Erica Johnson,2,Female,Lake Benjamin,7.3,10,96,6,2.2,3,6,2,2.4,99,17,2.1,0.1,1.6,Other,7,5.5,9.9
Edward Reyes,45,Other,Tiffanymouth,6,5.5,67,0,0.1,6,1,6,2.1,37,10,1.7,0.7,0.8,Gaming,8,8.6,8.4
Sarah Lopez,43,Other,Port Christophershire,7.8,7.6,89,7,2.1,7,3,1,1.2,111,18,2.7,1.3,1.9,Education,6,7.3,10
Debra Bennett,76,Other,South Anthony,2.8,7.6,82,1,3,4,8,4,0.9,59,18,2.8,1.6,0.4,Browsing,6,6.3,8.2
Ryan Smith,67,Female,Mooreborough,7,6.6,99,0,0,5,7,1,0.8,25,13,4,1.4,1,Browsing,6,4.5,10
Rodney Wheeler IV,84,Female,North Margaret,6.8,6,70,7,1.5,3,9,6,1,62,15,2.1,1.1,0.6,Gaming,3,6.5,10
Heather George,23,Female,Myersland,4.1,6.3,90,2,1.6,10,10,4,1.2,44,19,3.4,1.7,1.5,Browsing,4,5.5,10
Lauren Ryan,80,Male,North Natalieside,6.6,5.8,71,0,0.4,3,1,5,1.2,35,6,3.4,1.8,1.4,Other,4,3.1,10
Robert Gilbert,18,Male,Douglasfort,7.2,6.6,76,2,1.3,5,10,1,1.1,145,9,3.2,0.7,0.9,Other,9,4.9,10
Sharon Jackson MD,33,Other,Grossview,5.4,6.2,75,7,1.4,10,4,6,1.1,135,10,2.5,1.7,0.5,Other,3,3.3,10
Amanda Sanford,35,Female,New Michaelfurt,4.5,10,62,3,1.3,7,10,4,0.9,68,17,1.8,2,0.4,Browsing,7,4.1,8.1
Mrs. Ariel Brown,34,Male,New Jessicamouth,5.6,9,61,6,0.7,3,1,6,0.8,41,11,1.8,1,1.9,Education,5,5.3,6.9
Robin Phillips,34,Female,Austinport,3.7,7.6,51,0,2.2,9,4,6,0.7,143,7,4.1,1.6,1.3,Gaming,4,3.1,9.9
Miss Jennifer Howard,54,Other,South Jessica,3.2,6.2,80,5,1.6,7,2,3,0.2,36,6,1.1,2.1,0.6,Social Media,7,5.7,5.2
Natasha Taylor,48,Other,Port Justin,5,8.3,67,9,2.9,1,2,7,0.8,140,16,4.7,0.5,0,Other,1,6.5,10
Joseph Becker,35,Other,North Williamside,3.6,6.1,98,7,2.6,4,5,4,0.9,77,12,3.7,1.7,1.6,Other,6,3.7,9.9
Jeffrey Anderson,10,Female,East Joseph,4.3,4.6,55,4,1.3,2,2,4,0.8,64,5,2.5,0.6,1.3,Education,8,5.1,7.4
Larry Collins,9,Male,Toddberg,4.2,7,57,3,0.9,2,9,1,0.8,90,7,0.8,2.4,1.8,Education,10,6,7.1
Matthew Hill,6,Female,Zacharyside,5.8,7.3,67,7,1.2,10,1,7,1.4,140,5,2.2,0,0.8,Other,6,6.2,8.2
Nicholas Snyder,2,Male,South Melanieville,6.6,6.1,66,4,0.6,2,7,6,1.1,71,12,1.4,1.1,2.8,Browsing,3,8.6,9.9
Paula Ortiz,40,Other,Mannhaven,4.2,6.8,72,8,0.6,10,2,4,1.7,76,16,2.5,1.7,2.1,Education,9,6,9.7
Barbara Byrd,55,Other,Butlershire,3.4,6.3,83,6,0.7,4,8,8,0.9,79,20,1.2,2.3,2.4,Browsing,7,10.1,9.3
Troy Hall,77,Other,New Grantmouth,7.1,7.6,81,2,0.8,7,10,2,0.8,150,16,1.7,1.3,0.3,Social Media,4,9.2,10
Kaitlin Rice,45,Female,Lake Carlosfurt,4.4,3.8,88,8,1.8,4,5,3,0.9,39,10,0.3,0.1,1.4,Browsing,8,7.8,5.7
Ronnie Caldwell,40,Other,Powellfort,7.1,3,94,8,0.4,9,8,2,1.4,80,6,4.3,2.5,0.1,Education,10,1.9,10
Lauren Boyd,55,Female,Michaelmouth,2.3,6.5,78,5,1.5,8,10,10,0.6,98,20,1.6,2.2,0.6,Education,1,6.8,8.8
Joseph Smith,90,Other,Wigginsstad,4.1,6.8,74,0,0.9,3,7,8,1.2,119,10,3.8,1.1,1.1,Browsing,1,9.7,10
Hector Myers,67,Female,South Jennifermouth,3.3,6,93,5,0.5,1,8,1,1.4,49,16,2.2,2.4,0.8,Education,3,5.2,9.1
Devon Dixon,93,Female,Gibsonmouth,4,7.5,69,6,1.3,6,1,2,1,141,20,2.2,1.2,2.1,Browsing,7,4.3,10
Isaac Grant,83,Male,Jennaburgh,7.7,5.9,93,1,0.6,2,8,7,1.1,72,19,1.3,0.4,1.5,Gaming,8,9.2,10
Travis Owens,2,Male,Vaughnside,4.5,5.2,66,1,2.1,3,4,1,1.3,144,16,1,2.3,2.1,Social Media,10,3.5,10
Samantha Hudson,86,Female,North Richardland,5.4,4.8,63,4,1.5,1,7,7,1.2,64,19,2.9,2.6,0.2,Other,10,2.6,10
Richard Brown,16,Other,East Christopher,4.6,5.5,82,6,1.2,9,4,1,1.8,34,5,1.7,1.8,0.9,Other,2,5.7,7
Mrs. Jennifer Pena,48,Other,Larrystad,6,7.7,96,3,0.8,10,6,3,0.4,132,5,1.9,2,2.2,Education,1,4.8,9.7
Cole Boyd,64,Female,East Brittanychester,3.1,7.2,95,10,0.9,9,6,6,1,94,16,1.5,0.2,1.2,Browsing,6,5,6.3
Ashley Gibson,31,Other,South Jasonborough,2.2,5.1,90,2,0.9,3,4,5,1.1,122,7,4.4,2.3,0.7,Other,1,6,10
Ms. Judy Allen,62,Male,Port Danielshire,4.4,5.5,57,9,0.2,9,10,5,0.8,136,8,1.1,1.3,0.7,Education,4,4.7,8.4
Haley Perry,96,Other,Marcuschester,4.6,6.2,78,0,0.8,2,3,2,1.4,73,17,4.8,1.8,1,Social Media,10,7.6,10
Richard Smith,67,Female,Mitchellborough,2,6.3,77,4,1.2,4,3,10,0.7,123,8,1.6,1.7,0.9,Gaming,8,7.6,6.2
Brian Carey,29,Other,New Madisonburgh,4.1,7.9,100,2,1.5,9,5,8,1.5,53,10,3.1,1.2,1.1,Gaming,8,7.1,7.5
Sarah Thomas,93,Male,Thomasfort,9.1,5.6,93,3,1.8,2,3,2,1.1,64,8,3.3,1.9,1.8,Education,5,6.6,10
Matthew Pierce,22,Other,Susanport,3.9,8.5,73,9,0.5,9,7,6,1.4,74,11,3.1,0.1,1.6,Browsing,2,6.2,6.5
Michael Thomas,79,Male,North Susanfort,4.2,3,78,7,1.1,1,4,7,0.9,91,11,0.9,1.4,0,Gaming,3,9.1,9
Michelle Rivas,16,Other,South Jamie,4.5,4.9,77,0,0.6,10,9,2,1.5,23,9,2.8,2.6,0.8,Education,7,5.7,9.7
Judy Nelson,25,Female,North Teresafurt,4.9,6.4,92,1,1.3,6,7,2,0.9,26,13,1.1,0.6,1.6,Other,8,7,6.5
Gary Lawson,18,Female,Richardchester,4.9,7.4,91,6,0.9,4,1,6,1,112,18,3.3,1.6,1.3,Social Media,3,9,10
Jonathan Perez,49,Other,New Karenbury,2.6,6.1,96,6,1.7,6,10,3,1,76,8,1,0,0.3,Gaming,4,7.1,3.7
Teresa Johnson,64,Female,North Richardton,5.1,3.8,57,10,0.5,7,3,2,0.8,133,18,2.8,0.5,1.3,Gaming,3,5.8,10
Christopher Jennings,79,Other,Christopherhaven,4.6,6.7,76,7,1.1,7,7,1,1.3,144,12,1.9,2.8,1.5,Gaming,5,4.9,10
Jenny Johnson,18,Female,Charlestown,7.3,6.9,81,2,0.4,8,1,3,1.3,61,10,0.4,0.3,0.5,Education,6,7.1,7.8
Erik Berry,59,Other,Brendaport,4.9,5.8,74,3,0.3,10,4,2,0.1,63,15,0,1.1,1.4,Other,2,5.3,7.4
Mr. Samuel Miller DDS,31,Male,Port Vincentchester,3.2,8.3,58,8,1.6,8,8,4,1,72,7,3.2,1,1.1,Gaming,3,4.2,6.1
Mr. Cameron Kirk,64,Female,North Kaylaburgh,7.6,5.8,94,6,0,8,5,7,1.4,38,14,3.7,0.9,1.8,Other,2,3.1,10
Justin Wright,33,Female,Elizabethtown,6.2,6.6,54,6,0.7,4,2,6,1.1,135,17,2.3,0.4,1.4,Browsing,3,6.4,10
James Jones,61,Other,Bakershire,4.9,3.6,100,3,1.4,4,5,5,1.7,37,14,1.6,0.8,1.9,Other,5,3.2,9
Kyle Galvan,20,Female,North Melindafort,5.5,9,100,7,1.6,9,3,9,0.2,148,20,2.6,0.1,0.9,Education,1,4.8,10
Danielle Cunningham,85,Male,South Beverlyshire,3.2,5.5,52,4,0.1,4,4,8,1.1,47,11,3.4,1.5,1.2,Browsing,7,6.2,8.5
Scott Perkins,93,Male,Leslieside,5.4,6.1,62,3,1.1,5,6,1,1.5,140,18,1.1,0.9,0.8,Education,7,5.6,10
Todd Wong,39,Male,East Matthewview,4.2,6.6,50,9,2.5,6,6,5,1.6,83,18,2.9,0.7,0.3,Gaming,6,8.3,9.8
Austin Davis,54,Other,Michellebury,6.5,9,65,6,0.3,5,8,7,0,116,16,2,1.9,0.1,Gaming,9,7.1,10
Jesse Howell,59,Other,Port Marc,2.8,8.6,62,6,1.3,8,4,6,1.5,82,19,3.7,1,0,Other,2,6.5,8.6
Kathryn Phillips,41,Female,Hansonview,4.4,6.8,76,8,2.4,9,1,10,0.4,74,13,3,2.3,0.3,Browsing,5,7.4,10
Anna Garrison,97,Other,Elizabethhaven,7.5,6.5,67,0,1.2,10,6,9,0.5,51,12,1.7,0.8,0.9,Other,5,4.8,10
Dr. Jacqueline Carroll DDS,11,Other,Tinaview,1.2,3.8,81,5,0.9,7,3,9,1.2,52,8,3.4,0.3,1.4,Gaming,3,6.3,5.6
David Alvarez,20,Male,Martinezburgh,4.6,4.9,77,3,1.1,4,8,8,0,48,5,2.4,1,2.5,Browsing,3,6.3,7.5
Jared Howard,89,Male,Matthewshire,5.5,4.2,98,5,2.1,3,8,2,0,41,10,3.3,1.4,1.4,Browsing,7,4.2,10
Dr. Lisa Williams DVM,82,Other,Youngchester,4.9,8.3,100,5,1.5,4,4,5,0.6,137,13,3.7,1.8,0.4,Social Media,1,4,10
Robert York,25,Female,Rogersfort,3,8.6,95,4,1.1,5,1,2,1.8,66,20,3.4,2.9,0,Social Media,6,2.5,10
Emma Evans,2,Female,Alexanderview,6.2,8.2,86,4,0.5,1,5,5,1.1,141,5,4.6,2.4,0,Education,1,6.6,10
Thomas King,80,Other,Teresabury,6.8,7.1,79,10,1.6,9,9,4,1.5,93,20,3.1,1.7,1.4,Education,5,7.6,10
Scott Phillips,43,Male,East Patrick,3.9,6.8,67,8,1,3,3,10,2,108,5,3,0,0.9,Education,9,5.5,6.7
Kayla Adams,6,Female,Lake Jamie,5.6,5.6,71,3,1.3,10,2,9,0.7,76,19,1.7,0.3,1.2,Gaming,3,5.8,10
Robert Gibbs,44,Female,Lake Scottbury,3.8,7.5,79,5,0,8,10,3,0.9,75,8,1.9,3,1.2,Gaming,4,5.6,8
Sarah Dixon,52,Female,New Dennis,6.2,7,61,10,1.3,4,5,7,0.2,150,11,2.2,1.3,0.1,Other,4,8.2,10
Sarah Smith,97,Other,Garciaport,6,4.2,87,5,0.2,6,5,2,0,86,11,2.8,0.1,1.3,Gaming,6,4.4,10
Kristina Lawrence,33,Other,North Michelle,6.5,6.9,95,5,2.4,10,8,4,1.1,48,10,1.6,1.7,0.4,Browsing,5,5.4,9.3
Gary Davis,78,Male,East Coreyburgh,8.9,5.8,61,1,0.9,8,7,5,0.6,79,20,3.4,1.4,0.3,Education,8,7.1,10
Angela Tucker DVM,27,Male,Wuberg,6.5,7.7,54,1,1.3,6,4,5,1.9,36,19,2,1.7,0.8,Education,6,5.5,10
Kevin Wright,92,Female,Lake Nathanmouth,4.4,6.1,85,4,0,4,2,2,0.2,79,11,2.8,1.6,1.1,Gaming,4,2.7,9.5
Eddie Morrison,43,Female,Daltonmouth,4.1,5.8,75,7,0.3,9,10,9,1.2,120,6,1.9,0,1,Browsing,7,4,6.7
Michelle Lucas,84,Male,New Vanessa,7.7,3.1,98,7,0.1,8,6,9,1,105,11,3.2,1.7,2,Gaming,7,6.1,10
Gabriel Castillo,54,Male,South Cameronton,4.9,5.9,59,4,0.5,4,1,6,0.7,140,14,2.3,0.2,0.9,Education,5,8.3,10
Tammy Taylor,26,Other,Port Michaelmouth,6,5.6,67,5,1.1,3,1,3,1.2,63,7,1.4,2.5,0.1,Gaming,3,6.2,9.8
Jordan Alexander,65,Male,Williamsborough,4.2,6.1,84,9,0,9,1,10,0.7,90,6,0.9,0,1.8,Browsing,4,5.7,5
Douglas Baird,97,Female,Port Davidfort,7.2,4.7,93,4,0,9,5,1,1,99,13,4.4,1.8,1.3,Browsing,9,4.6,10
James Gordon,98,Female,Danieltown,5.3,4,99,5,0.5,1,2,7,1.1,53,16,1.8,2.2,2.4,Other,5,6.7,10
Edward Hartman,26,Female,Lake Carol,5.3,5.8,80,8,2.5,6,5,7,0.7,29,13,3.2,2.9,2.3,Other,6,4.7,10
Matthew Wallace,98,Other,Natalieville,5,5.8,65,5,2.7,6,7,7,1.5,49,15,1,0.6,1,Other,2,7.4,7.7
Chelsea Wagner,56,Female,New Kim,4.3,7.1,95,1,1.6,5,10,10,2.1,88,17,2.8,3,1.5,Browsing,1,4.9,10
Diane Conway,89,Female,Port Monica,5.8,5.1,96,10,1.9,8,8,4,1.6,52,11,3.7,0.7,1,Education,9,5.7,10
Jeffrey Benson,91,Other,Jonestown,5.1,7.5,79,5,2,2,1,3,0.8,82,16,1.2,2.1,0.7,Browsing,1,7,9.5
Eric Nguyen,79,Other,New Sethshire,4.8,6.1,79,6,1.3,7,10,2,1.1,78,8,2.2,1.9,0.1,Other,4,5.6,9
Todd Torres,73,Other,Lake Ernestmouth,1.6,6.7,81,3,1.5,6,3,3,1.1,130,5,2.5,1.6,0.4,Education,2,8.1,6
Kathy Steele,20,Female,Pamelafort,5.7,4.6,61,5,0.1,6,5,9,0.5,73,14,2.1,1.3,1.4,Social Media,2,8.8,10
Eric Cummings,99,Male,Port Amber,6.3,4.7,60,1,1.5,6,2,7,1.2,76,10,3.7,0.5,1,Other,5,7,10
Cheryl Smith,34,Other,Jeffreyshire,5.5,6.9,89,10,0.1,9,3,10,1.7,126,10,3.9,0.2,0.5,Gaming,7,5.8,10
Susan Rodgers,37,Other,Lindsaychester,4.3,6.7,72,8,0.9,4,7,8,0.9,92,17,2.4,0.8,0.8,Gaming,7,6.6,9.4
Angela Nicholson,10,Other,Port Lukeside,5.8,5.4,65,6,1,7,10,1,1,81,10,4.1,1.3,1.8,Gaming,2,7.6,10
Connie Moon,61,Male,Parkerfort,5.4,7.7,88,2,2.2,1,8,7,1.5,105,12,2.9,2.8,0.8,Other,9,9.5,10
Christy Lopez,46,Male,Thorntonville,3.6,5.5,73,8,1.8,6,4,10,1,52,16,1.4,0.1,1.7,Browsing,8,3.5,6.6
Roger Smith,94,Other,West Peggy,3.8,6,77,1,1.7,8,6,1,0.5,65,16,4,0.9,1.2,Other,5,3.8,10
Amy Bryant,97,Male,Port Hunter,7.4,5.6,64,7,1.3,1,3,10,1.3,65,19,1.8,3.6,2.1,Other,6,2.3,10
John Li,66,Male,Lake Warrenmouth,5.1,6.2,69,7,1.1,10,1,9,0,101,16,3.6,2.8,0.5,Education,8,5.4,10
Lisa Michael,56,Male,Johnsonshire,4.9,9,62,10,2.1,8,1,4,1,84,5,1.6,1.9,1.8,Education,9,8.2,6.6
Michael Martin,39,Male,Port Christopherchester,6.1,4.3,51,5,0.8,10,7,6,0.3,27,10,1.7,1.2,0.4,Browsing,1,6.6,9.4
Patrick Ramos,47,Male,East Melissastad,0.8,9.2,92,9,0,5,2,1,0.9,40,6,1.9,1.9,0.8,Social Media,8,5.8,2
Kevin Fernandez,10,Female,Sheltonfurt,3.8,7.5,63,9,1.7,10,10,2,1,148,10,3.1,0,1.2,Social Media,5,7.3,8.1
Kayla Wade,90,Male,West Amanda,4.4,7.3,83,6,1.8,7,4,4,1.5,133,11,2.4,3.1,0,Social Media,2,4.3,10
Michael Vazquez,85,Male,Lake Jaimeton,6.2,3.3,75,6,0.8,9,9,4,0.7,28,14,3.2,1.5,2.5,Social Media,2,4.2,10
Shane Carpenter,69,Female,Georgebury,7.1,6.9,90,4,0,10,1,1,1.7,56,15,1.1,1,1.4,Browsing,5,5.5,9.9
Steven Moreno,68,Female,Velezfort,3.4,8.5,54,10,2.5,8,5,9,0.9,42,6,2.2,2,1,Education,4,6.4,5.4
Jacob Reed,70,Female,Hunterfort,7.1,8.1,55,7,0.6,9,10,9,0.6,56,11,3.3,0.8,1.1,Browsing,5,5.2,10
Maria Rose,60,Other,North Toniville,8.1,6.4,71,8,1.5,2,6,6,0.7,81,10,4.1,1,1,Browsing,2,6.3,10
Brent Brown,68,Male,Lake Gregory,7.4,5.4,76,4,1.8,10,2,5,1.2,42,19,2.3,0.9,0.7,Gaming,8,5.9,10
Kelly Gallegos,53,Male,Daltonview,4.2,6.1,80,4,1.4,10,7,8,0.8,135,16,1.3,0.9,2,Education,3,5.2,9.3
Dennis Lopez,36,Male,Davidside,6.6,5.9,54,10,1,2,1,8,1.2,95,19,1.5,2.6,0.3,Gaming,10,6.5,10
Alicia Jones,15,Male,East Janet,5.7,9.7,51,1,0.9,7,2,10,1.1,82,11,4.5,0.4,0.8,Education,2,2.2,9.6
Christina Barnes,70,Male,Johnfort,5.2,7.1,61,1,0.4,2,5,7,0.7,32,10,4.2,2.1,0.2,Browsing,4,4.4,10
Daniel Wilson,87,Female,North Meganfurt,2.6,7.3,65,2,1.7,10,8,8,1.2,53,11,2.8,1.7,0.2,Browsing,3,5,6.7
Makayla Abbott,96,Female,Port Josefort,5.5,8.1,83,0,2.2,1,9,10,1.3,75,15,2.3,1.1,2.1,Other,9,8.5,9.4
Sheryl Evans,51,Male,Lake Steven,3.4,7.2,57,4,1.2,3,10,1,1.8,41,19,1,0.4,1.4,Education,1,4.9,5.8
Frances Walsh,45,Male,West Mikeberg,7,7.9,61,5,0.4,5,5,9,2.1,143,17,2.5,3.7,1,Education,10,8.3,10
Abigail Vargas,30,Female,Susanbury,8.6,5.5,88,6,0.8,3,6,8,0.9,60,11,3.8,0.2,1.3,Gaming,1,6,10
Robert Jones,75,Female,Zamoraville,7.1,5.6,79,9,0.5,2,3,9,0.7,141,11,2.7,1.8,1.5,Other,4,6.3,10
Gregory Rodriguez,84,Other,Lake Markview,1.7,7.2,86,9,0.1,10,9,3,0.4,58,15,2.5,1.9,0.4,Education,3,6.5,6.7
Joseph Ball,57,Other,Nealmouth,4.3,7.9,80,5,1.1,9,7,8,1.5,72,15,1.3,0.2,1.6,Education,3,4.2,6.3
Philip Johnson,57,Other,West Willieton,6.4,8.5,98,1,2.6,7,10,8,0.9,55,20,2.2,0.8,1,Education,6,5,10
Lance Snyder,82,Female,Lake Kimmouth,4.1,6.4,54,9,0.5,10,2,8,1.2,149,18,2.1,0.4,0.8,Social Media,8,6.2,10
Mark Brown,7,Other,Lindsayfurt,3.6,6.8,71,10,1.5,3,2,9,2,30,11,3.8,3.1,1,Other,2,2.3,9.9
Michele Young,31,Other,New Levi,7.1,4.7,85,8,2.8,9,2,9,0.4,88,8,2.8,2.3,1.1,Education,4,10.3,10
Jessica Roberts,6,Male,Wilsonbury,5.2,4.5,59,5,1.2,8,3,9,1,22,10,3.5,0.9,1,Other,2,7,9.8
April Nguyen,81,Female,Maddoxport,2.5,8.3,55,2,0,4,3,2,1.1,32,5,3.2,1.7,0.7,Other,1,4.5,4.9
Elizabeth Adams,89,Male,South Nicole,7,5,88,1,0.5,5,8,3,0.8,142,9,0.5,1.7,0.7,Social Media,2,4.5,10
Andrew Meyer,27,Female,New Catherine,5.2,7.8,83,7,1.2,10,1,3,1.3,117,8,1.3,2.7,1.6,Other,1,7.1,9.2
Emily Reeves,95,Female,Woodwardburgh,5.9,6.8,53,4,0.5,10,7,2,1.7,137,9,3.7,0,0.2,Other,8,7,10
Kenneth Bradford,72,Female,Duncanburgh,6.7,6.3,67,10,1.1,7,4,3,0.9,99,12,2.1,3.2,0.4,Gaming,6,4.5,10
Timothy Turner,99,Male,New Tonyachester,2.3,4.9,84,9,1.4,1,3,3,1.4,42,12,0.9,0.1,1.1,Education,1,6.7,4.1
Lacey Valencia,78,Male,North Monicaland,2.9,6.3,57,5,1.5,2,10,5,1,149,12,0.3,1.8,0,Other,10,5.4,7.2
Tabitha Becker,55,Other,South Abigailshire,4.9,6.9,71,0,0.1,3,7,4,0.8,33,12,2.4,2.3,0.4,Social Media,7,7.2,9.2
David Patterson,62,Male,Lake Rosehaven,5.2,8.2,67,3,1.8,1,3,9,1.6,62,13,2.2,1.7,0.6,Education,2,3.9,8.8
Christopher Johnson,18,Male,Janettown,6.1,6.7,66,7,1.3,3,8,4,0.8,48,12,1.4,2.6,0.3,Browsing,1,3.1,10
Timothy Gordon,68,Male,New Kimberly,3.5,6,66,1,0.4,4,7,8,1.2,100,8,3,0.6,0.6,Other,5,8.7,7.7
Jacqueline Keller,27,Other,New Thomas,2.9,6.4,68,4,1,4,10,4,0.2,25,19,2.6,1.6,0.4,Education,3,7.3,8.2
Elizabeth Clark,65,Male,West Laura,6.7,6.1,65,4,2.5,1,9,7,1,118,10,2.7,2.6,1,Gaming,8,4.1,10
Colin Riley,92,Male,Brendaville,1.6,5.7,59,2,1.4,8,9,4,2.3,46,15,1.7,1.7,0.7,Gaming,10,6.3,6.1
Katherine Castillo,58,Other,North Stevenshire,1.2,10,79,0,1.1,10,10,9,0.6,68,17,3.8,3.7,1.4,Education,2,9.7,8.5
Darryl Rivera,40,Male,Saramouth,3.1,7.3,78,4,1.1,6,8,6,1.6,39,16,3.1,2.4,0.1,Social Media,9,5.7,8.9
Johnny Bryant,89,Female,West Lisaberg,10.2,7.2,95,1,0.4,2,8,4,1.2,53,7,3.5,0.1,0.3,Other,8,5.7,10
Joseph Hill,32,Female,Suzanneburgh,6.3,6.2,52,9,2.6,3,3,6,1.5,43,14,2.4,1.4,1.5,Gaming,5,5.4,10
Lisa Duncan,80,Male,Hawkinshaven,8.1,7.1,84,0,2.2,7,8,3,1.3,71,6,2.9,0.6,0,Social Media,2,5.3,10
Sheila Stephenson,56,Male,Brianland,4.2,8.7,79,4,0.6,4,4,5,1,124,14,3.4,2.2,1,Education,10,7.3,10
Mark Manning,99,Other,North Shanemouth,5,6.4,79,9,1.1,9,9,9,0.8,125,18,4.9,1.7,1,Other,1,5.1,10
Marissa Smith,46,Male,New Zachary,2.9,5.1,90,3,1.1,8,9,7,0.7,129,9,1.3,0.8,1.7,Other,8,9,6.8
Lisa West,15,Female,Mcintyretown,6.7,4.6,100,2,1.7,7,8,6,1.4,109,18,3.5,1,0.3,Education,10,8.9,10
Marcus Roman,12,Female,Bennetthaven,6.8,7.9,98,0,0.6,1,8,8,0.7,55,6,1.7,1,1.3,Education,9,4.1,7.8
Christopher Miller,69,Male,Lake Dawn,5.4,5,64,1,0,5,1,3,0.8,96,5,3.1,1.8,0.5,Other,1,5.8,10
Amanda Nguyen,25,Other,Orrberg,4.8,7.6,61,3,0,8,1,5,1.1,149,13,4.1,2.4,1.5,Browsing,7,9.1,10
Jacob Long,83,Other,North Amanda,7.7,9.2,55,2,0.9,10,1,5,1,134,9,2.6,3,1.6,Other,1,7.2,10
Sharon Baxter,6,Other,New Jeanette,7.5,6.7,80,2,0.9,1,5,9,1.5,121,10,2.7,1.6,0.2,Browsing,5,2.9,10
Casey Jones DVM,40,Male,East Amanda,5.3,8.2,67,6,0.9,5,7,1,0.4,82,9,4.4,2.1,0,Other,1,3.7,10
Martha Christian,27,Other,Danielmouth,4.4,4.9,65,8,1.8,8,5,4,0.2,58,16,2.5,0.7,0,Gaming,8,3,9.5
Eileen Holland,48,Male,North Jeffreyville,7.3,5,53,8,1,7,4,2,0.8,84,12,1.6,1,1.1,Gaming,7,5.6,10
Kristine King,29,Other,East Johnland,7.7,9.8,68,8,1.1,8,4,4,0.7,122,20,3.3,1.7,1.9,Education,5,5.3,10
Leonard Lewis,59,Female,Coffeyville,6.9,5.1,63,10,2.1,4,1,1,1.4,59,12,2.8,0.3,1.6,Browsing,4,8.3,10
Brian Smith,43,Other,East Catherinemouth,2.4,9.3,88,1,1.3,8,3,2,1.3,32,15,3.2,0,1.2,Browsing,7,8.3,4.6
Joyce Miller MD,22,Male,East Ronald,3.5,6.9,59,8,2.1,9,2,7,1.7,108,20,1.5,1.8,0.8,Social Media,1,6.6,9.5
Heather Gonzalez,61,Other,Danielton,4.9,5,70,4,0.1,3,4,3,1.2,80,18,3.6,0.3,1.1,Other,10,5.7,10
Samantha Hartman,95,Female,Andreabury,6.2,8.1,54,9,1,8,9,9,0.8,40,19,1.7,2,0,Gaming,2,9.2,10
Derrick Hamilton,56,Male,South Jon,5.8,8.6,64,7,1.4,2,5,7,0.7,148,17,1.3,2.4,1.1,Social Media,2,7.4,10
Stacey Perez,61,Other,New Emily,5.2,9.1,80,0,1.9,3,1,10,0.8,40,5,3,0,2.5,Social Media,10,3.4,5.4
Sue Adams,34,Female,Scottberg,5.7,6.2,98,8,0.8,1,7,10,1,26,16,2.6,1.9,1.3,Social Media,5,4.2,10
Gregory Jones,30,Male,Port Brian,3.6,8.2,96,5,0.2,4,9,7,0.3,111,10,3.8,0.7,0.6,Gaming,7,5.6,8.2
Steven Rodgers,68,Other,East Elizabethberg,4.2,6.6,76,3,1,9,3,3,0.8,27,9,1.7,2.3,1.4,Social Media,8,6.6,7.2
Jamie Robinson,96,Other,Lake Ashleyborough,4.8,6.5,90,6,1.9,1,2,2,0.5,106,11,3.5,0,1.2,Education,8,8,9.4
Nicholas Bennett,43,Male,West Dillonville,5.2,8.6,67,9,0.9,8,4,3,1.8,76,13,3.1,1.5,0.4,Browsing,10,9.4,9.6
Teresa Logan,60,Male,Collinshaven,3.5,5.2,97,6,0.4,6,1,9,0,63,5,3.2,0.5,2,Gaming,1,6.5,6.9
Kelly Palmer,27,Female,Seanshire,6.7,8.2,94,10,1,10,6,1,1.3,76,9,0.8,1,0.8,Other,10,5.6,7.7
Sean Valdez,25,Male,Amandaborough,8.3,5.6,51,3,0.7,3,4,6,1,110,20,3.9,2,1.6,Education,2,9,10
George Medina,90,Male,Rothberg,8.5,6.5,84,0,2.4,6,4,6,0.6,118,10,2,1.4,0.8,Gaming,1,4.4,10
Angel Leblanc,20,Female,Lake Joshuamouth,8,5.8,66,6,0.7,1,3,8,1.5,83,8,1.5,2.9,0.9,Other,8,5.3,10
Shannon Allen,71,Male,Joshuaburgh,6.6,5.7,75,3,0.3,6,1,8,1.1,68,16,1.8,1.3,0.5,Browsing,2,6.9,10
Robert Mejia,68,Other,Brianton,6.3,5.7,88,0,0.2,8,1,1,1,77,14,1.9,2.5,0.8,Education,3,7.4,10
Jessica Haley,6,Other,Hernandeztown,2.7,6.8,85,2,1.4,4,3,9,0.3,61,6,3.2,0,0.2,Other,2,7.1,4.9
Bonnie Dean,71,Other,North Laura,6.3,7.9,100,4,2.5,7,4,7,1.1,103,7,2.1,2.3,0.5,Other,9,6.6,10
Brittney Bradley,60,Male,Moraleshaven,6.5,5.9,77,2,0.4,2,4,9,0.9,111,5,2.9,2.7,0,Social Media,2,5.2,10
Mr. Lance Harding MD,56,Male,Amberburgh,2.1,10,78,7,1.6,2,10,1,1.5,70,7,1.9,0.5,1.5,Social Media,6,8.4,2.3
Jamie Ramos,81,Female,Thomasside,3.1,3,98,8,0.5,2,8,2,0.3,83,13,1.2,0.5,0.8,Education,7,7.5,7.6
Terri Chang,45,Female,East Benjamin,5.2,7.6,56,10,1.9,5,6,1,1.3,98,18,3.3,1,0.1,Other,6,6.8,10
Cindy Aguilar,64,Male,West Ginaland,3.9,5.8,50,4,0.2,2,1,6,0.3,146,11,3.7,1.4,0.7,Gaming,2,6.2,10
Brandon Robinson,59,Other,Vanessaton,4.8,3,82,9,2.5,7,7,5,1.5,63,17,2.1,0.6,2,Gaming,7,3.9,10
Darryl Carey,14,Female,Jacksonview,7.2,6.7,93,5,0.5,9,3,4,0.4,114,19,4.4,1.8,1,Gaming,2,3.3,10
Toni Shea,74,Female,Mariabury,3.6,6.5,97,6,3.6,5,10,3,0.9,22,13,3.2,2.7,0.7,Browsing,5,3.2,9.3
Ashley Adams,26,Male,South Timothyland,4,9,92,0,1.2,9,3,6,2.1,97,16,1.1,2.2,0.7,Social Media,2,6.4,7.9
Emily Hensley,69,Female,Reedborough,0,5.6,51,4,1.3,10,7,6,1.2,74,5,1.2,2.9,0.8,Social Media,7,8.7,3.8
Gabrielle Wood,30,Female,New Regina,6.1,6.5,60,5,1.7,3,4,3,1.4,91,18,1.8,2.1,1.8,Browsing,4,5.9,10
Mike Herring,7,Female,Lake Josephfort,6.7,5.5,88,5,0.5,6,10,3,1.3,121,19,0.6,1.8,1.6,Other,7,10.5,10
Sarah Hall,58,Female,Russellhaven,5,8,77,7,0.4,3,2,7,0.9,86,14,1.1,0,0.8,Other,6,6.7,6.6
Jill Martin,47,Male,Russoton,5.6,5,61,7,2.9,9,8,9,1.4,136,5,4,2.2,2.2,Other,5,4,10
Lance Butler,3,Male,Clarkbury,6.9,5.8,63,5,0.5,4,1,1,1.2,103,14,2.5,1.2,1.1,Education,6,6.4,10
Jeanette West,98,Other,South Autumn,4,6.9,62,4,1,5,8,3,0.4,28,19,3,0.6,0.4,Browsing,5,5.2,8.5
Patrick Hopkins,93,Male,North Katherine,3.7,5.3,64,8,0.6,2,4,1,0.8,139,7,2.5,0.7,0.9,Education,3,7.3,8.4
Jessica Lewis,24,Female,Hullfurt,6.2,4.8,62,8,1.1,9,1,2,0.5,45,11,2.7,0.7,0.8,Other,5,6.8,10
Katherine Arias,27,Male,North Petermouth,2.5,5.8,99,6,1.5,10,6,8,0.8,48,6,1.6,2.2,0.5,Social Media,4,7.7,5.6
Pamela Johnson,65,Other,Brendachester,4.5,6.7,78,4,0.2,5,6,2,1.6,67,10,2,0,0,Other,6,7.6,6.5
Tricia Miller,22,Other,South Jakeside,5,6.2,81,3,0,9,5,10,0.8,87,16,2.9,2.2,1.2,Education,1,4.9,10
Jeffrey Taylor,51,Other,Karenstad,8.2,6.3,62,3,0.4,10,10,10,1.2,21,15,1.5,1.3,0.8,Gaming,10,4.9,10
Joyce Kennedy,8,Female,Andersontown,4.1,7.2,66,4,0.6,9,6,10,0,125,11,1,3.7,0,Social Media,8,5,9.9
Brett Adams,10,Female,North Jessica,3.2,7.5,98,3,0.5,2,2,10,0.5,49,19,3.2,0.5,0.9,Browsing,5,5.2,7.9
Michael Roberts,32,Male,Port Rachelbury,6.2,5.2,72,3,0.3,8,5,8,1.3,61,12,2.7,1.8,1,Education,4,6.9,10
Donald Adams,46,Other,South Samanthaburgh,5.9,4.9,68,1,1.6,2,2,8,1.7,82,5,4.3,0.6,0.6,Social Media,9,5.8,10
Stacey Brown,37,Female,Mejiastad,8.9,3.9,55,6,1.3,3,9,9,1.2,21,12,2.3,2,0,Gaming,10,2.8,10
Jennifer Mclaughlin,95,Other,Lorimouth,6.8,6.3,89,1,0,9,5,4,1.1,67,6,4,0,2.1,Social Media,3,5.6,10
Kayla Petersen,21,Male,Hardinghaven,3.1,6,89,7,1.7,3,7,6,0.9,92,12,0.6,3.1,2.1,Other,4,5.8,8
Michael Howard,20,Other,South Angelaburgh,4.1,7.8,52,4,0.5,6,2,7,1.1,150,17,0.7,3.7,0,Gaming,4,3.8,10
Michael Cole,10,Other,Lake Jacob,3.8,7.8,57,3,2.1,10,1,4,0.4,89,5,2.8,0,1,Browsing,9,6.8,5.5
John Garrett,3,Female,Shawnburgh,5.1,7,68,8,1.7,2,3,7,1,24,15,2.7,0.2,0.2,Gaming,8,2.7,8
Christy Roberts,74,Other,South Robert,5.9,6.3,94,2,1.5,3,4,2,1,127,14,1.8,2.9,0.9,Education,3,6.6,10
Jon Jackson,7,Male,South Kathymouth,6.7,5.3,71,3,2.1,10,3,4,0,131,19,2.2,1.3,1.6,Other,4,7.2,10
Rebecca Wells,50,Female,Ashleyborough,6.4,6.5,91,6,1.6,10,4,6,0.8,88,7,2.4,1.1,1.8,Other,6,2.3,9.8
Amber Richard,68,Male,Millsstad,9,6.6,62,7,1.6,10,7,8,0.9,101,15,3.4,3,1.7,Education,3,6,10
Karen Harris,59,Male,East Stephanie,6,8.1,95,4,1.1,8,6,4,0.9,82,7,4.2,1.7,1.4,Browsing,8,7.3,10
Sherri Clark,54,Male,Orozcoburgh,3.8,6.8,62,3,0,1,9,8,1,103,16,0.9,2.3,0.8,Gaming,6,5.5,8.9
Dr. James Salazar,95,Other,Hensleychester,5.4,5.7,59,7,1.3,7,5,6,0,47,11,2.6,2.3,1.4,Education,10,8.8,10
Brenda Randall,5,Female,Devinfurt,6.3,6.9,64,6,1.2,9,3,6,2.3,142,9,4,2.4,2.3,Education,4,5.3,10
Dean Harrington,7,Male,Lake Laura,6,4.8,76,8,2.2,8,4,5,0.5,82,18,4,1.9,1.3,Other,8,6.2,10
Tracy Parker,91,Other,Nelsonborough,3,4.2,96,2,0.9,10,3,8,0.7,96,7,2.3,2,0.5,Gaming,9,2.9,8.5
Desiree Thompson,92,Female,Galvanville,5.3,7.5,97,9,2.3,10,1,10,0.6,109,5,1.8,1.1,1.4,Browsing,10,8.5,7.6
Andrew West,14,Other,Jenniferhaven,1.6,5.4,82,5,1.8,3,8,7,2,111,12,1.5,1.2,1.6,Browsing,1,7.3,6.2
Diana Hoffman DDS,49,Male,Kellyview,4.9,8.3,96,3,2.2,9,8,6,0.5,74,14,2.9,0.4,2.3,Other,1,7.9,8.3
Jeremy Martin,41,Male,Port Carrie,6.6,4.8,81,8,0.1,10,2,10,1.3,65,8,2.7,2.7,0.6,Browsing,10,3.4,10
Stephanie Marshall,23,Male,Howardstad,6.6,5.8,84,9,0.3,2,4,6,1.6,37,17,3.9,2.6,1.3,Social Media,8,6.4,10
Jennifer Thompson,95,Male,New Albertborough,0.3,4.8,59,2,0.6,4,3,7,0.7,103,9,1.1,1.2,1.8,Other,3,9.3,4.1
Joshua Kelly,96,Female,North Christopher,3.2,6.3,74,4,1.8,4,5,7,1.4,22,9,2.9,1.7,1.5,Gaming,2,7.1,6.9
Stacie Lopez,87,Other,East Brenda,2,7.2,81,1,0.9,3,7,5,1.6,78,14,3.3,3.4,1.1,Gaming,7,4.7,9.5
Terry Kelly,27,Female,New Debbiehaven,7.3,7.2,80,10,0,7,3,5,1.3,146,17,3,2.3,0.4,Browsing,10,5.3,10
Melinda Love,53,Other,North Hayley,2.5,6.2,50,2,0.6,2,6,6,1.2,32,17,3.5,1,1.2,Education,9,5.1,7.9
Christopher Pena,3,Female,Elizabethbury,6.4,7.6,84,2,0.7,2,1,1,1.1,137,15,1.2,1.9,0.2,Gaming,3,6.5,10
Megan Smith,90,Female,Carterstad,3.5,5.6,52,4,1.6,7,8,10,0.7,66,15,1.3,0.5,1.2,Gaming,10,7,6.8
Jose Conway,81,Male,Annetteberg,3.1,7.4,93,5,1.7,8,10,7,1.2,112,9,3.8,2.4,0.2,Social Media,2,5.2,9.6
Brian Ross,32,Male,Williamshaven,5.2,8,64,9,1.3,9,1,3,1.1,62,8,3.2,2.7,1.5,Other,3,3,9.9
Willie Wright,35,Female,Swansonmouth,5.9,7.7,69,3,1.5,4,6,9,1.9,126,10,2.9,2,1.2,Gaming,9,6.8,10
Mrs. Stacy Hunter,28,Male,Port Nicoleville,5.4,7.6,53,9,0.9,1,2,2,0.8,44,9,0.2,2.2,1,Social Media,9,8.1,6.7
Christian Mejia,85,Male,North Beverlyview,5.8,6.8,78,5,0.9,10,6,1,0.9,85,10,2.5,2.1,2.8,Gaming,7,2.3,10
Christine Anderson,39,Other,South Jesse,3.2,7.8,57,10,3.1,4,3,2,1.5,103,12,1.9,1.6,1.4,Gaming,9,7.2,7.3
Andrew Davis,16,Male,West Davidchester,7.5,6.4,54,4,0.3,3,9,5,0.8,53,18,3.3,2.6,1.2,Browsing,6,7.6,10
Mark Harris,11,Female,North Michael,7.1,4.6,93,9,1.7,9,6,8,0.8,70,16,2.3,0.8,1.5,Gaming,9,4.6,10
Andrea Rodriguez,97,Other,East Julie,0.9,5.1,83,8,0.8,7,5,7,1.2,43,15,3.3,2.5,0.7,Gaming,8,7.6,8
Rebecca Hebert,65,Other,Port Courtneyland,3.7,7.2,71,1,1.1,4,9,10,0.9,56,16,3,1.7,0.6,Education,1,5.4,9.1
Angel Hernandez,42,Female,Port Rebecca,8,3.5,84,8,1.9,10,2,7,1.6,125,7,0.9,1.7,1,Browsing,3,8.2,10
Phyllis Reyes,22,Female,South Melissa,6.1,8.4,69,8,1.3,8,8,1,0.9,124,11,2.3,1,1.5,Education,3,6.4,9.9
Kristen Sellers,36,Other,Lake Jasonfort,4.6,4.5,85,5,0.4,2,3,7,1.3,26,16,4.2,0.4,0.4,Education,1,3.8,10
Gina Wilson,29,Other,Kingfurt,6.2,7.6,79,1,1.6,6,10,3,0.1,54,14,2.5,0,1.5,Education,5,6.7,8.8
James Snyder,11,Other,West Kimberly,3.9,8.5,70,5,2,5,2,10,0.7,25,10,2.5,1.4,0.8,Other,8,4,6.1
Brianna White,67,Male,Kaylashire,1.5,7.9,75,1,1.1,7,8,10,0.7,38,6,2.7,0,0.3,Other,4,8.9,2.2
Anthony English,88,Female,Lawsonhaven,5.8,7.4,62,5,2.1,6,10,3,1.2,49,12,1.1,0.2,0.5,Other,4,4.3,6.8
Phillip Mcdonald,23,Female,Lake Matthewburgh,5.2,4.9,89,5,0.4,3,7,9,0.7,91,7,2.6,4,1.1,Gaming,9,3.4,10
Dr. Tracie Smith,9,Other,Duncanfort,2,6.9,87,9,0.4,1,4,6,1.1,33,17,2.1,2.8,1.3,Gaming,8,9,7.5
Edwin Williams,18,Female,Martinmouth,2.9,4.3,96,9,0.8,8,2,3,0.8,142,5,2.6,2,0.6,Browsing,4,8.6,9.2
Thomas Boyd,34,Other,Knappside,3.6,4.4,51,2,1.3,6,3,7,0.7,29,11,2,1.5,2.1,Social Media,6,6.3,7.7
Mr. John Stephens,5,Other,Nicoleville,5.4,5.6,55,6,2.3,8,10,2,0.9,60,19,5,1.3,1,Education,4,7.9,10
Jill Mueller,50,Other,Port Zachary,2.2,4.8,80,7,0.9,5,9,9,1,30,10,0.9,0,0.1,Social Media,9,9.5,3.3
Noah Patterson,30,Female,Lopezberg,2.8,6.3,54,6,1.8,4,8,5,0.2,45,10,1.9,1.9,0,Other,5,6.8,6.4
Penny Rangel,80,Other,South Jacob,2.4,5.7,59,5,1.3,6,3,4,0.8,86,5,3.8,1.5,0.2,Browsing,2,5.6,7.6
Amber Collins,93,Male,Hawkinschester,2.9,9.8,51,1,1,10,3,6,1,86,11,0.9,2.1,1.1,Social Media,7,7.3,4.9
Allison Patterson,34,Female,Phillipsland,3.3,5,60,7,1,9,4,10,0.9,36,14,1.1,1,1.3,Other,6,6.8,6.4
Robert Nash,52,Male,Murrayland,7,5.6,58,9,0.7,3,6,4,1.3,85,18,2.8,1.6,0.7,Gaming,4,5.8,10
Steven Ross,89,Female,Yeseniaside,1.6,4.6,87,3,0.9,5,7,3,1.1,53,9,1.7,1,1.1,Gaming,4,8,4.9
Patricia Clark,9,Female,Lake Brianaville,4.9,7.1,59,0,1.4,10,2,3,1.1,115,19,2.7,2.4,0.5,Browsing,5,6.9,10
Rebecca Richards,86,Male,Petersburgh,5.2,9.2,78,3,1.2,5,9,3,0.8,62,20,4.3,0.5,0.1,Social Media,2,6,10
Sarah Rodriguez,37,Other,North Jerrybury,6.9,7.3,76,8,1,4,6,5,1.3,108,17,1.7,0.2,0.7,Education,7,5.4,10
Justin Jones,80,Female,Aaronfurt,2.2,5.3,93,1,0.2,9,3,4,0.7,122,8,0,1.4,1.3,Gaming,2,8.1,5
Kevin Cherry,83,Male,North Corey,6.4,6.3,68,5,0.8,4,2,10,1.8,26,14,1.9,1.2,0.2,Gaming,6,7.7,9.7
Joseph Ross,9,Female,Port Christopherbury,6.7,8,50,8,2.4,4,10,3,1.3,141,17,2.3,1.7,0.4,Social Media,8,4.6,10
Christine Hale,77,Female,Lake James,4.2,7.2,85,0,0.6,7,5,7,0.9,150,16,1.4,0.9,0.8,Other,4,4.6,9.1
Anthony Gray,57,Male,New Lisaport,3.4,7.1,68,6,1.1,2,5,10,0.7,125,11,3.1,1.2,1.2,Browsing,3,5.6,8.9
Ana Davila,30,Other,North Ronald,1,7.1,74,0,1.2,3,4,1,0.7,56,15,1.7,0.5,0.7,Social Media,10,9.2,3.8
Heather Bailey,44,Other,Alexandraville,3.4,6.4,84,2,0,10,8,9,1.3,38,6,1.8,0.7,1.1,Education,3,5.1,4.7
Manuel Miller,21,Female,Smithland,6,7,80,1,0.6,1,7,5,0.6,88,20,2.6,0.9,1.8,Browsing,5,6.5,10
Alicia Snyder,85,Male,Scottbury,4.6,7.1,87,7,1.9,8,3,1,0,57,7,4.3,2,1.5,Other,4,5.5,9.9
Cynthia Alexander,5,Female,Jenniferport,5.4,4,100,3,0,9,6,9,0.7,108,8,1.7,1.7,1.9,Other,6,2.8,10
Jessica Perry,25,Male,Lake Jill,4.3,7.9,74,2,0.3,7,2,10,1.2,69,18,2.6,1.7,1.9,Social Media,6,8,9.6
Misty Davis,37,Female,Wilkinsonville,4.8,6.5,56,7,1,3,8,9,1.9,118,12,2.6,2.1,0.5,Other,7,6,10
Jason Marks,5,Other,Brownburgh,5.1,4.6,58,8,0.4,2,6,7,0.2,137,12,1.3,2.7,1.8,Gaming,1,4.8,10
Kimberly Caldwell,21,Female,North Jennifer,1.9,8,88,3,0.6,7,2,5,0.7,46,14,2.4,1.7,0.6,Social Media,3,5,5.7
Jill Douglas,79,Female,Simmonsport,4.1,7.7,78,1,2.1,9,2,2,1.3,95,14,2.1,1.3,1.1,Browsing,7,7.4,8.4
Kelsey Nash,79,Male,Tammyview,6,5.1,95,10,1.9,7,6,3,1.9,147,10,1,2.8,1.1,Browsing,3,4.4,10
Charlene Myers,57,Other,Lake Michael,5.5,5.6,79,10,2.4,8,8,2,0.8,45,12,2.1,2.3,0,Education,2,6.4,10
Teresa Crawford,85,Female,Smithbury,4.2,6.6,99,5,0.4,3,1,10,2.1,68,11,2,4,1.2,Other,2,5.8,10
Cheyenne Valdez,37,Female,West Louisshire,8.2,6.9,70,1,0.8,8,5,9,0.9,62,7,2.9,1.7,1.5,Education,5,4.4,10
Brandi Abbott,92,Male,Gomezton,6.2,6.1,65,0,1.5,5,3,1,1.6,79,16,4.6,1.2,0.7,Browsing,2,6.2,10
Cynthia Bailey,90,Other,New Shannon,5.2,5.7,93,10,2,2,1,4,0.5,102,13,4.2,0.3,0.8,Browsing,10,4.7,10
James Henderson,13,Female,Aliciamouth,1.2,8,98,3,1.5,6,8,3,0.9,82,19,4.5,0,0.7,Other,4,6.4,7.1
Jordan Richard,42,Female,North Vincentstad,3.3,7.9,74,2,1.1,10,4,3,1.8,22,11,2.4,1,0.9,Gaming,10,5.5,5.4
Richard Li,2,Male,Yatesshire,1.2,8.1,89,9,0.7,2,9,5,1.5,148,15,1.7,3.3,0.9,Gaming,9,10.9,8.1
Nicole Irwin,42,Other,New Ryan,5.8,6.9,74,3,0,10,8,9,1.4,106,6,2.5,0,0.5,Social Media,4,1.7,8.2
Peter Nelson,50,Female,Rosalesfort,3.9,5.2,80,8,0.5,10,9,6,1.8,132,16,1.3,0,1.5,Browsing,9,8,8.4
Margaret Vazquez,34,Male,Dominiquebury,1.8,4,52,1,2.2,8,7,9,2.2,144,8,1.9,2.6,2.1,Social Media,7,5.3,8.8
Bryan Mcdonald,94,Female,South Zachary,4.5,5.5,61,9,1.4,7,3,4,1.4,125,14,2.8,1.4,0,Other,10,7.2,10
Steven Rivas,70,Other,Lake Barbara,6.9,6.6,60,2,0,9,5,2,1.4,144,13,2.5,1.9,1.1,Social Media,9,8,10
Joanna Jones,38,Other,Lake Dianechester,7.8,9.9,70,0,1,10,6,10,0.5,95,12,2,2.1,0.4,Other,7,7.9,10
Laura Giles,7,Female,Thomasview,3.3,5.3,65,7,1.1,6,5,1,1.6,142,9,3.3,0,0.9,Social Media,9,7.9,8.6
Kelsey Humphrey,83,Female,Stevensshire,5.9,3.8,81,4,2,10,7,9,0.6,129,10,1.4,1.9,1.1,Education,9,6.4,10
Thomas Martin,30,Other,New Suzanne,4.3,4.3,54,6,1.3,4,6,5,0.6,144,12,3.4,1.8,1.6,Gaming,3,6.1,10
Tonya Knight,78,Female,Port Sean,1.9,7.4,64,4,1.4,3,8,5,0.8,35,19,4,2.8,0.9,Social Media,6,5.4,9.5
Holly King,72,Other,Jonathanchester,3.6,5.3,79,9,1.1,4,5,7,1.1,113,10,3.5,0.4,0.7,Education,4,7,9.1
Thomas Garcia,57,Male,Benjaminville,7.6,4,51,0,0.3,8,6,9,0.3,101,7,1.4,3,0.9,Gaming,6,5,10
Anna Hahn,23,Other,New Davidchester,4.3,6.3,85,3,0,2,2,9,0.9,44,8,3.9,2,0.7,Social Media,5,7.2,9.5
Mark Fleming,8,Male,Bakerborough,2.6,7,53,8,0.9,6,3,10,1.7,135,20,3.8,3.4,0.6,Other,5,5.9,10
Samantha Rush,52,Other,Leemouth,4.5,5.7,76,9,2.6,5,2,2,1,59,6,1.3,0.8,1.6,Gaming,3,5.5,6.1
Stacy Johnson,20,Other,North Mary,5.3,7.6,72,1,1.3,4,4,7,0.5,75,12,0.6,0,0,Other,3,6,6
Joseph Patterson,38,Male,Mcdanielstad,2.9,7.9,83,6,1.4,3,7,1,0,30,5,2.4,2.8,2,Other,8,8,5.7
Sarah Willis,9,Other,Schultzbury,8,7.7,52,5,0.7,5,2,8,1.6,47,8,2.8,3.3,1.7,Education,6,7.8,10
Melissa Lambert,7,Other,South Jonathanstad,2.2,6.5,65,4,1.1,2,7,10,1.3,45,5,1.4,0.5,1.7,Gaming,7,6.2,2.8
Melissa Williams,32,Male,Port Johnside,1.7,5.9,53,8,0.4,9,10,5,1.2,23,10,2.2,1.6,0.1,Education,1,5.2,5
Jason Cunningham Jr.,82,Female,West Benjamin,3.8,7.3,95,5,0,1,5,3,0.4,63,5,3.7,2.1,0,Other,1,7.9,8.2
Heather Snyder,26,Male,New Sharonville,3.3,6.5,76,7,2.3,4,5,5,0.7,31,20,1.9,2.3,1.8,Other,3,2.9,8.9
Maria Watkins,17,Other,New Williamfort,4.1,4.7,54,4,0.4,1,6,4,0.4,72,14,2.7,0.5,1.9,Other,5,3.7,9.2
Lisa Bowman,36,Female,West Emily,7.1,7.6,63,1,1.9,8,4,5,1.5,115,19,2.8,3.1,1.6,Education,10,0.3,10
Ricky Clark,85,Female,South Kevin,2.5,7.1,87,0,0.4,6,2,7,1.8,40,20,2.3,1.3,1.6,Gaming,3,6.3,7.4
Patricia Reed,3,Female,Turnermouth,6,6.2,74,0,3.2,10,6,1,0.4,81,11,3.1,0.9,1.1,Other,6,6.7,10
Wendy Beasley,20,Other,North Sarah,7.5,6.7,80,3,1.5,3,2,9,0.7,93,8,3.5,0.7,1.4,Other,10,4.9,10
Jonathan Guerra,62,Male,West Jennifer,4.6,7.6,61,9,2.3,8,10,4,1.6,62,9,3,2.3,1.7,Education,7,3,9.1
David Mendoza,52,Female,Johnsonville,3.2,8,58,2,1.3,4,8,1,1.8,146,11,3.2,0,1.1,Browsing,8,8.6,7.5
Tracy Miller,67,Female,West Cody,4.6,6.5,80,2,0,2,5,10,0.6,20,14,4.5,1.2,2.1,Other,3,4.6,10
Christina Fields,37,Female,Gabrielleborough,3.7,6,64,1,1.2,10,3,9,1.5,117,17,2.4,1.5,0.9,Social Media,5,7,10
Kimberly Decker,41,Other,Jermaineview,7.8,7.1,85,0,0,4,4,3,1.2,53,5,2.9,1.4,0,Browsing,6,9.7,10
Jennifer Dodson,20,Other,Lake Brandonstad,5.2,6.2,53,2,1.6,2,6,2,0.3,22,10,0,1.7,0.7,Gaming,6,8.6,6.2
Richard Thompson,21,Female,East Aprilberg,7.4,6.7,75,5,0,7,4,6,1.2,28,16,2.5,1.8,1.4,Education,2,5.7,10
Maureen Lawson,76,Other,Alvarezberg,6.9,6.5,70,9,1.7,1,3,6,0.7,67,20,1.9,0,2.7,Gaming,8,4.9,10
Alicia Dickerson,76,Male,Davidshire,7.3,5,75,0,1.1,5,6,4,0.5,83,17,2.3,1.1,1.7,Social Media,7,6.4,10
Christina Griffin,19,Female,Port Donaldland,4,7.4,53,6,0.9,2,7,6,1.2,64,12,2.5,0,0.9,Gaming,9,6.1,6.5
Gregory Sims,100,Other,Robertsonberg,3,6.5,75,2,0.4,9,4,6,1.3,140,10,3.1,1.3,0.6,Social Media,4,3.7,9
Colleen Mooney,14,Male,Shawnfurt,4.9,8,86,1,0,6,6,6,1.6,64,11,3.6,1.5,2,Other,8,8.3,9.5
Jeffrey Williams,50,Other,Gonzalesville,4.9,7.9,66,4,0.4,1,7,3,2,23,16,0,1.3,1.6,Gaming,10,7.9,5.9
William Kaufman,73,Other,North Terri,4.4,5.7,75,4,0.4,4,5,9,0.8,67,10,2.3,1.6,0.1,Social Media,10,3.7,8.8
Sherri Miller,61,Male,South Patricia,5.8,4.8,69,0,1.6,10,5,4,1.3,84,12,4,1.3,1.1,Education,3,5.5,10
William Mills,92,Other,Port Deborahhaven,2.9,6.6,75,10,2,7,1,3,0.9,118,17,4.5,1.6,0.8,Social Media,2,5.3,10
Richard Kelly,93,Other,Bradshawborough,2.7,5.3,74,10,2.1,10,3,4,1,29,18,3.1,2.8,2.1,Education,7,9.4,10
Mark Wilson,44,Male,Lake Triciaside,0,7.1,82,2,0,8,7,8,0.2,31,7,1.2,1.3,0.5,Gaming,6,6.8,1
Ronald Clark,76,Other,Port Vickiland,2.5,5.2,72,7,0,1,9,7,0.5,103,7,0,1.6,2,Other,6,3.9,5
Debbie Reed,66,Female,North Alexanderbury,3.1,4.3,65,1,0.8,10,10,10,1.5,150,17,2.3,1.9,2,Social Media,5,7.1,10
Natalie Silva,2,Male,New Melissa,8.1,4.6,87,0,0,8,3,1,1.5,43,8,3.9,1.8,1.7,Education,8,7.7,10
Crystal Ward,85,Female,Taylorbury,6.7,7.1,73,7,2,10,6,6,1.3,28,9,0.6,1.7,1.1,Other,1,5.3,7.8
Mrs. Stephanie Huang MD,59,Male,Hornshire,6.7,5.8,97,6,0.4,8,9,9,0.9,107,19,3.3,2.6,1.6,Browsing,4,6.3,10
Sarah Johnson,85,Female,South Alexandra,5.1,8.3,78,1,0,9,5,7,1,46,6,4.1,3.5,0.4,Other,2,7.9,10
Regina Clark,35,Male,Brownton,5.2,7.5,66,5,1.4,1,10,4,0.4,131,7,2.9,0,1.5,Education,5,7,8.4
Kevin Cobb,40,Female,Jamesbury,4.3,7.3,95,7,1.7,8,2,7,1.3,26,20,5,1.1,1.5,Other,10,11.4,10
Michael Williamson,16,Male,North Nathanstad,9.5,7.4,65,6,0.9,7,8,4,0.7,36,18,1.4,2.6,1.5,Browsing,4,7.8,10
Mary Leblanc,10,Other,Millermouth,2.7,4.1,73,5,1.6,10,7,8,0.8,56,13,1.9,1.5,0.1,Browsing,4,5.9,7.8
Ronald Davis,63,Female,Patrickborough,6.4,5.3,55,9,1.9,8,3,6,2.2,121,13,3.8,0.2,0.9,Education,2,6.6,10
John Giles,30,Female,East Elizabeth,3.8,6.8,51,5,1,10,2,4,0.6,31,13,3.5,1.2,1,Other,8,4.9,8.3
Judith Johnson,46,Male,Maxwellfort,6.3,8,85,3,1,1,3,2,1.3,103,11,3,1.8,0.6,Social Media,6,5.4,10
Michael Smith,24,Male,Lake Jeffery,6.8,3.6,86,0,0.3,3,1,4,0.9,145,13,3.3,1.5,0.5,Gaming,9,4.5,10
Lisa Gonzalez,67,Male,Deborahmouth,11.2,8.1,55,1,1.5,4,6,3,0.9,34,17,3.6,2.4,0.9,Browsing,5,8.2,10
Russell Dalton,47,Other,Tatestad,2.2,7.1,97,4,1.4,7,7,1,1.7,56,12,1.9,0.4,0.1,Other,3,6.5,4.5
Fernando Barrera,91,Other,Wigginsshire,3.5,8.7,73,9,1.4,9,6,5,0.2,30,8,3.6,2.1,0.9,Education,2,7,7
Alison Nguyen,52,Female,Port Arianamouth,8.9,4.9,77,8,2,6,5,5,0.7,122,10,2.1,2.1,0.7,Browsing,7,7.8,10
Alison Gibbs,56,Male,Meganville,4.5,5,80,1,2.7,6,9,1,1.3,129,6,1.3,3.1,0.8,Education,2,2.8,10
Brenda Arnold,18,Male,Port William,4,6.8,87,1,0.9,4,5,8,1.3,83,17,2.5,1.3,1.3,Browsing,2,6.1,9.5
Lisa Bailey,90,Other,East Mark,1.7,5.1,86,7,2.1,4,1,3,1.2,57,14,3,2.1,1.6,Education,8,5.4,8.2
Kristi Reyes MD,63,Other,Brittanychester,4.3,6.5,98,0,0,10,8,5,1,89,20,3.2,1.9,1.2,Gaming,1,3.6,10
Teresa Beard,3,Female,Grayport,4.4,8,59,2,1.6,2,1,10,1,32,18,3.6,0,1,Social Media,2,5.3,8.2
Wendy Bailey,68,Male,Youngtown,4.6,3,68,1,0.6,10,7,6,2.2,104,16,3.2,2.2,1,Social Media,8,7.5,10
Susan Pineda,80,Female,New Charlesborough,5.7,5.3,73,4,0.2,4,7,7,1.1,143,7,2.3,1.2,1.5,Education,9,5.3,10
Catherine Ali,15,Other,South Jessicabury,5.4,5.8,93,2,0.5,4,10,6,0.5,143,19,2.6,3.1,0.5,Gaming,8,4.7,10
Samuel Robinson,16,Female,Susanfort,3,7.4,74,2,1.4,5,1,9,1.5,78,12,2.7,2.9,1.4,Social Media,6,8.7,8.9
Brian Brooks,25,Male,East Richardtown,3.1,5.7,91,5,2.2,9,1,3,0.5,32,17,0.9,0.7,1,Social Media,3,7.6,5.9
John Johnson,57,Male,Port Laurenville,3,5.6,95,8,2.1,5,5,2,0.6,53,12,3.3,2,0.5,Gaming,4,8.5,9
Abigail Hernandez,36,Other,North Albertstad,8.4,6.9,98,10,0.8,10,3,3,1.5,108,13,3.9,1,1.5,Education,5,5.9,10
Aaron Tyler,50,Male,Randyhaven,7.5,8.1,70,7,0.8,7,3,4,1.1,119,15,2.2,1.4,1.9,Other,5,5.5,10
Dwayne Rogers,52,Male,West Brianfort,3.8,6.8,50,5,0.1,10,6,5,0.6,74,8,2.8,4,0,Browsing,9,5.6,10
Nicholas Garcia,62,Other,Castrobury,3.7,7.4,82,10,0.8,5,7,9,1,144,14,1.9,2,1,Browsing,6,4.2,9.6
Elizabeth Williams,73,Male,Port Susanberg,7.3,5.6,56,0,0.3,7,10,9,0.8,39,9,0.8,1.2,1.9,Education,4,2.6,9.1
Samantha Heath,26,Male,South Alison,2.9,7.6,74,0,1.3,10,2,10,1.2,48,6,2.8,2.1,0.4,Education,8,3.5,6.2
Mike Mcgee,15,Male,North Scottfurt,3.1,7.6,62,3,1.6,3,2,3,1.2,112,7,0.5,3.1,2.6,Education,1,7.6,6.5
Teresa Lynn,74,Other,Port Bethburgh,7.1,3.3,54,5,0,10,8,6,0,132,13,3,1.5,0.8,Other,2,5.9,10
Kelsey Carter,63,Male,Sheafurt,4.2,7.3,64,2,0,6,9,10,0,37,13,2.1,0,0.9,Browsing,8,4,6
Jennifer Johnson,37,Female,East Lucasside,6.2,6.9,63,10,1.6,7,5,8,0,139,13,2.2,0,1.4,Other,1,5,10
James Richard,40,Other,Russomouth,6.7,5.5,77,2,1.1,1,6,6,0.9,36,6,0.3,0.8,0.9,Browsing,1,3.2,7
Todd Christian,36,Male,Port Julia,3.5,8.8,57,6,0.8,1,10,8,0.8,73,16,0,2.2,0.5,Social Media,7,5.4,6
Heather Bailey,14,Female,New Amanda,6.9,6.1,59,4,0.7,2,6,6,0.7,114,15,1.4,1.9,2.6,Other,2,6.9,10
Nathan Simmons,32,Male,Martinside,4.9,5.1,99,2,1.5,3,5,3,1.2,63,19,4.4,2.2,0.8,Browsing,4,5.9,10
Benjamin Holmes,38,Female,Port Carol,0,5.5,53,6,0.4,4,7,1,0.6,32,14,2.9,0.1,1.3,Browsing,10,1.3,3.7
Daniel Davis,23,Female,Johnsonberg,4.7,7.8,63,4,2.2,3,7,2,1.1,62,13,2.6,0.4,0.5,Social Media,1,5.1,7.6
James Cole,100,Female,West Donaldfurt,9.1,6.2,85,4,2.4,8,3,3,1.5,33,17,3.3,0.1,1.6,Browsing,4,7.5,10
Joseph Thomas,8,Male,Parkerland,0,7.8,73,3,0.6,7,3,1,1.5,27,11,2.6,1.8,0.7,Social Media,9,6.9,3.2
Melissa Wang,88,Female,East Kaylaberg,4.3,9.5,52,6,0,6,5,9,1,41,17,3.5,1.4,1.8,Education,6,6.5,8.7
Richard Jordan,62,Other,Evelynborough,2.2,8.8,92,6,0.5,10,9,2,0.3,80,19,2.2,1.8,1.2,Other,4,5.8,7.2
Sara Johnson,99,Female,Michaelfort,2.6,6.3,98,2,0,7,10,7,0.8,65,14,2.4,2.5,0,Gaming,6,6.8,8.4
Bryan Barnes,97,Female,New Dawnshire,4.8,7.4,93,1,0.9,4,9,2,1.5,125,6,1.9,2.5,1.4,Education,10,6.2,9.2
Pamela Bailey,99,Male,New Thomasbury,5.3,7.9,80,4,1.3,7,3,5,2.1,142,14,2.7,0.1,1.1,Gaming,2,7.2,9.8
Paula Roy,60,Female,Lindaland,5.6,7,67,3,0.5,8,5,9,1.3,59,17,0,2.3,0.6,Education,3,4.4,9
Hector Wright,15,Male,Juliaborough,8.4,6.1,54,0,1.2,3,2,3,0.8,94,19,1.8,0.2,1.4,Education,8,2.2,10
David Hill,71,Other,Lake Megan,3.4,6.9,94,7,1.4,7,3,10,0.7,64,17,2.8,1.6,0.8,Other,6,5.5,9
Travis Watson,95,Female,Ramirezshire,6.9,5.3,84,10,0.4,4,1,6,1.1,136,9,3.5,0.3,2.3,Other,6,7.1,10
Brenda Hernandez,20,Other,Theresaville,7.8,7.2,97,4,0,6,3,7,0.1,52,19,2,2,2.3,Education,8,8.3,10
Jonathan Freeman,86,Male,Wilsonchester,6.5,6.5,83,9,1.8,9,9,6,1.1,24,13,3,1.9,0.4,Browsing,6,6.9,10
Victoria Burton,52,Female,Davisbury,3.5,6.1,83,4,1.8,3,2,3,0.8,48,9,2.9,1.3,0,Other,7,8.8,7.4
David Fernandez,63,Female,Wisechester,3.9,5.8,86,4,2.3,1,5,9,1.6,66,15,1.4,0.2,1.3,Gaming,8,6.5,6.9
David Black,71,Male,Clarkstad,4.7,7.8,69,8,1,1,1,1,0.7,27,7,3,3.2,1.5,Social Media,10,3.8,8.9
Donna Williams,50,Male,New Dennis,3.8,8.8,91,8,0,10,3,10,0.7,85,10,2.2,0,1.6,Social Media,4,4.6,5.3
Sean Perez,61,Other,North Michelleport,4.9,3,75,8,0.3,6,8,4,0.6,112,11,0.5,2.8,0.3,Education,6,4.1,10
Chris Krause,45,Other,West Jessicaton,7,6.4,65,6,1.2,4,6,9,0.6,135,20,1.8,0,0.4,Other,2,5.3,10
Jeffrey Gallagher,72,Female,North Heather,6.3,6.9,62,3,2,2,3,1,0.4,91,7,3.8,2.5,1.2,Browsing,4,7.4,10
Thomas Matthews,82,Female,New Stephanie,3.4,6.5,80,7,0.8,5,2,6,0.6,66,14,2.7,1,1.6,Other,6,4,8
Gregory Smith,13,Female,Sandrahaven,7.7,10,82,2,1.7,7,7,10,1.3,105,7,2.7,1.4,0.8,Browsing,9,6.4,10
Kevin Ryan,98,Female,Bowerstown,0,4.6,66,5,0.5,6,10,1,1.3,69,12,3.8,2.9,0.6,Education,7,2.8,8.2
Steven Roberts,26,Other,Hernandezville,3.6,5.3,93,8,0,5,5,8,1.3,119,15,1.1,1,0,Education,3,7.5,8.4
Adam Boone,83,Male,Justinfort,7.5,7.4,95,5,0.5,5,10,9,1.1,34,14,2.6,1.6,1.5,Other,3,3.3,10
Amanda Webb,99,Male,New Marcshire,8.3,7.2,63,3,2.3,9,1,10,0.7,79,18,3.8,2.6,0.7,Browsing,8,7.2,10
Scott Davis,15,Female,Ericaborough,8.5,5.8,76,4,1.9,4,2,8,0.5,144,10,1.3,1,1.2,Social Media,9,3.9,10
Nicholas Dixon,13,Other,Lake William,4.2,5.1,62,4,0,3,4,2,0.8,110,17,1.9,1.2,0.1,Other,8,9.4,10
Julia Smith,58,Female,Christybury,3.7,6.9,91,2,2.6,7,8,3,1,62,11,2.3,2.1,1,Other,1,8,8.1
Allen Williams,14,Other,Emilystad,5.7,8.6,94,1,1.5,8,8,1,0,141,13,2.4,0.4,0.8,Browsing,4,6.2,9.6
Mary Davis,74,Male,Alyssaburgh,1.2,6.9,75,3,0.9,9,5,9,1.6,135,10,3,1.6,1,Other,8,3.8,7
Jeremy Martin,76,Other,Dillonport,7,6.9,93,8,0.4,4,7,6,0.4,67,19,3.4,1.7,0.9,Social Media,7,4.7,10
John Scott,42,Other,Rebeccaburgh,4.1,6.5,92,9,1.2,2,5,8,1.8,144,8,3,2.9,1.4,Other,1,4.2,10
Andrew Dorsey,30,Female,Pittmanberg,5.4,4.9,93,6,1.8,5,2,3,0.8,132,6,3.8,0,1.1,Education,2,7,10
Paula Hernandez,89,Other,West Makayla,7.7,6.6,69,6,1.4,7,10,5,1.7,23,16,3.2,0.7,0.7,Browsing,7,8.3,10
Joseph Garcia,15,Female,Ricardoport,7.9,7.3,95,0,1.8,5,3,1,1.1,101,13,1.8,0.2,0.6,Social Media,8,5.3,10
William Ramos,64,Other,North Tracy,2.9,5.8,78,6,1,9,3,5,1,61,12,0.6,0,0.6,Social Media,4,5.6,4.2
Spencer Edwards,34,Male,Phillipville,2.9,6.1,79,7,2.9,3,4,2,1.3,128,8,1.9,1.6,1.3,Browsing,2,4.1,7.5
Tiffany Perez,99,Male,North Paigemouth,5.1,8.3,50,3,1.9,1,3,7,0.9,148,5,3.2,0.5,1.4,Social Media,10,3.9,8.6
Justin Reed,33,Female,Sarahshire,6.1,6.2,55,9,0.7,5,3,6,1.1,37,16,3.7,1.9,0,Other,8,7.4,10
Janice Herrera,43,Male,East Robert,5.6,6.3,100,8,1.7,4,5,1,0.9,117,13,2.2,0.6,1.2,Gaming,4,8.6,10
Michael Todd,75,Male,North Aaron,4.8,5.3,83,8,1.4,2,3,10,1.9,145,12,3.6,1.5,0.9,Gaming,4,8.1,10
Katie Miller,9,Male,Christophermouth,9.4,5.8,61,1,1.5,3,3,9,1.5,137,10,2.7,0.6,2,Gaming,3,3.6,10
Priscilla Moore,28,Female,Guzmanmouth,5.3,6.9,89,10,2.5,2,8,9,0.5,93,16,2.1,0.7,1.3,Browsing,2,4,9.7
Jason Macdonald,34,Female,Port Cassandramouth,5.2,7.4,96,3,0,5,2,8,0.3,117,8,3.5,1.1,0.2,Other,4,7.1,10
Robert Rice DDS,53,Female,West Brianborough,4.3,5.3,66,8,1.4,4,10,2,1.1,79,11,1.8,1,0.4,Gaming,10,4.7,8.2
Cynthia Gonzalez,63,Male,Aaronland,4.6,6.6,100,1,0,8,2,1,1.4,58,17,2.3,0.6,0.1,Gaming,1,5.8,8.8
Amanda Lee,3,Male,Port Bonnie,4.4,7.1,52,4,0.6,2,9,3,0.6,98,17,2.6,1.4,0.5,Education,6,6.3,10
Eric Yates,67,Male,Dustinmouth,7.8,6.7,81,8,1.6,2,2,7,0.7,36,10,2.7,0.6,0.8,Education,8,6.1,10
Logan Burns,93,Female,East Kristin,6.9,5.6,94,6,1.2,8,3,10,1.2,113,8,1.2,1.8,0.3,Browsing,8,5.4,10
Ashley Villarreal,24,Male,Brookston,3.9,4.5,100,3,1.7,9,1,8,0.9,65,18,2.2,0.1,0,Social Media,5,4.9,8.8
Thomas Murphy,31,Male,West Alisonfort,6.4,8.4,79,7,1.6,10,4,8,0.8,56,17,1.5,2.1,0.9,Social Media,6,6.3,10
Mark Becker,58,Other,Laurenstad,1.1,5.9,96,2,0,9,8,2,0.8,80,14,2.6,3.6,0.8,Education,7,7.2,8.8
Tammie Harris,21,Female,North Sarahshire,3.6,8.2,95,3,0.1,1,2,4,1,61,6,2.2,2.1,0.8,Education,2,5.7,6.2
Antonio Perry,90,Other,Millerhaven,6.4,6.3,88,10,0.8,6,4,5,0.7,91,10,2.6,2.1,0.5,Education,6,8.6,10
Toni Gamble,60,Other,Michaelview,5.1,5.6,68,0,2.7,5,4,5,0.7,67,18,4.5,1,1.9,Other,2,4.7,10
Sarah Hart,21,Male,South Amanda,1.8,4.8,74,8,1,2,9,5,1.7,132,13,4.3,3.6,0.7,Other,1,7.2,10
Brandy Scott,79,Other,North Randy,5.2,5.7,86,9,0,4,2,1,1,120,14,1.6,1.2,0.2,Gaming,10,7.4,10
Mrs. Mary Peterson,25,Other,Sarahside,4.3,8.5,90,2,0,6,3,4,0.7,71,20,3.6,0.9,1,Other,5,7.7,10
Elizabeth Thompson,12,Other,Port Paulfurt,6.4,3.8,90,6,1,4,5,7,1,47,17,2.5,0.3,1.5,Browsing,7,4.3,10
Christopher Oneal,25,Male,Jesseview,6.2,5.5,61,7,1.2,10,10,8,0.2,123,6,3.5,1.6,1.2,Gaming,4,4.8,10
Matthew Robertson,96,Female,Ramirezfurt,5,5.6,68,10,0.8,5,6,1,1.5,83,16,3.4,0.2,1.7,Other,7,9.3,10
Bailey Houston,86,Other,Lake Mary,8.4,5.8,75,9,1.8,7,4,5,1,90,15,2.3,0.8,0,Other,4,2.9,10
Sarah Scott,50,Other,Ryanshire,3.8,8,77,3,0.7,1,5,9,0.6,46,6,2.7,0.2,1.1,Browsing,8,4.4,4.8
Brian Rodriguez,70,Male,Riveramouth,5.1,5.2,54,2,1.5,1,3,3,0.9,37,5,4.1,0.6,1.3,Social Media,5,4,8.9
Michael Kemp,11,Other,West Catherine,7.5,8.2,100,1,1,3,7,2,1.2,44,17,2.6,3.1,1.1,Education,1,5.3,10
Elizabeth Jones,85,Other,Lake Brian,5.5,8,80,3,1,2,3,7,1.3,81,19,1,2.3,1,Education,1,10,10
Kenneth Moore,43,Other,South Michelle,6.1,4.5,70,8,1.8,10,8,9,0.6,100,12,3.6,2.7,0.6,Education,1,2.8,10
Christopher Sims,38,Male,East David,8.9,5.7,86,4,1.6,5,3,6,0.6,24,9,3.6,1.3,2,Social Media,10,9.6,10
Jennifer Espinoza,58,Other,Masseyfort,5.2,4,69,7,1.8,4,6,3,1.6,30,9,1.7,0.8,1.2,Education,2,7.5,8.1
Alicia Neal,70,Male,Shaneshire,2.6,6.2,86,9,0.7,8,7,6,1,62,20,3.2,1.5,1.7,Gaming,6,4.3,9.4
Mr. Stephen Johnson DVM,31,Female,West Carlosburgh,4.9,3.4,76,0,1.5,1,3,4,1.3,61,10,2.9,1.7,0.5,Other,1,4.4,10
Danielle Bates,66,Other,Charleston,4.5,4.8,82,4,1.1,1,6,5,1,21,20,1.9,2.9,0.2,Gaming,5,7.8,10
Elizabeth Huber,85,Female,Keithchester,8.1,4.5,59,8,1.2,1,8,8,0.6,48,11,1.9,1.2,1.4,Other,9,4.9,10
Beverly Hardy,95,Male,North Craigtown,4.5,4.6,77,7,1,10,1,4,0.6,146,19,2.4,1.6,1.9,Social Media,5,5.4,10
John Cochran,49,Male,Port Saraport,2.9,8.1,57,9,2.6,8,8,8,0.9,93,6,2.4,1.7,2,Browsing,6,7.6,6
Michael Wiley,51,Female,North Andrewtown,7.6,9.7,76,6,0.9,2,6,4,0.3,75,5,2.1,0.4,0,Other,2,6.5,7.8
Jeffrey Brown,86,Female,New Laura,3.5,6.8,91,4,1.1,5,3,4,2.2,107,12,3.7,1.4,0.5,Browsing,1,9.2,9.7
Alisha Howard,69,Other,South Rachelburgh,4.1,6.6,57,0,1.3,4,6,2,0.8,95,5,1.5,0,0.6,Social Media,2,7.6,5.2
James West,70,Other,Alvaradoside,6.9,6.9,70,3,1.6,2,1,9,1.2,69,9,1.9,1.7,0,Social Media,1,6.4,10
Austin Dixon,21,Male,Markbury,4.7,5.1,91,3,0.7,4,6,7,1.6,23,16,3.9,3.3,0.8,Browsing,10,9.8,10
Jessica Mcmillan,33,Other,Emilyfort,6.2,5.1,87,3,1.7,6,2,1,0.6,101,16,2.8,3.1,0.5,Other,9,7.2,10
Jermaine Wu,61,Male,Port Paula,3.6,7,82,10,2,9,9,10,0.8,137,7,3.6,0.1,1.8,Browsing,10,5.7,7.9
William Cordova,35,Female,West Annehaven,6.6,5.6,96,8,1,2,6,4,1.1,55,18,2.7,0.9,1.9,Gaming,10,1.8,10
Jose Avila,63,Male,Robertside,3.2,4.1,97,4,0.8,8,1,5,1.2,146,13,2.7,1.7,1.6,Gaming,2,10.7,10
Christopher Wright,14,Other,North Johnnystad,9.4,7.3,50,7,0.9,10,7,1,1.4,119,16,0.4,1.7,0.6,Other,1,3.5,10
Jessica Stevens,12,Male,East Michaelberg,1.7,4.3,81,8,0.9,3,6,2,0.7,126,13,2.4,0.3,0,Social Media,6,3.6,7.4
Joseph Powers,80,Other,South Jennifer,7,6.5,57,5,1.4,3,7,3,0.9,47,15,2.8,0.8,0.6,Social Media,6,3.8,10
Jacqueline Evans,38,Female,Jesseburgh,5.2,10,76,3,1.7,5,3,2,0.8,96,9,2.3,2,1.2,Education,4,3,8.2
Richard Lee,45,Male,Andrewville,4.9,7.2,60,8,0.8,6,7,3,0.9,35,18,3.2,2.2,1.7,Other,7,9.2,10
Heather Dickerson,70,Other,Hughesside,9.1,7.4,75,1,0.4,8,8,3,0.8,76,8,2.2,2.4,0.7,Education,1,9.9,10
Christopher Hamilton,98,Male,Petersenberg,5.4,9,66,1,0.7,3,9,4,0.6,95,6,3.4,0.2,1.4,Social Media,10,6.1,7.6
Christine Duncan,91,Female,New Alison,5.8,6.1,65,1,1.9,6,6,4,1.6,57,19,2.7,2.6,0.6,Gaming,10,4.9,10
Denise Cummings,16,Male,Pattonbury,7,9.1,53,1,1.5,3,3,3,2.4,120,17,2.3,3,0.8,Gaming,1,5.2,10
Tanya Smith,61,Other,South Rachel,3.3,9,57,9,2.5,8,8,3,1.2,36,19,2.3,1.1,0.3,Education,5,7.2,6.7
Jackie Rowe,59,Male,Walkerchester,4.6,5.3,51,10,0.5,9,8,7,0.8,124,17,2,2,0,Browsing,1,6.9,10
Brian Blackburn,57,Male,West Angela,5.9,9.2,100,6,0,4,5,8,0.6,44,14,2.8,0.4,0.9,Social Media,1,4,8.2
Robert Li,54,Female,Carrieshire,4.5,6.6,53,3,0,4,7,4,1.6,149,7,3.2,2,0.2,Other,9,5.2,10
Maria Anderson,86,Other,Hernandezside,6.2,6.3,97,3,0.9,1,2,7,1.4,63,6,3.5,0.7,0.6,Education,1,6.2,9.7
Russell Hernandez,52,Female,New Katherine,6,5.6,67,7,0.8,8,4,3,0.8,150,16,2,1.4,0.5,Education,9,3.7,10
Danny Terry,25,Female,Smithhaven,2.4,8.2,99,10,0,7,5,10,1.5,68,14,2.5,2.2,1.4,Education,4,5.9,7.2
Matthew Ayala,63,Female,Robertsonstad,4.1,5.7,53,1,0.6,4,1,1,1.5,135,14,2.2,0.7,0.8,Other,8,4.4,9.6
Donna Adams,80,Other,Tiffanyville,2.5,7.2,82,8,0,5,8,6,0.8,105,6,0.9,1.6,1.1,Browsing,7,9.9,4.7
Madison Costa,60,Male,Allenville,4.3,5.9,90,5,0.9,7,7,1,1.3,129,14,2.6,1.9,1.9,Gaming,3,7.7,10
Billy Crawford,29,Female,Mayland,2.7,7.6,98,7,1.1,4,8,9,0.7,100,12,2.2,1.3,0,Gaming,6,4.1,6.8
Tyler Mills,83,Female,Wangton,4.2,6.3,78,9,1.1,9,2,10,1.3,69,13,1.2,1.8,1.2,Other,3,5.5,8
Ian Anderson,30,Female,South Kevinside,6.2,5.8,76,1,1.3,9,2,3,0.6,72,11,1.9,3.2,0.8,Browsing,2,4.6,10
Erik Weaver,34,Female,Carlfort,5.4,5.3,59,4,0,7,5,3,1.1,24,18,2.6,2.4,1.6,Browsing,4,4.5,10
William Pacheco,90,Other,Alexandrafurt,5.8,7.8,87,2,0.6,7,10,6,1,110,13,3.1,2.5,0.8,Browsing,3,5.2,10
Mrs. Gina Thomas,18,Male,Johnshire,2.4,5.3,70,3,1.8,10,7,3,1.4,110,5,3.3,1.4,1.8,Education,6,2.9,7.6
Heather Hooper,70,Male,Richardmouth,6.1,7,79,3,0,5,6,1,1.4,150,9,4.1,0.8,1.6,Social Media,9,10.2,10
Jessica Hall,7,Other,Greenshire,4.9,4.5,95,2,1.4,8,9,2,0.7,21,17,3,1.2,0,Gaming,8,3.5,10
Marc Mills,76,Female,New Denisechester,8.8,7.1,90,1,0.7,1,4,7,1.3,95,18,1.7,1.7,1,Browsing,8,5.9,10
James Jones,85,Male,Sharpbury,6.2,4.9,78,8,1.9,4,3,5,0.9,63,8,1.9,1.9,0.1,Education,9,4.4,10
Dean Ellis DVM,49,Male,Smithmouth,2.2,7.4,57,8,2.1,10,7,6,0.9,20,7,3,1.2,2.1,Other,5,5.2,4.5
Eric Logan,40,Female,Marthafurt,3.8,4.9,92,8,0,5,5,3,2.2,43,7,1.9,3.3,1.6,Gaming,9,8.3,8.8
Dawn Hood,93,Other,Salazarmouth,6.9,5.7,61,10,0.7,3,9,2,1.4,111,14,2.9,1.5,1.6,Browsing,2,8.6,10
Mrs. Megan Johnson,14,Other,West Tinafurt,5,3.5,62,7,0.6,5,6,2,0.3,71,9,3.3,2.7,1.4,Social Media,10,7.8,10
Lauren Beck,57,Male,Sharpland,7.4,6.3,75,0,0.8,2,10,1,1.6,98,12,1.2,0.3,0.4,Gaming,5,8.2,10
Jason Dillon,85,Female,Kimberlyland,5.1,6.9,59,8,0,6,7,8,1.6,51,19,2,1.7,1.2,Browsing,10,4.6,10
Jeanne Gordon,48,Other,East Joseph,0.2,5.7,97,6,1.2,8,6,2,0.6,81,10,1.3,2,1.2,Education,9,7.4,4.3
Sheri Hudson,5,Other,Vanessaborough,2.6,6.3,73,7,2.3,2,6,5,0.4,120,7,3.3,2.9,0.9,Social Media,9,3.6,9.4
Sherry Gregory,70,Male,Abigailview,6.2,6,93,3,1.5,4,5,1,0.5,56,13,1.6,1,1.9,Social Media,6,3.7,9.5
Julie Conrad,92,Female,Lake Tyrone,4.5,9,81,5,1.8,5,7,8,0.8,83,5,2.8,1.6,1,Browsing,6,7,7.1
Bobby Silva,35,Male,New Susanburgh,6,8.9,80,10,1.8,8,5,3,1.2,49,14,3.2,1.5,0.4,Gaming,10,6.2,10
Patrick Gray,50,Male,West Jason,4.1,8.1,71,3,0.5,2,3,2,1.4,52,14,1.6,1.5,1.2,Other,10,3.1,7
Alexander Crane,28,Female,Michaelland,1.1,6.5,83,3,1.7,2,8,6,1,47,12,1.2,0.6,0.8,Education,9,6,3
James Smith,43,Female,East Meganburgh,7.1,4,97,10,1.8,10,9,2,1.1,116,7,2.9,2,1.5,Education,2,6.8,10
Samantha Robinson,92,Other,South Robertland,4.9,6.5,89,1,0.8,7,1,5,1.2,37,12,1.8,2,1.2,Social Media,3,7.8,8.6
Glenn Jones,14,Other,Lake Travis,1.5,7.8,70,5,0.7,1,4,7,0.3,45,7,3.2,1.2,0,Other,2,5.7,4.3
Stephen Carter,93,Female,Mariaburgh,5.5,6.9,57,10,1.6,3,1,9,1.4,67,20,1,0.8,0.3,Browsing,2,6.2,9.2
Ian Orozco,65,Other,Boothhaven,0.9,5.9,62,6,1,10,4,1,1.3,55,17,3.3,2.3,1.1,Social Media,7,6.2,8
Michael Massey,62,Female,Kevinport,4.4,8.6,94,0,0,3,4,1,1.8,38,8,2.7,1.1,0.8,Education,6,3.7,6.3
Joanna Taylor,22,Female,North Paulview,4.7,9.9,93,0,0,6,4,10,1.3,99,16,2,1.3,0.6,Browsing,8,4.3,8.2
Kristina Stevenson,70,Male,Warrenmouth,6.2,6.9,81,3,1.1,2,6,4,0.7,67,14,3.8,0.4,0.2,Education,3,5.3,10
Bradley Fuller,77,Male,New Brandychester,5.8,9.1,98,6,1,7,8,4,1.5,92,15,2,1.6,1.5,Social Media,4,8.9,9.7
Alexis Smith,11,Other,Patrickton,6.6,3,85,3,0,9,7,9,1.1,95,19,2.5,1.2,1.1,Gaming,4,6.9,10
Amber Mitchell,90,Female,Danielburgh,9.2,7.6,93,6,2.1,6,6,10,1,147,8,3.9,4,0.6,Other,4,5,10
Sara Johnson,54,Other,Tarafurt,5.8,7.8,67,9,0.1,6,9,5,1.3,117,13,1.7,0.1,0.8,Social Media,3,8.3,8.6
Michael Bell,10,Female,Travischester,4.4,4.3,93,0,1.9,1,4,9,1.1,28,18,3,1.3,0.8,Gaming,8,7.6,10
Sara May,3,Other,North Katiestad,8.1,7.4,88,4,1.2,7,5,6,1.5,128,19,1.7,1,0.5,Gaming,2,3.6,10
Deanna Ferguson,74,Female,Lake Vernon,5.1,5.1,97,2,1.2,1,6,5,1.3,23,13,2.8,1.5,2.2,Social Media,5,8.4,9.9
Deborah Patterson,80,Other,Huntmouth,5.2,8.2,61,8,1.7,8,10,5,2.1,51,13,0.7,0,1,Other,9,3.9,5.4
Tasha Eaton,29,Male,Levyside,2.6,5.6,72,6,0.4,9,4,8,1.1,132,15,3.3,1.4,2.2,Browsing,7,3.7,10
Sarah Morris,83,Male,Port Leslieborough,7.4,7.7,94,6,0.7,9,2,10,0.2,40,15,1.5,0.5,0.7,Gaming,6,2.6,9.4
Victoria Long,11,Other,Port Danielfurt,7.7,5.4,89,4,0.8,7,1,6,1.4,147,10,0.5,0.7,1.8,Education,6,6.4,10
Scott Gutierrez,54,Female,North Christinamouth,3.9,8.4,63,9,0.2,8,5,7,0.5,113,17,3.6,2.3,0.8,Browsing,1,2.3,10
Teresa Baldwin,73,Female,New George,6.7,8.9,52,0,1.3,2,2,10,0,105,17,1.6,0.7,2.2,Other,8,3.4,10
Jacqueline Reyes,74,Other,Paigeburgh,6.9,6.8,92,5,1.6,1,8,2,0.4,68,10,2.6,1.4,0.8,Browsing,4,8.9,10
Gloria Miller,6,Male,Ericashire,6.7,10,57,3,0.7,6,6,7,0.5,111,11,0.5,2.1,0.8,Education,5,7.7,8.7
Caleb Carter,75,Other,Morrowberg,4.6,6,76,0,0.5,3,8,2,0.9,24,5,2.2,2.2,1.8,Social Media,8,1,7.5
Kelly Garza,4,Other,West Mikebury,3.7,8.2,60,4,0.3,9,1,7,0.7,139,14,4.6,2.2,0,Browsing,8,6.3,10
Antonio Brown,100,Female,West Susan,4.5,5.9,62,1,1.5,9,9,3,0.9,79,17,3.2,1.2,0.1,Gaming,6,5.9,10
Thomas Horton,9,Female,East Heathershire,1.7,7.5,69,6,0,2,8,7,1.2,79,19,2.3,0.9,0.6,Social Media,1,3.7,6.5
Benjamin Cruz,26,Male,New Christophermouth,3.2,6.8,60,2,1.6,3,5,10,0.8,109,20,2.2,1.9,1.5,Social Media,8,0.4,10
Tara Rice,10,Female,South Michelle,2,7.1,51,3,0.6,4,5,6,0,65,18,3.6,1.5,2.4,Other,1,7.5,8.4
Donna Hampton,66,Other,Lake Jesseshire,2.7,3.6,80,1,2,5,2,4,2.1,109,19,3.5,1.3,1.8,Education,6,9.6,10
Jessica Riddle,84,Male,Ashleemouth,2.1,6.7,59,6,0.7,7,1,6,1.3,70,18,3.1,3.4,0.2,Social Media,6,4.2,10
Douglas Armstrong,60,Female,North Christopherburgh,6.5,8.1,81,4,1.6,7,5,1,1.7,150,14,2.8,1,0.7,Education,8,5.2,10
Jonathon Carter,13,Other,South Jamesstad,4.7,7.3,64,10,0.7,1,1,2,1.2,29,6,3.3,0.7,1.1,Social Media,5,3.6,6.8
Stephen Cohen,27,Female,Burgessfort,5.5,6.6,90,4,1.1,7,5,10,1.3,106,17,4,0.7,1.4,Social Media,7,7.1,10
Amber Murphy,37,Other,South Alexisberg,4.1,3.6,100,8,0.8,10,4,4,0.6,31,17,1.5,1.7,0.9,Social Media,3,4.1,9.5
Logan Hill,95,Other,New Stacy,8.2,7.3,62,6,2.5,1,4,10,1.4,84,13,0.6,0.2,1.4,Gaming,6,7.5,9.6
Michael Brown,88,Female,New Donald,2.2,8.4,77,2,0.1,7,6,5,0,81,13,1.2,0.4,0.7,Browsing,4,6.8,3.8
Michelle Thompson,72,Other,Johnview,2.5,6.1,80,8,0.2,7,5,10,1,50,7,2.2,0.4,0.7,Social Media,8,3.5,4.5
Maria Maddox,32,Male,North Terri,4.4,6.6,63,7,0,10,10,5,0.3,136,6,3.1,3.5,0,Browsing,4,5.4,10
Joshua Alvarez,62,Other,West Adammouth,6.8,10,79,3,0.9,7,2,9,0.3,117,18,1.4,0.7,0.9,Social Media,8,3.7,9.8
Caitlin Stanley,38,Female,East Adrian,6.2,4.6,72,5,1.7,6,9,4,1.4,32,7,1.5,1,0,Other,6,6.8,8.4
Jonathan Olson,81,Other,Port Elizabethmouth,3.9,6.6,50,6,0,6,8,2,0.6,34,18,1.9,1.3,0.5,Education,3,6.4,8.1
Lee Gaines,55,Other,North Michaelhaven,9.5,6.7,59,2,0.6,8,8,7,1,79,17,2.6,0,2.1,Gaming,1,8.7,10
Johnny Peterson,50,Female,North Melissaborough,3.6,7.2,85,5,0,1,5,6,1,109,15,2.9,1.2,2.3,Gaming,3,7.5,9.3
Albert Williams,49,Male,West Loristad,4.4,4.7,69,4,0.4,3,4,3,0.2,119,8,2.6,2,2.6,Other,2,9.4,10
Christine Wallace,20,Female,Kylestad,7.1,4.9,61,1,1.5,9,7,2,0.4,86,14,2.2,1.5,1.9,Browsing,10,4.6,10
Nicholas Turner,43,Male,South Rebeccaburgh,5.9,8.3,73,0,1.2,5,6,8,0.8,93,12,1.8,1.1,0.4,Gaming,3,7.5,8.9
Terrence Newman,33,Female,Sanchezfurt,5,7.6,100,8,1.1,4,3,8,0,100,12,2.5,1.8,1.1,Other,4,5.6,9.9
Alexandra Alvarez,96,Male,New Bonnie,4,5.1,87,10,2.1,5,4,6,0.8,45,14,1.5,1.8,0.3,Social Media,4,7,8.4
Gregory Williams,26,Male,Stevenborough,4.2,6,58,6,1.1,3,10,8,0.6,47,8,2.2,3.4,0.3,Gaming,4,7.7,9.3
Kenneth Cisneros,86,Other,East Michael,4.7,6.4,97,6,0.6,7,5,1,1,36,18,2.2,2.5,0,Social Media,5,2.9,10
Danielle Moore,38,Female,Jenniferland,2.2,5.5,56,6,1.1,2,7,8,0.1,42,19,1.1,2.9,2.2,Other,9,6.7,8.1
Amber Brown,13,Female,South Michaelview,4.7,5.6,90,6,1.5,10,10,7,0.6,127,9,2.3,1.9,0.9,Gaming,5,1,10
Rebecca Fisher,70,Female,Avilafurt,7.1,4.7,80,5,1.2,1,8,7,1,148,17,2.7,0.3,1.5,Social Media,7,6.7,10
Jamie Henderson,12,Male,Coleport,1.1,3.8,88,7,0.4,1,10,5,0,144,15,2.6,1,1.4,Gaming,5,8.2,8.7
Aaron Campbell,71,Female,Port Sandra,4.9,6.7,61,10,2.3,8,6,10,1.1,73,9,2,2.9,1.1,Other,9,2.6,9.7
Amy Marshall,21,Female,Port Justinmouth,4.9,7.2,54,8,1.6,3,2,1,0.2,115,6,2,2.8,1.8,Other,1,5.5,9.6
Kristopher Stewart,82,Male,Jordanbury,6.2,6.9,54,2,0,1,10,1,1.1,132,13,2.5,1.2,0.8,Education,1,5.4,10
Susan Phelps,50,Female,Michaelberg,3.2,8.4,52,5,1.2,8,2,9,0.3,116,15,3.1,0.6,1.5,Social Media,6,6.1,8
Nicole Jones,72,Male,Rebeccaport,7.7,7.4,50,10,1.8,8,2,10,0.8,26,10,2.7,2.3,0.9,Education,10,3.8,10
William Day,68,Male,Noahhaven,3.9,5.5,94,3,0.6,9,9,3,1.3,79,9,2.6,1.3,1.3,Education,9,4.9,8.4
Michael Lowe,18,Other,South James,5.7,7.5,67,8,1,1,10,10,0.8,103,10,0.7,2.2,0.6,Other,2,6.4,8.9
Carol Thomas,39,Female,South Tammyborough,0,7.8,61,7,0.8,7,2,3,1.1,76,14,3.6,0.7,1,Education,7,8.9,4.7
Samantha Martin,59,Female,South Jamiehaven,3.2,4.4,81,10,3,5,9,9,1.1,20,6,2.3,3.6,1.1,Other,5,5.5,8.5
Deanna Heath,62,Female,West Johntown,10.3,7,57,2,0.4,6,9,4,1,136,20,3.9,1.7,0.2,Browsing,10,8.7,10
Catherine Shaw,73,Male,Lake Davidmouth,3.3,5.3,97,0,0,6,5,5,1,114,20,2.2,1.4,0.4,Education,2,5.1,10
Lisa Wallace,57,Female,Brockville,4.2,7.3,81,5,0.7,9,8,5,1.1,28,15,3,2.2,0.6,Gaming,4,8,9.3
Christopher Green,21,Male,Hallton,1.1,5.5,78,0,0.8,9,1,7,0.6,126,11,2.7,0.6,0.4,Social Media,5,7.1,6.4
John Tucker,97,Other,North Dennis,5.9,4.4,62,0,0,4,4,7,1.8,123,8,4,2.7,0.1,Gaming,3,6.8,10
Robert Moss,59,Female,Ronniefort,7.2,7.2,87,1,0.1,2,2,10,0.8,145,9,0.7,1.5,0,Social Media,6,6.6,10
Amanda Campbell,93,Other,East Sandra,5.3,6.4,100,10,0,2,5,5,0,112,17,1.8,3.3,0.7,Gaming,7,6.4,10
Tony Williams,29,Other,East Jamesside,4.5,5.9,92,5,0.4,1,2,6,0.7,32,20,2.5,1.4,0.1,Gaming,8,6.9,10
Kimberly Hernandez,93,Other,Vanessafort,5.2,6.2,69,2,1.2,5,4,5,0.6,91,17,3.3,1.3,1,Gaming,2,6.1,10
Lance Kim,38,Male,Lake Jerome,3,7.2,94,8,0.8,1,6,7,1.7,83,14,1.4,3.6,0.9,Browsing,4,4.6,8.9
Kristen Jones,26,Other,South Cody,8,6.4,74,8,1.2,3,9,7,0.4,67,9,4,2.4,0.4,Other,9,5.5,10
Tony Erickson,89,Male,Porterfurt,4.8,5.2,66,5,2.7,10,6,1,0.8,102,10,1.6,1.7,1.6,Other,1,8.7,9.5
Joseph Davis,33,Male,Port Nathan,4.1,5.2,78,5,1.1,4,1,8,1.8,110,19,2.9,2.7,1.2,Education,3,3.1,10
Michael Baker,56,Female,Lindaville,6.9,6.1,55,9,1,9,5,9,0,39,13,1.7,0.6,0,Browsing,7,6.4,9.5
Cynthia Caldwell,67,Male,New Donaldton,6.5,6,82,8,0,3,9,8,1.6,59,9,2.7,4,0,Education,4,6.3,10
Cindy Roth,45,Female,Crosbystad,3.7,6.1,59,4,1.3,8,1,4,1.3,100,13,3.8,3.3,1,Other,4,4.6,10
Angela Duncan,93,Male,Lake Rebekah,5.5,8.5,64,8,0,9,9,1,0.6,41,7,2.3,2.7,0.3,Other,10,7,8.5
Ruth Kim,84,Male,Cookmouth,5.1,4.9,59,5,0,9,4,6,0.9,20,18,2.8,0.3,2.3,Social Media,3,4.5,9.8
Maria Morris,86,Female,Lake Karen,3.6,4.7,100,0,0.9,8,4,8,0.6,53,8,3.9,1.5,1.4,Browsing,7,7.5,9.3
Andrea Johnson,98,Other,East Johntown,8.9,4.8,80,3,1.6,8,9,6,1.4,60,10,1.9,2.9,0.3,Gaming,3,6,10
Jade Burns,78,Other,New Brittanyhaven,5,8.8,72,1,0.5,5,8,10,0.5,69,20,3,2.2,0,Social Media,7,4.1,10
Ann Adams,22,Female,Marcburgh,5.3,6.3,51,0,1.4,1,8,7,0.8,20,10,1,0,0.1,Other,8,6.6,5.5
Aaron Blake,18,Other,East Scott,3.7,7.2,66,3,0,7,7,7,1.4,141,12,4.4,2.9,2,Browsing,5,4.1,10
Shirley Ortiz,98,Male,Herreraville,4.4,7.3,98,3,2.4,6,2,3,1.5,85,20,2.6,3.1,0.4,Education,9,7.2,10
Raymond Lewis,83,Other,Brooksland,5.3,5.3,72,8,2.2,3,2,5,1.6,110,14,5,2,0.7,Other,8,4.7,10
Jennifer Vang,33,Male,Robertland,7,7.5,79,6,1.6,2,9,5,1.5,45,17,2.9,1.3,1.3,Education,10,1.5,10
Kyle Escobar,97,Other,New Kimshire,6.2,4.4,99,10,1,2,10,9,1.1,131,8,0.8,1.9,1.3,Other,3,9.5,10
Peter Bautista,18,Male,Whiteside,4.8,5.3,68,7,0,7,9,2,1.5,97,7,2,1.7,0,Social Media,3,3.8,9.2
Kelly Glover,85,Other,North Mikaylaton,5.3,7.1,82,7,0,2,9,1,1,89,14,1.8,2.1,1.6,Other,8,3.4,10
Tristan Tate,22,Female,Loganport,5,6.9,72,2,2.2,10,3,8,1.1,92,12,2.6,0.9,1.1,Social Media,2,5.1,9.3
Barbara Allen,3,Female,Lake Emily,3.3,8.2,96,9,0.6,6,5,6,0.8,40,7,3.4,2.1,0.8,Other,4,7,6.9
Wendy Perry,67,Female,West James,6.1,3.2,60,4,0.5,5,8,1,1.3,48,11,2,2.8,0.4,Other,4,7.5,10
Faith Thomas,54,Male,Port Alanville,2.3,7.8,69,9,0,2,2,9,0.5,72,8,2.7,1.4,0.2,Social Media,10,5.8,5.5
Justin Ballard,56,Male,South Nicolefurt,4.7,8.8,74,8,1.1,5,6,2,0.5,143,10,3,1.2,0.1,Other,9,6.6,9.4
William Daniel,95,Other,Floresmouth,6.5,6.7,100,9,0,2,2,10,1.1,123,13,2.8,0.1,1.2,Gaming,7,6.5,10
Holly Rollins,22,Other,Hancockstad,5.1,8.4,85,0,1.3,6,1,4,1.5,127,20,3,0.6,0.8,Social Media,1,7.4,10
Ann Bennett,73,Female,New Kristin,3.5,6.6,92,7,2.2,4,5,6,1.6,29,15,3.4,1.6,1.1,Gaming,2,8.9,8.8
Kevin Anthony,71,Male,North Natalieborough,4.7,6.3,65,9,0.1,7,9,8,0.4,113,11,3.2,0.8,0.1,Education,3,5.6,10
Jaclyn Kidd,56,Male,East Amyburgh,3.5,5.5,53,0,1.1,9,6,5,1.4,128,7,2.5,1.7,2.4,Other,5,3.9,8.9
Frank Lopez,19,Female,Carlamouth,5.2,6,98,5,0,8,3,1,1,39,7,3.3,0,0,Other,3,7.7,7.7
Andrew Pratt,60,Male,Moodymouth,4.9,6.1,51,4,1.1,9,6,9,0.8,142,18,0.4,1.7,0.5,Other,10,6.7,10
Beverly Miranda,48,Male,Berryhaven,8.3,7.1,95,1,1.9,4,1,3,1.5,53,6,3.4,0,1.6,Browsing,6,5.2,10
Jill Garcia,64,Other,East Gregory,2.6,6,68,0,0,6,9,6,0.9,122,20,1.4,1.2,0.6,Social Media,9,6.4,8.6
John Solis,67,Other,South Stacy,5.7,7.7,63,0,0.9,1,7,5,0.8,103,7,1.9,2.4,0,Other,1,6.3,9.6
Kevin Sanchez,55,Female,Ryanland,4.7,8.1,89,1,0.6,10,9,4,0.4,86,15,0.8,0.9,0.6,Browsing,7,4.9,7.1
Jo Graham,70,Male,West Shirleyside,4,8.4,69,5,1.5,8,9,9,1.4,131,10,0,1.5,1.3,Gaming,4,6.2,5.9
Angel Walker,44,Female,Sethfurt,2.2,8.4,96,10,0,10,4,9,1.2,49,11,2.1,1.4,1.9,Education,6,6.8,4.7
Daniel Glover,41,Female,New Randystad,4.8,5.8,92,1,2.5,6,1,9,0.8,91,15,3.4,1.7,0.5,Social Media,1,9.4,10
Deborah Gonzalez,93,Other,North Julieland,11.5,8.6,96,0,1.3,3,1,10,0.2,58,12,3,0,1.4,Browsing,5,4.8,10
Karen Arnold,28,Male,South Darryl,5.8,8.2,62,2,0,8,7,7,1.1,138,16,3.8,2.6,1.5,Browsing,1,4.1,10
Parker Brown,11,Male,West Anthonyview,7.6,4.5,78,8,1.7,6,10,9,0,33,17,1.1,2.6,0,Social Media,8,6.6,10
Latoya Caldwell,70,Male,Lake John,5.8,3,53,0,2.1,6,10,6,1.4,56,19,2.7,2,1.1,Gaming,8,3.6,10
Robert Mcconnell,69,Other,Douglasshire,5,7.9,63,5,1.7,5,4,8,1.3,21,16,2.7,0,1.3,Other,7,7.1,7.4
Dustin Spencer,52,Female,Robertston,4.5,6.5,93,7,1,2,1,4,0.8,97,16,2.4,1.6,1,Education,3,6.2,10
Aaron Webb,17,Female,New Michelle,4.2,5.3,91,8,0,7,1,2,1,47,13,2.2,2.2,0.6,Other,8,6.2,9.5
Kelly Long,59,Other,Jamesfurt,5,7.1,95,7,0.8,7,6,4,1.9,29,9,2.8,1,1.9,Education,1,6.5,7.6
Yolanda Diaz,5,Female,South Michael,3.8,4.9,93,8,2.8,5,5,3,0.2,47,10,3.6,2,1.1,Other,1,6.9,9.9
Ruth Goodwin,60,Female,Port Jackmouth,5,8.1,65,9,1.1,6,10,7,0.7,84,18,2.2,1.7,0.6,Social Media,7,4.7,10
Carol White,68,Male,Hallland,2.6,8.3,100,8,0.5,10,3,9,1.6,123,19,0.5,0,0.7,Gaming,7,6.7,5.2
Frank Williamson,23,Male,West Ralphhaven,6.2,8.2,59,0,1.8,9,6,5,1.4,104,14,2.9,2.1,1.2,Other,2,4.7,10
Jonathan Jimenez,65,Male,East Danielmouth,4.6,4.7,88,6,1.9,8,1,6,1.6,66,19,1.9,0.5,0.7,Browsing,6,7.1,9.8
Tom Hall,12,Male,Kathyland,3.2,6.7,81,8,0.8,1,8,8,0.5,75,6,3.8,0.8,1.5,Browsing,10,4.8,7.2
Jane Carpenter,43,Male,Snyderhaven,5.9,7.7,93,3,1.5,7,1,10,0.9,99,11,3.2,1.7,1,Other,3,8.4,10
Regina Bryan,73,Male,Georgemouth,5.8,5.5,95,5,0.6,9,3,3,1.1,89,8,1.4,1.9,2.2,Education,6,6.7,9.7
John Gonzalez,80,Other,Lake Tiffany,3.3,6,89,6,0.1,3,10,8,0.1,124,15,2.4,1.5,0.6,Browsing,2,7.4,9.7
Wendy Jennings,18,Other,East Christopherfurt,5.6,4.1,92,6,0.5,9,2,10,1.1,38,9,2.8,2.2,1,Browsing,5,7.3,10
Jacob Bryant,65,Female,Smithfurt,6.7,6.5,50,5,1,6,4,4,1.6,71,10,1.3,1.4,1.6,Other,10,6,9.6
Gabriela Mason,42,Male,Frostfurt,8.3,7.9,59,10,0.5,9,5,4,0.3,117,19,1.6,2,2,Education,9,3.7,10
Kimberly Gonzalez,95,Other,Johnsonbury,7.7,9.3,68,7,0,6,3,3,0.1,73,13,3.3,0,0,Education,10,6.5,10
Cory Wade,37,Male,Aliciaburgh,3.6,7.4,97,4,0.8,6,5,7,0.8,32,8,3,0.4,2.3,Education,8,8.3,5.5
Margaret Ortega,77,Female,South Joshuaton,4.6,6.3,74,0,1.4,8,9,9,0.5,58,12,3.3,0.3,0.8,Social Media,4,10.1,8.6
Sandra Ellis,8,Other,North Elizabethfort,4.5,7.3,50,9,0,7,8,10,1.7,28,6,1.3,2.2,1.7,Browsing,7,3.6,6.1
Gary Hayes,20,Other,Rhodeschester,6.2,6.2,56,1,0.3,9,2,8,1.4,89,15,2.4,1.7,0.9,Gaming,8,6.3,10
Angela Williams,54,Other,Claytonberg,4.1,6.8,78,3,1,3,7,10,1.9,103,20,3,0.2,2,Other,1,8.1,10
Tina Porter,10,Other,New Charles,8,5.9,84,5,1.6,7,6,3,0.5,34,17,4,0.9,0.9,Education,3,9.5,10
Stephanie Becker,44,Male,Brandonside,6.2,3.8,72,9,0,6,4,3,1.2,40,19,3.5,0.2,0.7,Education,7,4.9,10
Jennifer Winters,25,Male,Port Daniel,8,5.7,57,7,0.5,7,3,9,0.5,29,13,1.7,0,0.5,Social Media,2,5.6,10
Brett Bray,42,Female,West Christopherborough,4.3,4.9,100,8,2.2,2,6,3,1.1,124,9,2.2,0.8,0.4,Browsing,10,4,9.1
Tonya Parks,57,Male,Deckerbury,6.6,8.7,89,4,0.9,1,4,9,0.1,67,10,4.7,2.7,0.8,Social Media,2,6.8,10
Todd Peterson,76,Other,Levychester,4.3,5.4,80,5,1.1,1,8,6,0.5,23,13,2.1,2.2,0.6,Social Media,8,7.1,9
Diane Horn,86,Other,North Monica,2.5,6.7,90,10,0.3,7,7,3,1.2,41,9,2.9,2.8,0.9,Education,10,9.1,7.5
Kelly Marshall,80,Male,Wayneborough,6.2,7.1,51,1,0.4,3,1,6,1.1,21,11,2.8,3.3,0.7,Browsing,10,8.2,10
Casey Morton,64,Female,West Brian,5.9,5.9,58,0,1.6,9,4,9,0.4,44,10,2.8,2.4,0.3,Education,3,6.5,10
Juan Brown,90,Other,Campbellburgh,2.7,6,71,5,0,1,4,5,0.2,145,7,1.8,3.2,0.2,Social Media,9,5.9,9
Richard Smith,79,Female,Sandraville,4.6,5.5,52,3,0.6,1,6,3,1,57,7,2.1,0.7,0.6,Browsing,5,2.3,7.2
Shaun Bailey,87,Other,Port Nicholasfort,1.7,5.4,50,10,1.5,4,2,4,0.5,75,6,3.2,1.1,0.2,Education,1,7.1,6
Denise Williams,27,Other,Lake Dannybury,5.9,6.4,79,10,1.6,4,5,5,0.2,117,15,2.8,2.5,0.6,Browsing,2,6.7,10
Darius Fry,25,Other,East Brenda,6.1,7.3,94,0,0.2,8,3,4,0,54,16,5,1.7,0.7,Education,9,7,10
Joseph Morales,80,Male,Lake Stephanie,8.2,6.1,60,8,0.9,6,3,7,0,47,16,5,1.1,0.8,Education,3,4.9,10
Joshua Reyes,18,Male,North Maria,4.6,4.4,59,5,0,4,5,1,0,149,18,2.1,3.5,1.9,Other,7,5.2,10
Whitney Thompson,44,Other,West Benjaminview,2.3,7.2,55,10,1.2,5,7,4,0.1,141,6,3.6,2.4,1.6,Gaming,8,5.8,8.7
Donald Hernandez,74,Male,Shermanland,6.3,6.6,58,6,1.2,1,1,10,0.5,47,14,2.3,1.4,1.3,Browsing,1,5.1,10
Carly Garcia,11,Female,New Ryan,6.8,6.9,100,7,1.1,1,7,7,0,68,17,2.9,2.1,0.8,Gaming,10,6.2,10
Cathy Fisher,27,Male,Lake Jose,4.7,6.1,59,10,0,5,8,2,0.5,111,8,2.1,3.1,2.4,Social Media,9,7.2,10
Christopher Cox,62,Male,New Joseph,5.3,3.2,74,8,0.8,9,4,4,1.1,69,13,1.2,1.1,1.4,Social Media,1,5.7,10
Kathy Guerrero,15,Male,New Stacy,3.5,5.2,59,2,2.3,9,3,10,0.8,81,14,3.5,2.2,0.8,Social Media,10,5,10
James Miller,70,Female,South Michelle,8.8,6.9,59,8,1.7,10,9,9,1.5,84,19,4.4,0.3,1.3,Education,6,6.6,10
Dennis Lozano,90,Male,West Jenniferside,3.2,6.2,86,9,1,6,1,4,1.3,130,19,1.6,2.1,0.2,Browsing,6,5.7,10
Nancy Hansen,72,Female,East Jonathanstad,4.2,6.7,63,6,0.1,2,7,10,1.6,32,15,2.1,1.4,1,Other,7,6.7,8
Jason Perez,49,Male,Amandaland,2.3,5.5,74,5,0,7,8,8,0.8,78,19,1.2,1.6,2.3,Browsing,4,7.3,7.7
Matthew Lambert,100,Female,Summerland,5,8.9,78,9,0.5,7,1,10,1.1,147,13,2.4,1.7,1.8,Education,5,6.3,10
Heather Meyer,85,Male,Michaelstad,4.9,5.8,78,3,1.3,10,1,2,1.6,92,11,3.7,3.6,0.7,Social Media,3,4.2,10
Dominique Moore,84,Female,West Lynnstad,2.7,3.6,71,1,0,5,6,6,1.8,50,7,2.3,2.9,2.1,Browsing,4,10.5,8.5
Cynthia Sanchez,56,Female,East Lori,5.6,5,78,9,1.3,4,4,10,0.4,22,13,0.8,1.3,1.6,Gaming,8,5.2,8.2
Hayley Jones,36,Other,Benjaminborough,5.7,7.9,65,8,1.2,10,9,3,1.5,125,19,2.2,3.1,1.2,Gaming,5,6.4,10
Cindy Conley,100,Male,Briantown,4.4,5.9,82,10,2.3,1,10,5,1.5,94,15,2,1.4,1.4,Browsing,10,9.4,9.7
Hayden Hernandez,89,Male,Christophertown,6.1,5.7,78,9,0.9,2,5,2,1.2,122,16,3.7,1.2,1.8,Gaming,1,5.8,10
Jessica Hodges,64,Other,South Heatherside,5.2,9.5,89,1,0.5,10,10,3,0.4,133,16,3.4,0.7,0.9,Education,1,7.1,10
Kylie Cohen,34,Female,Shannonhaven,5.4,5,90,6,0,2,5,4,1.4,59,19,1.8,0.2,1.3,Social Media,1,5.4,9.9
Sheila Wright,85,Male,Sandraburgh,4.6,5.9,81,7,1.5,6,1,7,1.2,53,5,0.4,2,1.7,Browsing,6,9.5,6.1
Rodney Sparks,30,Male,New Rebeccastad,2.1,6.7,71,10,2.1,4,1,8,1.2,22,7,3.2,1.4,1.5,Browsing,7,7.4,5.2
Robert Silva,49,Male,East Rachelborough,6.2,6.7,96,8,0,5,2,6,2.1,35,19,3.9,0.7,2,Education,3,6.6,10
April Chen,74,Female,Morristown,5.6,4.5,51,2,1.4,9,4,4,1.1,143,11,1.7,1.6,0.5,Social Media,3,8.5,10
Michael Gibson,34,Male,Carolport,7.8,3.9,82,4,0.4,10,1,2,1.1,96,5,2.2,2.4,1.5,Social Media,7,4.4,10
Shelley Kim,81,Female,Gabrielleside,6.2,6.6,74,8,0,8,1,8,1.4,84,13,1.2,1,0,Other,3,7.4,9.4
Paul Church,63,Female,Katelynborough,8,5.8,95,5,0.1,6,4,9,0.3,136,6,3.2,1.7,0.5,Other,5,8.4,10
Steven Prince,23,Other,North Jordan,2.5,3.4,55,9,0.9,6,3,7,0.5,125,5,1.5,1.2,1.7,Social Media,7,4.8,7
Elizabeth Oliver MD,25,Female,Port Melissa,5,5.8,76,6,1.2,7,9,10,1,27,15,3.3,2.4,0.1,Social Media,6,9,10
April Rose,27,Other,Hicksview,6.3,10,82,10,0,9,6,4,2.3,58,14,2,3.6,1.3,Education,1,4.6,10
Gina Miller,97,Female,Davidtown,6.7,3.5,55,5,0,2,1,7,1.9,84,5,3.6,2.1,1.7,Education,10,7.7,10
David Vazquez PhD,2,Female,Phillipsburgh,1.4,4.5,66,7,0.4,8,10,1,2.1,113,17,2.7,2.5,1,Social Media,9,7.7,10
Ryan Schmidt,18,Other,South Edwardfurt,3,3.8,96,9,1.3,8,5,8,0.6,107,5,2.2,1.2,1.6,Social Media,9,4.9,7.6
Austin Hampton,49,Other,New Frederick,1.9,4.3,68,8,1.8,6,6,1,1.5,100,6,2.2,1.3,1.5,Social Media,8,7.7,6.4
Patrick Watson,49,Male,Port Dakota,2,8.3,61,8,0.3,1,6,9,0.9,42,14,1.6,2.7,1.7,Other,8,5.2,5.8
Miranda Lee,100,Male,North Henryfort,11,8.1,75,8,0.3,8,7,8,0.3,139,19,3.2,4,1.2,Social Media,5,4.1,10
Adam Berry,7,Male,West Lisa,4.3,9.3,93,9,0,4,3,2,1.5,106,18,3.6,0,1,Education,7,4.5,9
Carol Hughes,49,Other,Richardville,2.5,6.2,100,0,1,3,5,10,0.5,115,16,2.7,1,2,Gaming,4,1.2,8.6
Richard Williams,98,Male,West Joseph,8.5,4.9,63,4,1.4,3,7,5,1,90,18,2,0,0.9,Other,2,6.8,10
Jamie Salas,7,Female,North Jacobstad,10.6,7.5,81,9,2.5,9,8,8,0,39,12,1.1,2.4,0.5,Other,7,2.5,10
Elizabeth Olson,51,Female,Nixontown,8.9,3.5,91,3,1.5,8,4,6,1.2,77,6,1.2,1.4,1.1,Social Media,5,8.1,10
Jennifer Myers MD,61,Female,Samanthafort,4.7,7.2,84,8,0.6,1,9,3,1.4,61,19,3.7,2.2,1.1,Browsing,5,5.7,10
Thomas Kim,78,Male,North Gregoryside,8.9,6.5,75,0,0.8,5,9,1,0.5,64,20,3.8,1.3,1.5,Other,2,8.4,10
Theresa Thompson,96,Other,Lake Scott,5.8,5.6,83,0,0.1,3,2,5,1.3,136,15,1.6,2,1,Education,1,6.8,10
Michael Diaz,22,Male,Samanthaborough,2.6,8.8,55,8,0.9,5,9,4,0.3,132,14,2.1,2.3,2.1,Browsing,6,3.9,8
Raymond Williams,23,Male,Port Rachelbury,7.1,6.3,63,9,1.2,9,4,10,2.2,137,16,3.2,1.3,0.2,Education,3,7.1,10
Patricia Smith,71,Female,Dawnmouth,7.9,7.6,68,0,2.4,4,9,6,0.7,32,18,2.5,2,0.4,Social Media,6,7,10
Ronnie Allen,81,Male,West Sandra,5.1,6.5,58,5,0,7,1,4,0.5,99,18,1.4,2.6,1.1,Gaming,3,7.7,10
Joseph Smith,64,Male,West Gregorystad,6.4,4,72,7,0,7,6,4,0.6,78,7,4.9,2.4,1.3,Social Media,10,7.4,10
Kaitlin Riley,30,Male,Sarahside,8.2,8.7,84,8,0.5,3,3,5,0.8,78,17,1.1,3.6,1.3,Browsing,10,6.6,10
Lauren Chung,85,Female,Jacquelinehaven,4.1,9.5,51,6,2,4,7,6,0.8,56,6,1.6,1,0.8,Browsing,1,6.1,4.3
Troy Mann,88,Female,Martinezton,6.7,7.6,79,5,0.7,4,4,5,0.7,112,20,2.2,1.4,0.3,Education,4,1.5,10
Ryan Salas,54,Other,Jeffreytown,5.8,6.2,66,10,0.9,4,3,9,1.2,135,5,2.2,0.2,1.1,Other,1,6.6,8.8
Nicole Long,38,Female,South Jacob,3.2,6.8,63,3,0,4,9,1,0.6,126,19,2.8,3.1,0.6,Other,1,4.9,10
Mary Murphy,12,Male,Lopezview,4.1,9.3,54,10,0.6,5,7,2,1.6,73,12,4.1,0,0.6,Browsing,6,4.7,7.4
Gary Jones,43,Male,Zacharyland,2.9,3.9,60,9,0.7,4,8,10,0.3,87,15,1.4,0.7,2.2,Other,1,5.7,7.8
Justin Brown,47,Male,Port Nathanport,4.4,6.4,77,8,1.7,8,10,2,0.5,144,13,2.9,0.7,2,Social Media,8,6.9,10
Abigail Lowery,10,Female,Gregorymouth,6.5,8.9,68,7,1.5,4,3,9,1.5,20,9,2.4,0.6,1,Social Media,7,7.9,7.3
Tracey Barnes,90,Female,East Stanleyland,5.7,7.9,50,3,3.4,5,8,5,1.1,47,14,2.8,2.1,0.4,Browsing,5,7.7,10
Alexandra Koch,61,Other,North Thomas,4.9,5.8,94,4,0.2,2,6,7,1.6,58,14,1.9,1.2,0.1,Other,8,7.3,9.1
Jonathon Horton,52,Male,South Taylortown,4.7,7.5,83,9,0.9,4,1,7,0.9,149,11,1.7,2.5,0.1,Gaming,10,7.6,10
Andrew Huber,51,Male,East Michelleland,4.2,4.2,70,2,0,10,2,10,1.5,80,14,2.4,0,1.1,Other,4,4.6,8.9
Samantha Johnson,39,Other,North Caitlin,5.4,9.1,98,2,0,6,7,1,1.4,29,19,3.1,2.4,1.4,Education,3,3.9,10
Leah Collins,49,Other,East Amandastad,3.5,8,88,4,1.1,8,2,7,1.3,38,15,2.8,1.9,1.6,Browsing,5,6.4,8
David Maxwell,73,Male,North Nicoleside,3.8,3.9,100,8,1.2,5,2,5,0.5,135,5,0,2.5,2.3,Education,3,3.9,8
Richard Holder,54,Male,East Paul,6.6,7.5,79,7,0,10,7,9,0.4,26,16,2.3,2.3,0.6,Other,3,3.8,10
Andrew Lambert,95,Male,New Kevin,5.4,6.1,82,5,0.8,8,6,8,1.6,79,5,2.1,1.6,0,Gaming,3,7.9,8.6
Edward Melton,78,Other,North William,4.4,5.7,75,9,1.8,5,5,9,0.7,76,13,2.9,0.6,1.6,Other,7,9.9,9.2
George Williams,10,Female,Palmerport,6.3,6,59,1,1.9,10,8,9,0.5,37,12,0.5,0,0,Browsing,2,4.8,6.9
Julie Jones,53,Female,Lake Laurentown,8.5,6.4,54,9,1,4,5,6,0.5,23,18,1,1.6,2.1,Gaming,6,3.9,10
Annette Smith,84,Male,Hughestown,4.1,6.4,74,6,0.4,5,10,9,1,116,18,1.4,0.4,0.3,Education,8,4.8,8.6
John Jackson,22,Male,Port Garybury,6.3,9.1,64,1,0,5,3,4,1.6,106,7,1.2,2.4,0,Browsing,6,2.1,8.9
Richard Richardson,62,Other,Port Brendachester,6.3,4.9,89,8,0.4,9,7,3,0.5,134,18,4.4,0,1.6,Other,6,4.6,10
Nicole Valdez,23,Male,Martinfurt,5.4,3.6,97,2,1,6,8,8,1.2,99,11,2.6,0.4,1.2,Gaming,1,8.2,10
Jonathan Little,23,Female,West Kenneth,7.3,6.6,97,2,0.2,5,7,4,1.2,74,13,3,1.5,0.8,Browsing,7,4.9,10
Abigail Cox DDS,63,Other,Jasonburgh,6.8,7.5,100,2,0.1,1,5,1,0.6,36,11,3.3,1.4,1.2,Social Media,3,5.1,10
Kelly Gibbs,63,Other,Chavezmouth,5.1,6,94,10,0,1,6,9,0.7,98,14,3.9,1.4,0.6,Browsing,3,5.1,10
Robert Novak,30,Other,Lake Carolberg,5.1,4.7,85,5,0.4,10,5,8,1.1,57,6,1.3,1.2,0.7,Browsing,7,4.7,7.6
Justin Fleming,45,Other,Sandersland,3.5,6.4,60,10,2.3,2,6,5,1.5,35,14,3.5,0.6,1.3,Social Media,9,5.9,7.9
Regina Carey,64,Female,Katherinetown,0,8.1,75,2,0.7,4,9,7,0.6,138,11,3,2.8,1.3,Education,1,6.3,6.7
Michael Johnston,22,Other,Lake Ruthtown,5.3,5.5,75,7,2.1,6,8,10,0,38,7,3.7,2.3,0.7,Other,3,2,10
Autumn Lee,4,Male,West John,6.8,4.5,63,0,0.6,7,8,7,2,83,16,1.8,1.3,1.6,Social Media,3,6.5,10
Ashley Jones,84,Female,South Jessicatown,6.6,4.9,95,9,1.6,2,7,6,1.8,86,11,0.4,1.7,1.4,Other,8,7.1,10
Nicole Ferguson,51,Male,Wareshire,4.9,7.5,67,2,2.6,1,9,9,1,87,16,3.6,2.6,0.5,Other,6,5.7,10
Kevin Smith,78,Female,New Jason,8.4,7.1,90,2,2,7,7,8,1.2,71,9,1.3,1.4,1.5,Education,3,8.9,10
Sara Moore,38,Male,Schwartzborough,3.8,5.6,98,5,0.7,8,6,10,0.9,75,17,1.4,0,2.2,Browsing,4,4,7.3
Daniel Moran,76,Female,Port Jennifer,6,9.2,84,5,1,7,9,5,0.8,128,20,2.1,0.5,0.9,Browsing,2,3,10
Karen Alvarez,39,Female,East Andrewport,3.6,10,54,9,0.3,4,8,8,1,28,7,4.2,2.7,0.2,Other,3,4.9,7.5
Carl Cantu,13,Male,New Shannontown,4.3,6.5,64,3,0.6,10,7,4,0,67,20,3,2.8,0.7,Social Media,9,8.3,10
Steven Brown,72,Other,New Peter,9,8.1,92,1,1.1,1,5,3,0.9,21,18,2.9,0.9,0.9,Gaming,7,7.3,10
Frank Massey,47,Female,Thomasville,6.1,4,98,10,0.6,3,9,8,1,51,17,1.3,1.3,0.8,Education,8,9.6,10
Sabrina Burns,43,Female,Dianeport,4.2,7.6,57,0,0.5,8,8,4,1.6,102,5,3.2,2.4,0.7,Gaming,1,9.2,9
Teresa Reid,31,Female,West William,5.7,6.4,57,7,0,7,9,2,1.3,146,8,3.2,0.7,1.6,Other,6,7.6,10
Molly Daniels,23,Male,North Catherine,2.9,6.1,85,1,2,1,5,4,1.1,27,14,3.1,0.3,0.8,Gaming,1,4.4,6.6
Joseph Grimes,18,Other,West Steven,8.8,8.3,95,7,0,7,6,9,1,59,12,2.5,0.2,0.8,Other,4,6.3,10
Karla Carter,37,Male,South Meganmouth,9.3,5.5,51,8,2.1,1,1,6,1.2,85,6,3.3,2.6,1.4,Gaming,8,7.8,10
Melinda Gill,82,Female,East Aaron,3.6,6.1,89,0,0.8,2,1,5,1.6,26,15,3,1,1.7,Gaming,7,6.5,8.1
Vickie Olson,58,Female,North Cheryl,5.6,7.5,58,10,0.2,5,3,7,0.4,111,11,3.1,1.7,0.1,Social Media,4,4,10
Stacey Rivera,36,Other,East Kellistad,5.2,5.2,63,7,0,3,6,5,1.4,86,6,2.7,2,0.1,Education,6,5.8,10
Eric Briggs,19,Other,Port Staceyhaven,4,6.2,65,3,0.9,7,8,3,1.2,39,8,2.3,0.8,2,Social Media,4,5.7,6.4
Christopher Ramsey,96,Male,New Daniel,1.3,5.4,65,5,2.6,2,10,3,0.7,55,12,1.4,1.9,1.3,Gaming,7,3.5,5.4
Alyssa Tucker,25,Other,Lisafort,6.7,6.7,83,7,0.9,2,8,1,1.1,84,20,3.5,0.6,0,Social Media,3,6.8,10
David Castillo,56,Other,Moralesport,5.7,5.8,50,3,0.6,5,7,7,1.1,121,18,2.4,2.4,0.8,Other,4,4.4,10
Edward Snow,54,Other,Delgadoside,3,8.2,94,1,0.5,1,4,6,0.8,132,12,3.2,0.2,1.1,Browsing,2,4.9,7.3
Gary Hudson,97,Other,Barajastown,1.2,5.9,59,5,0,10,6,8,0,95,18,3.7,1.1,1.8,Education,7,1.8,8.5
Amy Johnson,32,Male,Landryfort,6.5,7.5,90,3,2.7,9,10,2,2.1,85,16,1.3,1,1.3,Education,2,8,10
Corey Carter,71,Other,Andremouth,4.5,3,57,1,2.5,1,9,6,1.2,108,6,2.2,0.9,0.2,Browsing,7,6,9.5
Christina Keller,92,Female,Reynoldsland,3.3,4,68,1,1.8,1,3,4,0.7,20,17,3.1,2.6,1.4,Gaming,10,6.3,10
Sherry Elliott,74,Male,South Amber,6.5,8.1,61,5,0.4,7,4,9,2.2,98,6,3.6,1.8,1.1,Browsing,8,2.5,10
Sharon Roth,99,Female,Lake Molly,7.7,6.9,81,10,1.3,5,2,9,1.7,75,16,3.8,2.9,0,Other,6,4.8,10
Michael Craig,57,Female,West Melissaburgh,6.5,9.1,59,8,1,6,7,8,1.3,26,5,1.7,0.7,1.3,Gaming,3,6.2,5.9
Jerry Patterson,58,Female,Alvarezborough,6.7,6,60,8,1.9,7,8,4,1.7,36,10,2.5,2.2,2.1,Browsing,1,6.8,10
Rebecca Ortiz,49,Female,West Stephanie,2.4,6.6,75,8,0.5,3,8,4,0.5,136,14,2.8,2.1,0.1,Gaming,6,9.2,9.5
Dan Murphy,47,Male,Lowemouth,5.1,6.5,54,7,0,4,10,10,0.9,59,20,2.9,0,0.8,Other,4,6.4,9.9
Stephen Norris,7,Other,East Zachary,6.9,4.2,59,8,1.1,10,10,5,0.9,65,5,2.6,3,0.4,Education,3,7.9,10
Michael Young,94,Female,Debrashire,6.8,7.6,60,6,1.1,2,7,1,1.4,77,11,1.1,2.9,2.2,Social Media,1,4.6,10
Jamie Cunningham,53,Male,South Kathryn,3.5,5.5,79,4,1.3,7,4,3,0.8,118,12,3.1,1.3,0.8,Social Media,4,7.5,9.9
Heather Reyes,59,Male,Gonzalezmouth,6.3,6.6,56,3,0.9,9,3,9,1,82,13,2.8,2.2,0,Social Media,1,5.7,10
Kenneth Vega,18,Other,New Chris,3.2,6.5,97,1,2.6,8,2,7,0.9,50,13,2.1,2.2,1.2,Education,9,5.3,7.9
Adam Mccormick,3,Other,Gonzalezview,6,7.1,69,3,1.3,7,9,6,1.5,53,12,3,1.3,0.2,Browsing,5,4.8,10
Ian Hughes,69,Female,North Nathaniel,1.9,6.7,89,10,1.8,1,6,9,1,35,19,2.4,0.9,0.6,Browsing,8,5.7,6.4
Ryan Moreno,67,Male,East Alejandro,9.4,3,62,0,1.7,10,9,2,1.3,101,20,1.5,1.7,1.1,Gaming,8,3.5,10
Robert Daniels,7,Male,New Mia,7.6,5.2,82,2,1,5,5,1,0.8,67,5,1.8,1,0.6,Gaming,1,7.4,10
Ryan Richards,28,Male,Erikastad,6.3,6.5,81,8,1.1,4,4,8,0.9,140,6,2.8,1.8,0.6,Education,5,9.5,10
Dawn Clark MD,100,Male,Edwardside,5.4,8.4,69,3,1.4,1,2,2,0.3,57,18,2.9,1.9,0.9,Browsing,10,2.9,10
Zachary Lee,15,Female,Mcculloughfurt,6.6,7.2,97,6,0.5,9,7,5,0.5,35,13,4.9,0.1,1.6,Education,5,4.9,10
Alexandra Gonzales,85,Other,North Danielville,2,7.1,68,2,1.9,8,1,1,0.6,145,11,2.6,0.8,0.2,Social Media,7,5.7,7
Todd Oneal,70,Male,Duffyhaven,3.5,7.7,81,4,1.2,2,6,9,1.6,104,10,2.8,0.7,0.2,Browsing,6,9.1,7.2
Christina Robinson,11,Male,West Anthonyland,5.2,7.5,95,7,1.1,2,6,9,1.9,48,10,2.5,2.5,1.3,Gaming,1,1.3,9.4
Julia Terrell,55,Other,Jenniferbury,9.1,8.8,96,8,1.3,1,7,8,0.6,21,8,3.8,1.9,1.4,Other,1,8.8,10
Amanda Lee,89,Male,Richardsonberg,4.4,7.1,74,1,0.8,3,9,2,1.7,54,11,2.7,1.6,1.7,Other,10,6.3,8.4
Amy Gregory,63,Female,East Dustinhaven,5.8,7.3,84,3,2.1,8,8,9,1.6,45,6,3,1.8,0,Browsing,7,6.7,9
Jesus Cruz,87,Other,East Ashleyview,0,7.1,83,0,1.9,10,3,6,2,77,11,1.1,2.3,1.5,Education,6,9,3.6
Yvonne Mccoy,55,Male,Lake Matthewside,6.2,5.2,56,6,2,2,3,6,1.4,85,17,1.8,0,0,Social Media,10,6.8,10
John Benson,52,Other,Nolanside,2.1,7.1,50,1,0.9,2,1,8,0.6,26,18,3.3,0.8,0,Education,8,7,6.8
James Anderson,51,Other,Lake Kenneth,4.2,6.3,63,3,0.8,8,7,3,1.2,70,6,2.4,2.5,1.6,Education,4,7.2,8.5
Robert Hodges,9,Other,North Michael,3.1,5.5,76,4,1.7,6,8,1,1.3,87,9,1.8,0,2.3,Social Media,3,6.9,5.7
Tina Chang,82,Other,South Joechester,2.4,7,91,8,1.2,1,1,4,2.1,108,11,1.9,1.4,0.3,Education,8,7.4,6.6
Alexis Hawkins,19,Male,Simsmouth,6.5,7.1,85,9,1.6,4,9,9,1.8,113,13,2,0.9,1.5,Browsing,1,4.6,10
Kelly Pollard,93,Other,Scottside,5.2,7.5,90,9,0.2,1,5,4,1,82,16,3,0.4,0.5,Other,7,2.9,9.7
Gabriel Smith,81,Male,Blackfurt,2,8,65,5,0,1,1,5,1.1,51,5,2.4,1.3,1.6,Other,6,6,3.7
Jessica Ortiz,43,Male,Kelleyland,5.3,6.5,86,6,1.3,6,7,1,1,91,8,0.8,3,1.3,Browsing,4,8.2,9.3
Christopher Bradley,3,Other,Brookston,5.5,8.5,93,6,2.1,8,8,2,0.7,27,6,0.4,2,1.1,Education,5,3.8,5.4
Alexis Carrillo,25,Female,Matthewtown,4.1,5.9,93,10,0.9,6,9,6,1.3,24,18,1.9,2.1,1.3,Education,2,8.4,9.2
Jenna Silva,42,Female,East Mark,3.2,7.4,100,2,2.4,10,8,7,1.2,114,7,3.7,3.1,0,Education,5,7.4,10
James Johnson,9,Other,Melissaland,1.3,7.1,73,4,1,7,1,8,2.1,38,11,1.6,0.7,2.3,Education,5,8.8,3
Zachary Herman,23,Male,Port Hollymouth,4.7,8.3,54,5,0.4,9,5,6,1.8,71,14,2.5,2.3,1.9,Gaming,8,4.7,9.6
Jaime Barajas,43,Female,West Timothyshire,0,7.3,90,3,0.1,10,9,6,1.2,34,18,2.1,1.8,0.2,Education,7,9.4,4.5
Heidi Foster,67,Other,Wellschester,7.4,5.9,98,7,0.1,7,5,3,1.8,124,13,2.4,1.5,1,Browsing,10,7.6,10
Lynn Floyd,39,Other,Callahanhaven,6.1,4.3,75,6,0.6,3,2,6,1.2,103,7,4.9,1.5,0.2,Browsing,5,6.2,10
Michael Dudley,8,Male,West Jasonstad,9.5,5.8,68,7,1.3,3,9,9,1.3,113,17,2.5,2,0.2,Social Media,3,7.6,10
Michael Brown,63,Female,Jonathanstad,5.7,7.9,93,0,0,7,6,6,1.7,87,8,1.4,2.5,1.8,Gaming,1,7.3,9
Teresa Wilson,77,Other,Port Donaldberg,6.8,5.6,74,1,1.3,2,4,10,1.5,99,19,4.1,0.9,0.3,Social Media,2,6.3,10
David Oliver,61,Other,Melendeztown,5.7,7.2,82,5,1.9,9,9,7,1.2,66,20,3.8,1.2,0.5,Education,9,4.9,10
Mark Quinn,43,Male,Port Travis,0,5.2,65,1,1.7,5,7,2,1.4,144,16,2.6,1.9,1.4,Social Media,6,5.3,8
Paul Nguyen,89,Other,Port Kristin,3,6.5,89,5,1.5,6,4,7,1,92,7,1.8,2.4,0.1,Social Media,9,7.1,7.2
James Olson,20,Female,Masonside,3.5,3.2,84,3,0.1,4,10,6,0.7,131,16,1.9,1,2,Other,4,8.2,10
Linda Andersen,19,Male,Dannyport,6.8,6.8,87,2,0.6,7,9,2,1.3,73,9,3.8,1.1,2,Education,10,7.2,10
Juan Travis,48,Female,Scottside,7.9,7.9,91,6,0.6,4,7,6,1.2,79,9,2.3,3.3,0.3,Gaming,2,9.4,10
Melissa Rivera,40,Female,North Jaredberg,5.1,7.4,98,4,1.4,4,9,10,1.8,105,8,1.5,1.3,1.9,Education,7,5,7.9
Natalie Phillips,60,Female,Williamtown,5.7,9,61,4,1.3,9,7,6,0.1,133,9,4.4,1.8,0.1,Social Media,1,6,10
Paul Dunn,18,Other,New Deniseville,3.1,4.2,61,9,1.1,10,3,7,1.1,112,11,2.2,0.4,1.7,Gaming,6,4.2,8
Jessica Berg,69,Male,Carsonshire,0.6,7.8,74,0,1.1,9,3,2,0.2,142,17,3.7,1.7,1.1,Browsing,10,6.2,8.3
Joseph Adams,85,Female,Deniseville,3.7,4.3,67,9,1,4,9,1,1,22,17,2.8,1.2,0.8,Browsing,5,10.4,9.4
Amanda Johnson,80,Female,Leachbury,6.5,5.1,62,3,0.9,4,5,3,0.8,69,13,3.5,2.1,1.6,Gaming,9,3.8,10
Robyn Ryan,87,Other,Port Adriantown,6.1,3,61,8,1.8,3,7,8,1.1,45,14,2.8,0,0.9,Gaming,4,4.5,10
Daniel Hughes,3,Female,Stevenmouth,4.4,7.4,74,2,0,1,8,3,1.3,107,6,3.3,0.8,2,Other,9,3.6,8.1
Theresa Ford,95,Other,East Anita,3.5,6,86,6,1.9,5,6,5,0,125,7,2.8,0.4,1,Other,10,8.3,7.6
Steve Dillon PhD,58,Female,East Isaacmouth,7.1,7.1,57,2,0,5,9,4,0.4,82,18,2.1,3.2,1.7,Browsing,1,4.4,10
Brandon Cole,17,Other,New Kevintown,4.9,8.5,70,5,0.3,2,6,10,0.5,76,15,2.7,1.3,1.7,Education,1,5.6,9.2
Cody Torres,17,Male,South Teresaside,4.1,5.6,74,10,0.9,9,9,9,1.4,125,16,3.2,2.3,1,Browsing,10,6.2,10
Dustin King,32,Female,South Rachelborough,6.8,5.8,72,8,0,2,8,2,0.6,32,18,1.1,2.2,1.2,Education,9,6.2,10
Donna Ross,14,Male,South James,4.7,5.8,87,0,0.9,4,6,2,0.9,149,11,3.8,1.4,1.2,Gaming,4,2.8,10
Jennifer Wilson,35,Male,Huntview,6.3,6.1,82,8,1.6,9,8,10,0.8,125,5,3,3.1,0.5,Education,9,4,10
John Duncan,51,Female,Dillontown,5,7.1,63,5,1.8,4,3,9,1,105,12,2.2,1.5,2.2,Other,8,1.9,9.6
Mario Jefferson,2,Male,North Lori,6,7.9,88,10,1.2,8,9,3,0.5,65,5,3.1,0.4,2.1,Gaming,8,9.4,7.8
Sarah Rivera,65,Other,Ericfurt,5.8,6.4,68,4,1.3,6,8,5,0.8,144,5,4.7,2.6,0.8,Social Media,6,5.8,10
Jonathan Smith,100,Other,Dianashire,5.8,6.3,78,6,0,6,7,9,1.2,63,20,5,1.8,1.6,Education,2,4.6,10
Candice Kennedy DDS,72,Other,West Stephen,3.3,8.7,71,6,0.3,9,5,5,2.1,63,12,1.8,1.3,0.6,Social Media,3,5.6,5.7
Charles Martin,80,Male,New Scotttown,5,6.1,70,9,1.1,8,5,6,0.6,93,15,2.9,1.6,0.8,Social Media,8,6.8,10
Tina Powell,66,Female,Heatherland,8,5.9,80,9,1.3,10,9,4,1.9,28,6,1.5,1.6,1.2,Other,9,5.9,9.9
Benjamin Baird,7,Male,Taylorview,0.8,6.8,65,5,1.4,5,7,1,0.7,138,14,4.2,0.9,0.3,Other,6,6.5,8.1
Scott Whitaker,8,Male,Port Cherylland,2.6,5.5,52,2,1.8,10,7,9,1.2,29,19,2.9,2.5,0.7,Browsing,2,2.9,9.6
Laura Carter,13,Other,Port Tracytown,6.7,5.2,89,2,0.2,8,9,6,1.4,76,5,3.7,1.2,0.8,Browsing,8,5.4,10
Ronald Jones,91,Other,Ramirezstad,5,4.1,54,7,0,1,8,5,1.6,136,18,2.8,2.5,0.1,Browsing,6,6.4,10
Kathleen Fischer,67,Female,Westburgh,4.9,4.1,54,8,1.6,5,10,9,0.7,82,8,1.8,1,1.9,Gaming,4,10.3,8.9
Anthony Ewing,84,Female,Lake Melissahaven,5.5,6.5,54,2,0.7,10,10,7,1.5,36,15,1.8,1.8,0.8,Education,2,8.2,9.6
Paula Walters,87,Female,Hannahside,7,4.4,56,10,2.4,7,6,8,1.1,25,6,2.5,3.4,1,Browsing,7,7,10
Tyler Wilson,60,Female,Fryehaven,5.7,5.4,51,1,0,3,10,2,0.7,67,10,4,1.2,1.6,Other,8,8.3,10
Keith Molina,88,Male,Lake Mitchell,3.8,8,57,8,1.5,3,9,4,0.1,129,8,2.2,4,0,Browsing,3,4.9,10
Troy Jones,10,Other,North Paigehaven,6.1,6.8,59,8,1.9,6,2,1,1.7,60,19,3.1,0,0.1,Social Media,3,5,10
Lucas Gonzalez,87,Male,West Tiffany,4.1,8.6,88,1,1.1,6,3,4,0.8,21,17,2.8,0.7,0,Social Media,10,4.6,7.1
Victoria Robertson,15,Male,South Christopherstad,5,4.8,60,5,0,9,9,8,0.9,42,14,3,1,0.9,Education,3,1.8,10
Michael Parker,72,Male,West Robert,6.9,7.9,50,5,1.4,10,10,1,0.8,55,19,2.9,0,1.9,Social Media,6,6,10
John Harris,47,Male,Hoodton,7.3,6.8,68,3,0.3,3,5,3,1.2,60,18,1.9,3.3,2.4,Social Media,10,4.9,10
Amber Graham,83,Female,Edwardsborough,7.7,7.3,92,0,1.2,10,1,7,1.1,109,18,1.6,1.2,0,Gaming,7,9,10
Corey Weaver,28,Male,Jamesfort,2.6,7.3,54,8,0.1,3,4,6,0.3,103,15,2.2,1.8,1.3,Gaming,3,4.8,8
Pamela Mendoza,96,Other,Beckfurt,5,6.3,78,4,1.1,9,6,10,1.6,111,12,2.6,0,0.6,Social Media,2,4.7,9.1
Amanda Green,83,Male,West Molly,6.7,8.3,98,6,2.1,1,10,6,0.6,36,6,1.7,1.6,1,Gaming,3,2.8,7.8
Lisa Rios,76,Female,New Ashley,5.3,5.9,96,5,0.1,10,2,10,1.4,143,12,3.1,1.1,0.8,Education,1,6.8,10
Lisa Figueroa,52,Female,Cynthiaberg,5.8,7.5,54,3,1.2,8,2,5,1.1,150,11,2.2,0.9,2.3,Gaming,8,9.3,10
Robert Adams,45,Other,North Matthewland,5.3,4.7,82,1,0.7,10,1,5,0,141,14,1.2,0.4,2.1,Other,8,6,10
Kevin Maddox,7,Female,West Miguel,5,7.1,89,8,1.9,7,6,4,0.9,146,6,2.5,2.6,0.8,Browsing,7,3.5,10
Brenda Wright,31,Other,Jeffreystad,2.3,6.2,58,6,1.1,3,2,1,0.7,102,11,4.6,1.5,1.9,Social Media,7,1.4,9.5
Rebecca Campbell,75,Male,Kristinmouth,7.4,5.7,95,0,0.8,1,2,3,1.5,59,6,1.7,1.3,0.9,Gaming,4,8.1,9.9
Thomas Ellis,90,Male,Grantmouth,6.1,7.4,100,3,0,6,4,3,0.4,82,15,3.9,2.5,0.2,Gaming,5,4.6,10
Justin Delgado,74,Male,Petersonport,6.7,5.8,90,5,1.5,5,9,8,0.8,131,13,3.8,0,0.5,Education,3,7.5,10
Krystal Hall,54,Other,South Christopher,4.4,8.5,59,0,0.7,10,5,5,0.7,74,7,3.2,0,0,Education,2,4.3,6.2
Brian Meyer,76,Female,New Maryville,6.3,8,56,4,1.1,2,6,2,0.7,29,20,3.2,2.3,2.6,Gaming,8,9.5,10
Michelle Shepard,34,Other,Emmashire,5.6,7.9,74,7,0.6,9,10,6,0.4,136,19,3.1,2.9,0.9,Education,4,3.5,10
Tristan Nunez,89,Other,Saraport,4.1,6.9,61,1,0.4,9,6,7,0.9,69,17,2.8,1.1,1.1,Gaming,4,8.6,9.3
William Campos,96,Male,North Matthewborough,4.7,3.9,62,2,0.4,8,1,6,0.2,62,18,3.7,1.9,0.8,Other,9,4.6,10
Donna Woodard,79,Other,Lake Davidbury,6,10,90,5,1.7,7,9,1,1,88,17,2.1,3.1,0.5,Other,6,8,10
Anna Castillo,14,Male,South James,8,5.7,65,7,0.9,7,8,3,1.4,36,10,3.3,0,0.5,Education,4,7.5,10
Shelby Stephenson,11,Female,Shannonville,6.6,7.7,55,8,3.3,9,10,2,1.2,83,11,2,1,2.2,Social Media,6,5.2,9.6
Lisa Cochran,6,Other,South Derek,6.9,10,90,5,1.8,10,9,8,0.7,96,11,2.9,3,0.5,Other,8,1.6,10
Kristina Bennett,45,Male,East Debraborough,2.1,7,88,5,0.1,6,6,2,1,51,6,3.3,1.9,1.4,Social Media,10,7.3,6
Robert Cole,4,Female,Gabrielleberg,4.4,5.7,57,7,1.6,2,10,1,1.3,49,20,5,0.7,1.8,Browsing,1,5,10
John Erickson,19,Male,Port Kenneth,2.4,8,52,8,0,4,9,8,0.9,20,20,0.7,0,0.8,Other,7,5.6,3.5
James Griffith,61,Other,Williamsville,4.3,5.4,54,1,0.5,7,2,4,0.4,61,8,3.6,2.6,1,Browsing,5,4.9,10
Eric White,93,Other,New Courtneyland,4.4,6.2,89,2,1.4,10,1,4,1.5,43,9,1.7,1.9,0.8,Education,8,1.1,7.6
Lindsay Scott,60,Other,Banksborough,4,6.7,56,9,2,2,4,4,1.4,125,10,2.1,2.5,1.8,Other,7,5,9.8
Zachary Kirby,79,Male,Bruceport,6,9.2,97,3,1.5,9,9,8,1.6,149,17,1.9,1.2,0,Browsing,3,5.2,10
Christopher Harper,7,Male,North Mark,5.3,5.6,62,7,0.7,9,4,6,0.6,97,15,2,1.8,1,Gaming,2,5.7,10
Katherine Perez,75,Female,Lake Alisonside,3.4,6.4,100,0,2.1,2,3,3,1.2,67,7,2.7,1.2,2.2,Other,4,6,6.8
Mrs. Cynthia Russell MD,11,Male,Jacobside,6.3,9.3,52,5,0.5,2,9,5,0.3,91,11,3.3,1.8,0,Browsing,2,6.7,10
Diana Hernandez,11,Other,Port Jennifershire,4.8,7,77,7,2.3,2,5,5,0.9,32,12,2.4,1.2,0.1,Other,10,6.6,7.9
David Martin,42,Male,East Mary,6,6.6,84,6,0.2,9,10,5,1.9,110,10,2.5,0.1,0.1,Browsing,9,5.9,9.5
Carrie Murphy,2,Female,Lake Heather,4.6,8,80,3,0.9,7,9,6,0.8,23,11,1.6,2.7,1.9,Gaming,3,5.8,7.6
Mary Golden,58,Other,New Melissaberg,5.2,7.5,72,6,0.4,10,10,3,0.6,96,18,2.2,0.4,0,Other,9,5.2,9.6
Pam Roach,49,Female,Kimberg,8.1,6.9,69,10,0,9,9,3,0.1,60,10,1.8,1.8,0.1,Gaming,8,7.7,10
Jacob Ferguson,83,Female,Padillamouth,7.4,8.5,78,4,1.3,10,6,9,0.5,44,20,0,1.5,0.2,Social Media,10,4.9,9.5
Samuel Perry,95,Female,West Tiffany,3.8,7.9,61,5,0,2,6,6,0.6,57,9,3.7,0.7,0.9,Other,7,2.7,7.2
Mary Anderson,69,Male,Lake Nicolechester,5.5,8.5,57,9,1,8,5,7,2.1,100,15,1.7,2,0.3,Social Media,5,6.8,10
Daniel Grant,5,Other,Lake Taramouth,7,5.9,63,2,1.1,5,3,9,1.1,89,9,2.4,1.6,0.9,Education,3,5.9,10
Patricia Mcdonald,53,Other,Rasmussenland,5,9.9,68,5,1.5,2,7,2,0.6,35,6,3.8,0,1.9,Education,10,2.4,5.7
Andrea Howe DVM,80,Other,South Emily,6.8,3.9,64,7,1,2,6,5,0.6,93,10,1.6,1.3,0.8,Browsing,7,4.3,10
Samuel Maldonado,63,Female,New Phillip,3.5,5.6,75,5,0,7,7,9,0.8,143,19,3.3,0.5,0.5,Other,10,7.7,10
Greg Sanders,56,Other,Murillobury,7.5,3.8,62,6,0.9,6,3,3,0.3,45,19,1.9,0.4,0.4,Browsing,8,4.9,10
John Collins,83,Female,Port Ashleyland,5.3,5.6,79,4,1.4,7,3,9,0.6,128,5,3.4,1.5,1.5,Browsing,6,8.6,10
Jessica Clark,63,Male,West Carlachester,4.1,6.1,78,6,2.1,4,1,5,1.7,36,16,3.4,1.8,1,Browsing,10,8.8,10
Emma Jones,48,Other,Kevinton,5.7,7.8,89,10,0,1,4,6,0.5,108,13,3.1,0.9,0.7,Other,2,5.5,10
Tammy Franco,73,Other,New Olivia,5.2,7.1,87,9,0.8,3,8,2,1,79,18,1.9,1.7,1.6,Social Media,8,7.5,10
Tracy Perry,90,Male,Evansmouth,1.4,6.5,55,1,1.1,8,2,8,0.7,133,20,0.8,0,2.3,Education,6,3.8,5.6
Rachel Harris,71,Other,Richardfurt,4.8,5.3,59,1,0,10,9,3,1.4,77,13,1,2.1,0.6,Social Media,9,6.6,9.4
Mr. Jacob Ryan,50,Other,Lake Carrie,5.3,6.4,83,4,0.5,4,1,5,1.1,145,9,2.2,1,1.8,Browsing,7,6.5,10
Kurt Singh,68,Male,Johnsontown,6.2,4.7,96,8,0.8,9,4,5,2,64,6,2.4,0.1,1,Social Media,1,5,8.8
Steven Brown,70,Female,Margaretville,9.3,4.8,73,0,0,1,1,10,1.5,114,8,2.6,2,1.5,Browsing,1,6.3,10
Daniel Klein,31,Other,East Jordan,7.4,6.8,63,1,0,9,8,1,1.7,97,16,5,3,0,Other,6,9.2,10
Jeremiah Miller,35,Other,New Tonystad,5.2,6,56,1,1.2,4,4,3,1.4,127,19,3,1.8,1.6,Social Media,3,4.2,10
Justin Williamson,35,Male,South Roy,5.5,7.1,86,10,1.4,9,6,7,1.3,72,17,4.2,2.7,1.5,Other,3,5.5,10
Robert Gardner,10,Female,Mitchellshire,4.8,6.8,51,2,0.9,7,2,10,1,79,16,2.5,0,2.1,Browsing,1,3.3,8.7
Ashley Johnson,16,Other,Lake Loriland,5.3,9.2,62,4,0.7,8,1,6,1.2,69,9,2.6,0.9,0.8,Browsing,2,7.3,7.4
Trevor Mata,38,Male,New Brittany,2.6,6.1,86,5,1.9,5,7,2,1.5,24,7,3.6,1.8,1.2,Education,2,5.7,6.8
Kevin White,54,Male,Andrewview,2.7,7.5,73,6,1.4,8,4,1,0.9,65,16,3.4,3.3,2.5,Browsing,3,7.3,10
Holly Marquez,78,Male,Lake Michelle,6,6,70,2,1.5,5,9,4,0.9,66,13,2.3,0,1.5,Browsing,2,5.8,9.2
Peggy Brown,54,Other,North Angelstad,3.7,8.3,57,0,2.8,10,2,9,1.3,26,13,3.2,0.1,0.6,Social Media,7,5,6
Kerri Miller,87,Male,Markfurt,10.3,9.8,86,8,0,3,7,2,0.9,68,9,2.9,0.7,0.7,Browsing,5,5.8,10
Andrea Wright,71,Male,North Melissa,2.7,6.8,62,1,1.3,10,1,9,1.5,34,8,0.8,4,1.1,Gaming,2,4.7,6.4
Daniel Glenn,78,Female,South Michael,4.1,7.8,76,7,1.2,4,1,8,1.2,91,14,2.1,0.2,1.3,Gaming,10,2.6,7.1
Kimberly Tanner,81,Male,Lake Sarah,3.5,5.6,58,0,1.7,5,7,9,1.2,109,8,1.7,1.7,1,Other,8,7,7.9
Andrew Gutierrez,40,Male,Smithside,6,5.6,98,3,1.3,9,6,2,0.8,113,7,2.2,0.4,0.3,Browsing,10,7.4,9.5
Allison Fisher,9,Male,Port Jacqueline,3.6,7,100,1,0,4,5,7,0.9,90,13,3.6,1.5,1.4,Gaming,3,7.6,9.6
Misty Patton,96,Female,Crystalborough,5,7.4,60,0,1,10,1,4,0.5,70,15,4.5,1,1,Education,5,3.8,10
Michelle Clark,36,Male,West Maryberg,4.5,8.2,98,10,1.1,8,1,9,1.8,53,19,2.2,2.9,2.2,Gaming,5,6.4,10
Carla Rodgers,38,Female,South Brianland,7.3,6.2,87,8,0.2,1,9,5,0,64,12,3.1,1.1,2.1,Other,5,6.3,10
Christopher Kerr,48,Other,Jonmouth,2.3,4.2,87,10,0.3,3,8,6,1.1,71,12,1.3,2.2,0.4,Social Media,8,6.4,7.5
Manuel Hunt,56,Male,South Christopher,3.6,4.8,88,5,0.7,4,8,2,0.3,21,11,2.9,2.1,0.1,Social Media,4,5.8,8.8
Travis Harris,67,Male,East Mariastad,8.7,7.1,98,7,0.5,1,4,10,1.7,94,16,3.4,1.9,1.3,Social Media,4,7.6,10
Gregory Johnson,24,Other,Lake Amy,4.3,5.5,52,2,0.6,2,1,3,0.7,68,18,2.5,1.3,1.5,Gaming,2,4.8,10
David White,61,Other,Andersonborough,1.4,6.1,62,5,0.4,8,2,1,0.3,77,8,1.4,1.5,1.3,Browsing,2,3,4.4
Luke Hamilton,22,Male,Ericland,5.7,5,62,9,0.4,3,3,1,0.5,58,18,3.9,3.4,1.1,Other,2,5,10
William Shaw,18,Female,East Anthony,7,3.5,94,1,0.4,2,1,1,0.4,87,19,4.4,1.6,0,Gaming,3,5.9,10
Robin Burns,17,Female,Campbellfurt,5.5,9.2,73,10,1.3,2,10,10,2.2,87,6,1.4,1.8,1.2,Gaming,9,7.9,7
Karen Webb,60,Other,New David,2.2,4.2,65,8,0.6,2,5,10,2,42,11,2.9,0.2,2.2,Browsing,1,8.6,6.2
Jesus Miller,82,Female,Ambermouth,6.4,5.9,81,9,1.4,3,6,6,0.4,27,12,2,1.7,1.5,Gaming,3,5.9,10
Miss Emily Jenkins DDS,72,Other,South Theresa,6,7,55,7,0.2,3,6,7,1.1,134,14,2.1,1.1,2,Other,7,5,10
Angela Lyons,15,Male,Howebury,6.4,5.1,50,8,0.5,2,4,9,1,82,15,3.3,0.2,0.8,Education,10,7.5,10
Christine Davenport,6,Other,East Jeffreyburgh,5.1,7.1,93,9,2.3,2,2,8,0.4,25,6,3.8,1.4,1.1,Browsing,6,6.8,8.4
Lauren Ballard,59,Female,East John,2.8,5.6,92,4,1.1,7,10,7,1.1,77,10,3.7,3.4,0.7,Social Media,5,7.1,10
Christina Davila,91,Male,Heatherfurt,6.3,5.7,87,8,2.9,6,1,8,0.2,36,5,2.1,2.3,2,Social Media,8,6.6,9.6
Joseph Watkins,38,Other,Emilystad,3.2,4.3,71,8,2.1,6,6,8,1.3,28,10,4.9,0,0.5,Browsing,1,10,8.5
Sandra Acevedo,49,Other,Robertsville,9,6.9,84,0,0.6,1,2,7,0.6,26,6,1.9,1.1,2.1,Social Media,2,7.4,10
Calvin Larsen,84,Female,Marieland,3.7,9.6,67,2,0.3,10,6,9,1,95,7,1.3,0,1.1,Social Media,8,6.1,3.5
Jesus Yates,38,Female,New Jennifer,3.9,6.4,53,4,0.9,7,10,2,0.3,80,15,2.7,1.8,1,Other,8,9.4,9.8
Bethany Murray,80,Female,Richardport,3.6,7.3,93,5,0,8,8,9,0.9,45,8,3.1,0,0.3,Gaming,9,5.2,5.5
Norman Hughes,21,Other,Rebeccaton,3.2,6.5,98,1,0,4,3,9,0.2,51,13,2.4,0.2,2.4,Social Media,9,5.9,6.2
Barbara Hinton,29,Female,Ramirezmouth,6.7,7.5,67,3,0.2,3,5,9,1.6,125,17,1.7,2.6,1.5,Browsing,4,6.1,10
Curtis Johnson,31,Male,Lake Alexander,3.5,6.9,79,4,2.1,4,5,5,0.6,117,8,0,2.3,0.1,Education,7,5.1,6.3